# WaveFront *.obj file (generated by Autodesk ATF)

mtllib IMU_Plane_Assembly.mtl

g Solid1

v -0.000000 0.377567 -0.000000
v -0.000000 0.377567 0.059055
v 0.629921 0.377567 -0.000000
v 0.629921 0.377567 0.059055
v 0.009843 0.357882 -0.000000
v 0.009843 0.357882 0.059055
v 0.068898 0.357882 -0.000000
v 0.068898 0.357882 0.059055
v 0.541339 0.357882 -0.000000
v 0.541339 0.357882 0.059055
v 0.524850 0.355880 -0.000000
v 0.524850 0.355880 0.059055
v 0.557827 0.355880 -0.000000
v 0.557827 0.355880 0.059055
v 0.509320 0.349991 -0.000000
v 0.509320 0.349991 0.059055
v 0.573357 0.349991 -0.000000
v 0.573357 0.349991 0.059055
v 0.495651 0.340555 -0.000000
v 0.495651 0.340555 0.059055
v 0.587026 0.340555 -0.000000
v 0.587026 0.340555 0.059055
v 0.484637 0.328123 -0.000000
v 0.484637 0.328123 0.059055
v 0.598040 0.328123 -0.000000
v 0.598040 0.328123 0.059055
v 0.476918 0.313416 -0.000000
v 0.476918 0.313416 0.059055
v 0.605759 0.313416 -0.000000
v 0.605759 0.313416 0.059055
v 0.009843 0.298827 -0.000000
v 0.009843 0.298827 0.059055
v 0.068898 0.298827 -0.000000
v 0.068898 0.298827 0.059055
v 0.472943 0.297289 -0.000000
v 0.472943 0.297289 0.059055
v 0.609734 0.297289 -0.000000
v 0.609734 0.297289 0.059055
v 0.472943 0.280680 -0.000000
v 0.472943 0.280680 0.059055
v 0.609734 0.280680 -0.000000
v 0.609734 0.280680 0.059055
v 0.476918 0.264553 -0.000000
v 0.476918 0.264553 0.059055
v 0.605759 0.264553 -0.000000
v 0.605759 0.264553 0.059055
v 0.039370 0.256645 -0.000000
v 0.039370 0.256645 0.059055
v 0.028703 0.254651 -0.000000
v 0.028703 0.254651 0.059055
v 0.050037 0.254651 -0.000000
v 0.050037 0.254651 0.059055
v 0.484637 0.249846 -0.000000
v 0.484637 0.249846 0.059055
v 0.598040 0.249846 -0.000000
v 0.598040 0.249846 0.059055
v 0.019477 0.248939 -0.000000
v 0.019477 0.248939 0.059055
v 0.059263 0.248939 -0.000000
v 0.059263 0.248939 0.059055
v 0.012938 0.240279 -0.000000
v 0.012938 0.240279 0.059055
v 0.065802 0.240279 -0.000000
v 0.065802 0.240279 0.059055
v 0.495651 0.237414 -0.000000
v 0.495651 0.237414 0.059055
v 0.587026 0.237414 -0.000000
v 0.587026 0.237414 0.059055
v 0.009968 0.229842 -0.000000
v 0.009968 0.229842 0.059055
v 0.068772 0.229842 -0.000000
v 0.068772 0.229842 0.059055
v 0.509320 0.227979 -0.000000
v 0.509320 0.227979 0.059055
v 0.573357 0.227979 -0.000000
v 0.573357 0.227979 0.059055
v 0.524850 0.222089 -0.000000
v 0.524850 0.222089 0.059055
v 0.557827 0.222089 -0.000000
v 0.557827 0.222089 0.059055
v 0.541339 0.220087 -0.000000
v 0.541339 0.220087 0.059055
v 0.010970 0.219037 -0.000000
v 0.010970 0.219037 0.059055
v 0.067770 0.219037 -0.000000
v 0.067770 0.219037 0.059055
v 0.015807 0.209323 -0.000000
v 0.015807 0.209323 0.059055
v 0.062934 0.209323 -0.000000
v 0.062934 0.209323 0.059055
v 0.023826 0.202013 -0.000000
v 0.023826 0.202013 0.059055
v 0.054914 0.202013 -0.000000
v 0.054914 0.202013 0.059055
v 0.033944 0.198093 -0.000000
v 0.033944 0.198093 0.059055
v 0.044796 0.198093 -0.000000
v 0.044796 0.198093 0.059055
v 0.039370 0.155408 -0.000000
v 0.039370 0.155408 0.059055
v 0.028703 0.153414 -0.000000
v 0.028703 0.153414 0.059055
v 0.050037 0.153414 -0.000000
v 0.050037 0.153414 0.059055
v 0.019477 0.147701 -0.000000
v 0.019477 0.147701 0.059055
v 0.059263 0.147701 -0.000000
v 0.059263 0.147701 0.059055
v 0.012938 0.139042 -0.000000
v 0.012938 0.139042 0.059055
v 0.065802 0.139042 -0.000000
v 0.065802 0.139042 0.059055
v 0.009968 0.128605 -0.000000
v 0.009968 0.128605 0.059055
v 0.068772 0.128605 -0.000000
v 0.068772 0.128605 0.059055
v 0.010970 0.117800 -0.000000
v 0.010970 0.117800 0.059055
v 0.067770 0.117800 -0.000000
v 0.067770 0.117800 0.059055
v 0.015807 0.108086 -0.000000
v 0.015807 0.108086 0.059055
v 0.062934 0.108086 -0.000000
v 0.062934 0.108086 0.059055
v 0.023826 0.100775 -0.000000
v 0.023826 0.100775 0.059055
v 0.054914 0.100775 -0.000000
v 0.054914 0.100775 0.059055
v 0.033944 0.096855 -0.000000
v 0.033944 0.096855 0.059055
v 0.044796 0.096855 -0.000000
v 0.044796 0.096855 0.059055
v 0.039370 0.054170 -0.000000
v 0.039370 0.054170 0.059055
v 0.028703 0.052176 -0.000000
v 0.028703 0.052176 0.059055
v 0.050037 0.052176 -0.000000
v 0.050037 0.052176 0.059055
v 0.019477 0.046464 -0.000000
v 0.019477 0.046464 0.059055
v 0.059263 0.046464 -0.000000
v 0.059263 0.046464 0.059055
v 0.012938 0.037804 -0.000000
v 0.012938 0.037804 0.059055
v 0.065802 0.037804 -0.000000
v 0.065802 0.037804 0.059055
v 0.009968 0.027367 -0.000000
v 0.009968 0.027367 0.059055
v 0.068772 0.027367 -0.000000
v 0.068772 0.027367 0.059055
v 0.010970 0.016562 -0.000000
v 0.010970 0.016562 0.059055
v 0.067770 0.016562 -0.000000
v 0.067770 0.016562 0.059055
v 0.015807 0.006848 -0.000000
v 0.015807 0.006848 0.059055
v 0.062934 0.006848 -0.000000
v 0.062934 0.006848 0.059055
v 0.023826 -0.000462 -0.000000
v 0.023826 -0.000462 0.059055
v 0.054914 -0.000462 -0.000000
v 0.054914 -0.000462 0.059055
v 0.033944 -0.004382 -0.000000
v 0.033944 -0.004382 0.059055
v 0.044796 -0.004382 -0.000000
v 0.044796 -0.004382 0.059055
v 0.039370 -0.047067 -0.000000
v 0.039370 -0.047067 0.059055
v 0.028703 -0.049061 -0.000000
v 0.028703 -0.049061 0.059055
v 0.050037 -0.049061 -0.000000
v 0.050037 -0.049061 0.059055
v 0.019477 -0.054773 -0.000000
v 0.019477 -0.054773 0.059055
v 0.059263 -0.054773 -0.000000
v 0.059263 -0.054773 0.059055
v 0.012938 -0.063433 -0.000000
v 0.012938 -0.063433 0.059055
v 0.065802 -0.063433 -0.000000
v 0.065802 -0.063433 0.059055
v 0.009968 -0.073870 -0.000000
v 0.009968 -0.073870 0.059055
v 0.068772 -0.073870 -0.000000
v 0.068772 -0.073870 0.059055
v 0.010970 -0.084675 -0.000000
v 0.010970 -0.084675 0.059055
v 0.067770 -0.084675 -0.000000
v 0.067770 -0.084675 0.059055
v 0.015807 -0.094389 -0.000000
v 0.015807 -0.094389 0.059055
v 0.062934 -0.094389 -0.000000
v 0.062934 -0.094389 0.059055
v 0.023826 -0.101699 -0.000000
v 0.023826 -0.101699 0.059055
v 0.054914 -0.101699 -0.000000
v 0.054914 -0.101699 0.059055
v 0.033944 -0.105619 -0.000000
v 0.033944 -0.105619 0.059055
v 0.044796 -0.105619 -0.000000
v 0.044796 -0.105619 0.059055
v 0.039370 -0.148304 -0.000000
v 0.039370 -0.148304 0.059055
v 0.028703 -0.150298 -0.000000
v 0.028703 -0.150298 0.059055
v 0.050037 -0.150298 -0.000000
v 0.050037 -0.150298 0.059055
v 0.019477 -0.156011 -0.000000
v 0.019477 -0.156011 0.059055
v 0.059263 -0.156011 -0.000000
v 0.059263 -0.156011 0.059055
v 0.012938 -0.164670 -0.000000
v 0.012938 -0.164670 0.059055
v 0.065802 -0.164670 -0.000000
v 0.065802 -0.164670 0.059055
v 0.009968 -0.175107 -0.000000
v 0.009968 -0.175107 0.059055
v 0.068772 -0.175107 -0.000000
v 0.068772 -0.175107 0.059055
v 0.010970 -0.185913 -0.000000
v 0.010970 -0.185913 0.059055
v 0.067770 -0.185913 -0.000000
v 0.067770 -0.185913 0.059055
v 0.015807 -0.195626 -0.000000
v 0.015807 -0.195626 0.059055
v 0.062934 -0.195626 -0.000000
v 0.062934 -0.195626 0.059055
v 0.023826 -0.202937 -0.000000
v 0.023826 -0.202937 0.059055
v 0.054914 -0.202937 -0.000000
v 0.054914 -0.202937 0.059055
v 0.033944 -0.206857 -0.000000
v 0.033944 -0.206857 0.059055
v 0.044796 -0.206857 -0.000000
v 0.044796 -0.206857 0.059055
v 0.039370 -0.249542 -0.000000
v 0.039370 -0.249542 0.059055
v 0.028703 -0.251536 -0.000000
v 0.028703 -0.251536 0.059055
v 0.050037 -0.251536 -0.000000
v 0.050037 -0.251536 0.059055
v 0.019477 -0.257248 -0.000000
v 0.019477 -0.257248 0.059055
v 0.059263 -0.257248 -0.000000
v 0.059263 -0.257248 0.059055
v 0.012938 -0.265908 -0.000000
v 0.012938 -0.265908 0.059055
v 0.065802 -0.265908 -0.000000
v 0.065802 -0.265908 0.059055
v 0.541339 -0.272039 -0.000000
v 0.541339 -0.272039 0.059055
v 0.524850 -0.274041 -0.000000
v 0.524850 -0.274041 0.059055
v 0.557827 -0.274041 -0.000000
v 0.557827 -0.274041 0.059055
v 0.009968 -0.276345 -0.000000
v 0.009968 -0.276345 0.059055
v 0.068772 -0.276345 -0.000000
v 0.068772 -0.276345 0.059055
v 0.509320 -0.279931 -0.000000
v 0.509320 -0.279931 0.059055
v 0.573357 -0.279931 -0.000000
v 0.573357 -0.279931 0.059055
v 0.452756 -0.281881 0.039370
v 0.452756 -0.281881 0.059055
v 0.476378 -0.281881 0.039370
v 0.476378 -0.281881 0.059055
v 0.010970 -0.287150 -0.000000
v 0.010970 -0.287150 0.059055
v 0.067770 -0.287150 -0.000000
v 0.067770 -0.287150 0.059055
v 0.446850 -0.287787 0.039370
v 0.446850 -0.287787 0.059055
v 0.482283 -0.287787 0.039370
v 0.482283 -0.287787 0.059055
v 0.495651 -0.289366 -0.000000
v 0.495651 -0.289366 0.059055
v 0.587026 -0.289366 -0.000000
v 0.587026 -0.289366 0.059055
v 0.464567 -0.293692 0.039370
v 0.464567 -0.293692 0.059055
v 0.015807 -0.296864 -0.000000
v 0.015807 -0.296864 0.059055
v 0.062934 -0.296864 -0.000000
v 0.062934 -0.296864 0.059055
v 0.425281 -0.301566 0.039370
v 0.425281 -0.301566 0.059055
v 0.433025 -0.301566 0.039370
v 0.433025 -0.301566 0.059055
v 0.460630 -0.301566 0.039370
v 0.460630 -0.301566 0.059055
v 0.468504 -0.301566 0.039370
v 0.468504 -0.301566 0.059055
v 0.484637 -0.301798 -0.000000
v 0.484637 -0.301798 0.059055
v 0.598040 -0.301798 -0.000000
v 0.598040 -0.301798 0.059055
v 0.023826 -0.304174 -0.000000
v 0.023826 -0.304174 0.059055
v 0.054914 -0.304174 -0.000000
v 0.054914 -0.304174 0.059055
v 0.033944 -0.308094 -0.000000
v 0.033944 -0.308094 0.059055
v 0.044796 -0.308094 -0.000000
v 0.044796 -0.308094 0.059055
v 0.433071 -0.312748 0.039370
v 0.433071 -0.312748 0.059055
v 0.425197 -0.312787 0.039370
v 0.425197 -0.312787 0.059055
v 0.476918 -0.316505 -0.000000
v 0.476918 -0.316505 0.059055
v 0.605759 -0.316505 -0.000000
v 0.605759 -0.316505 0.059055
v 0.460630 -0.317314 0.039370
v 0.460630 -0.317314 0.059055
v 0.468504 -0.317314 0.039370
v 0.468504 -0.317314 0.059055
v 0.405813 -0.321035 0.039370
v 0.405813 -0.321035 0.059055
v 0.452519 -0.321060 0.039370
v 0.452519 -0.321060 0.059055
v 0.411381 -0.326603 0.039370
v 0.411381 -0.326603 0.059055
v 0.446951 -0.326628 0.039370
v 0.446951 -0.326628 0.059055
v 0.472943 -0.332632 -0.000000
v 0.472943 -0.332632 0.059055
v 0.609734 -0.332632 -0.000000
v 0.609734 -0.332632 0.059055
v 0.328261 -0.333866 0.039370
v 0.328261 -0.333866 0.059055
v 0.334532 -0.338647 0.039370
v 0.334532 -0.338647 0.059055
v 0.442653 -0.344635 0.039370
v 0.442653 -0.344635 0.059055
v 0.321146 -0.345407 0.039370
v 0.321146 -0.345407 0.059055
v 0.328301 -0.348725 0.039370
v 0.328301 -0.348725 0.059055
v 0.466956 -0.348920 0.039370
v 0.466956 -0.348920 0.059055
v 0.472943 -0.349241 -0.000000
v 0.472943 -0.349241 0.059055
v 0.609734 -0.349241 -0.000000
v 0.609734 -0.349241 0.059055
v 0.392332 -0.349859 0.039370
v 0.392332 -0.349859 0.059055
v 0.039370 -0.350779 -0.000000
v 0.039370 -0.350779 0.059055
v 0.363356 -0.352128 0.039370
v 0.363356 -0.352128 0.059055
v 0.441286 -0.352389 0.039370
v 0.441286 -0.352389 0.059055
v 0.028703 -0.352773 -0.000000
v 0.028703 -0.352773 0.059055
v 0.050037 -0.352773 -0.000000
v 0.050037 -0.352773 0.059055
v 0.457536 -0.355254 0.039370
v 0.457536 -0.355254 0.059055
v 0.471127 -0.355845 0.039370
v 0.471127 -0.355845 0.059055
v 0.402410 -0.356090 0.039370
v 0.402410 -0.356090 0.059055
v 0.387551 -0.356130 0.039370
v 0.387551 -0.356130 0.059055
v 0.357788 -0.357696 0.039370
v 0.357788 -0.357696 0.059055
v 0.316440 -0.358121 0.039370
v 0.316440 -0.358121 0.059055
v 0.019477 -0.358485 -0.000000
v 0.019477 -0.358485 0.059055
v 0.059263 -0.358485 -0.000000
v 0.059263 -0.358485 0.059055
v 0.449733 -0.358702 0.039370
v 0.449733 -0.358702 0.059055
v 0.324146 -0.359821 0.039370
v 0.324146 -0.359821 0.059055
v 0.413506 -0.360245 0.039370
v 0.413506 -0.360245 0.059055
v 0.441524 -0.361022 0.039370
v 0.441524 -0.361022 0.059055
v 0.425197 -0.362166 0.039370
v 0.425197 -0.362166 0.059055
v 0.433071 -0.362169 0.039370
v 0.433071 -0.362169 0.059055
v 0.461272 -0.362199 0.039370
v 0.461272 -0.362199 0.059055
v 0.399091 -0.363245 0.039370
v 0.399091 -0.363245 0.059055
v 0.476918 -0.365368 -0.000000
v 0.476918 -0.365368 0.059055
v 0.605759 -0.365368 -0.000000
v 0.605759 -0.365368 0.059055
v 0.452281 -0.366165 0.039370
v 0.452281 -0.366165 0.059055
v 0.012938 -0.367145 -0.000000
v 0.012938 -0.367145 0.059055
v 0.065802 -0.367145 -0.000000
v 0.065802 -0.367145 0.059055
v 0.411806 -0.367952 0.039370
v 0.411806 -0.367952 0.059055
v 0.442816 -0.368807 0.039370
v 0.442816 -0.368807 0.059055
v 0.425197 -0.370067 0.039370
v 0.425197 -0.370067 0.059055
v 0.433071 -0.370069 0.039370
v 0.433071 -0.370069 0.059055
v 0.272589 -0.371512 0.039370
v 0.272589 -0.371512 0.059055
v 0.314325 -0.371512 0.039370
v 0.314325 -0.371512 0.059055
v 0.322225 -0.371512 0.039370
v 0.322225 -0.371512 0.059055
v 0.371605 -0.371512 0.039370
v 0.371605 -0.371512 0.059055
v 0.382825 -0.371597 0.039370
v 0.382825 -0.371597 0.059055
v 0.009968 -0.377582 -0.000000
v 0.009968 -0.377582 0.059055
v 0.068772 -0.377582 -0.000000
v 0.068772 -0.377582 0.059055
v 0.382825 -0.379340 0.039370
v 0.382825 -0.379340 0.059055
v 0.272589 -0.379386 0.039370
v 0.272589 -0.379386 0.059055
v 0.314322 -0.379386 0.039370
v 0.314322 -0.379386 0.059055
v 0.322222 -0.379386 0.039370
v 0.322222 -0.379386 0.059055
v 0.371643 -0.379386 0.039370
v 0.371643 -0.379386 0.059055
v 0.456637 -0.379499 0.039370
v 0.456637 -0.379499 0.059055
v 0.484637 -0.380075 -0.000000
v 0.484637 -0.380075 0.059055
v 0.598040 -0.380075 -0.000000
v 0.598040 -0.380075 0.059055
v 0.464243 -0.381537 0.039370
v 0.464243 -0.381537 0.059055
v 0.332002 -0.387601 0.039370
v 0.332002 -0.387601 0.059055
v 0.323369 -0.387839 0.039370
v 0.323369 -0.387839 0.059055
v 0.010970 -0.388387 -0.000000
v 0.010970 -0.388387 0.059055
v 0.067770 -0.388387 -0.000000
v 0.067770 -0.388387 0.059055
v 0.339757 -0.388969 0.039370
v 0.339757 -0.388969 0.059055
v 0.377571 -0.388968 0.039370
v 0.377571 -0.388968 0.059055
v 0.401193 -0.388968 0.039370
v 0.401193 -0.388968 0.059055
v 0.315584 -0.389132 0.039370
v 0.315584 -0.389132 0.059055
v 0.495651 -0.392507 -0.000000
v 0.495651 -0.392507 0.059055
v 0.587026 -0.392507 -0.000000
v 0.587026 -0.392507 0.059055
v 0.357764 -0.393266 0.039370
v 0.357764 -0.393266 0.059055
v 0.371665 -0.394873 0.039370
v 0.371665 -0.394873 0.059055
v 0.407098 -0.394873 0.039370
v 0.407098 -0.394873 0.059055
v 0.325689 -0.396049 0.039370
v 0.325689 -0.396049 0.059055
v 0.015807 -0.398101 -0.000000
v 0.015807 -0.398101 0.059055
v 0.062934 -0.398101 -0.000000
v 0.062934 -0.398101 0.059055
v 0.318226 -0.398597 0.039370
v 0.318226 -0.398597 0.059055
v 0.363331 -0.398834 0.039370
v 0.363331 -0.398834 0.059055
v 0.389382 -0.400779 0.039370
v 0.389382 -0.400779 0.059055
v 0.509320 -0.401942 -0.000000
v 0.509320 -0.401942 0.059055
v 0.573357 -0.401942 -0.000000
v 0.573357 -0.401942 0.059055
v 0.304893 -0.402952 0.039370
v 0.304893 -0.402952 0.059055
v 0.329137 -0.403852 0.039370
v 0.329137 -0.403852 0.059055
v 0.023826 -0.405411 -0.000000
v 0.023826 -0.405411 0.059055
v 0.054914 -0.405411 -0.000000
v 0.054914 -0.405411 0.059055
v 0.383476 -0.406684 0.039370
v 0.383476 -0.406684 0.059055
v 0.395287 -0.406684 0.039370
v 0.395287 -0.406684 0.059055
v 0.322192 -0.407588 0.039370
v 0.322192 -0.407588 0.059055
v 0.524850 -0.407832 -0.000000
v 0.524850 -0.407832 0.059055
v 0.557827 -0.407832 -0.000000
v 0.557827 -0.407832 0.059055
v 0.033944 -0.409331 -0.000000
v 0.033944 -0.409331 0.059055
v 0.044796 -0.409331 -0.000000
v 0.044796 -0.409331 0.059055
v 0.541339 -0.409834 -0.000000
v 0.541339 -0.409834 0.059055
v 0.302855 -0.410558 0.039370
v 0.302855 -0.410558 0.059055
v 0.425197 -0.411803 0.039370
v 0.425197 -0.411803 0.059055
v 0.433071 -0.411803 0.039370
v 0.433071 -0.411803 0.059055
v 0.389382 -0.412590 0.039370
v 0.389382 -0.412590 0.059055
v 0.335471 -0.413271 0.039370
v 0.335471 -0.413271 0.059055
v 0.328546 -0.417442 0.039370
v 0.328546 -0.417442 0.059055
v 0.371665 -0.418495 0.039370
v 0.371665 -0.418495 0.059055
v 0.407098 -0.418495 0.039370
v 0.407098 -0.418495 0.059055
v 0.377571 -0.424401 0.039370
v 0.377571 -0.424401 0.059055
v 0.401193 -0.424401 0.039370
v 0.401193 -0.424401 0.059055
v -0.000000 -0.429519 -0.000000
v -0.000000 -0.429519 0.059055
v 0.629921 -0.429519 -0.000000
v 0.629921 -0.429519 0.059055
vt -0.042426 0.000000 0.000000
vt -0.000000 0.000000 0.000000
vt -0.000000 0.050000 0.000000
vt -0.042426 0.050000 0.000000
vt -0.042426 0.000000 0.000000
vt -0.000000 0.000000 0.000000
vt -0.000000 0.050000 0.000000
vt -0.042426 0.050000 0.000000
vt -0.021213 0.000000 0.000000
vt -0.000000 0.000000 0.000000
vt -0.000000 0.050000 0.000000
vt -0.021213 0.050000 0.000000
vt -0.042426 0.000000 0.000000
vt -0.000000 0.000000 0.000000
vt -0.000000 0.050000 0.000000
vt -0.042426 0.050000 0.000000
vt -0.042426 0.000000 0.000000
vt -0.000000 0.000000 0.000000
vt -0.000000 0.050000 0.000000
vt -0.042426 0.050000 0.000000
vt -0.021213 0.000000 0.000000
vt -0.000000 0.000000 0.000000
vt -0.000000 0.050000 0.000000
vt -0.021213 0.050000 0.000000
vt -0.042426 0.000000 0.000000
vt -0.000000 0.000000 0.000000
vt -0.000000 0.050000 0.000000
vt -0.042426 0.050000 0.000000
vt -0.042426 0.000000 0.000000
vt -0.000000 0.000000 0.000000
vt -0.000000 0.050000 0.000000
vt -0.042426 0.050000 0.000000
vt -0.021213 0.000000 0.000000
vt -0.000000 0.000000 0.000000
vt -0.000000 0.050000 0.000000
vt -0.021213 0.050000 0.000000
vt -0.042426 0.000000 0.000000
vt -0.000000 0.000000 0.000000
vt -0.000000 0.050000 0.000000
vt -0.042426 0.050000 0.000000
vt -0.042426 0.000000 0.000000
vt -0.000000 0.000000 0.000000
vt -0.000000 0.050000 0.000000
vt -0.042426 0.050000 0.000000
vt -0.021213 0.000000 0.000000
vt -0.000000 0.000000 0.000000
vt -0.000000 0.050000 0.000000
vt -0.021213 0.050000 0.000000
vt 0.045000 0.030000 0.000000
vt 0.030000 0.045000 0.000000
vt -0.000000 0.015000 0.000000
vt -0.030000 0.045000 0.000000
vt -0.045000 0.030000 0.000000
vt -0.015000 0.000000 0.000000
vt -0.045000 -0.030000 0.000000
vt -0.030000 -0.045000 0.000000
vt -0.000000 -0.015000 0.000000
vt 0.030000 -0.045000 0.000000
vt 0.045000 -0.030000 0.000000
vt 0.015000 0.000000 0.000000
vt 0.000000 0.000000 0.000000
vt 0.000000 -0.034492 0.000000
vt 0.000000 -0.068984 0.000000
vt 0.000000 -0.103476 0.000000
vt 0.050000 -0.103476 0.000000
vt 0.050000 -0.068984 0.000000
vt 0.050000 -0.034492 0.000000
vt 0.050000 0.000000 0.000000
vt -0.106009 0.000000 0.000000
vt -0.000000 0.000000 0.000000
vt -0.000000 0.050000 0.000000
vt -0.106009 0.050000 0.000000
vt -0.020000 0.000000 0.000000
vt -0.000000 0.000000 0.000000
vt -0.000000 0.050000 0.000000
vt -0.020000 0.050000 0.000000
vt -0.106004 0.000000 0.000000
vt -0.000000 0.000000 0.000000
vt -0.000000 0.050000 0.000000
vt -0.106004 0.050000 0.000000
vt 0.000000 0.000000 0.000000
vt 0.000000 -0.024982 0.000000
vt 0.000000 -0.049963 0.000000
vt 0.000000 -0.074945 0.000000
vt 0.050000 -0.074945 0.000000
vt 0.050000 -0.049963 0.000000
vt 0.050000 -0.024982 0.000000
vt 0.050000 0.000000 0.000000
vt -0.045491 0.000000 0.000000
vt -0.000000 0.000000 0.000000
vt -0.000000 0.050000 0.000000
vt -0.045491 0.050000 0.000000
vt -0.020000 0.000000 0.000000
vt -0.000000 0.000000 0.000000
vt -0.000000 0.050000 0.000000
vt -0.020000 0.050000 0.000000
vt -0.067558 0.000000 0.000000
vt -0.000000 0.000000 0.000000
vt -0.000000 0.050000 0.000000
vt -0.067558 0.050000 0.000000
vt -0.020534 0.000000 0.000000
vt -0.000000 0.000000 0.000000
vt -0.000000 0.050000 0.000000
vt -0.020534 0.050000 0.000000
vt -0.062681 0.000000 0.000000
vt -0.000000 0.000000 0.000000
vt -0.000000 0.050000 0.000000
vt -0.062681 0.050000 0.000000
vt -0.020000 0.000000 0.000000
vt -0.000000 0.000000 0.000000
vt -0.000000 0.050000 0.000000
vt -0.020000 0.050000 0.000000
vt -0.041913 0.000000 0.000000
vt -0.000000 0.000000 0.000000
vt -0.000000 0.050000 0.000000
vt -0.041913 0.050000 0.000000
vt -0.000000 -0.065057 0.000000
vt -0.000000 -0.043372 0.000000
vt -0.000000 -0.021686 0.000000
vt -0.000000 0.000000 0.000000
vt -0.050000 0.000000 0.000000
vt -0.050000 -0.021686 0.000000
vt -0.050000 -0.043372 0.000000
vt -0.050000 -0.065057 0.000000
vt -0.125530 0.000000 0.000000
vt -0.000000 0.000000 0.000000
vt -0.000000 0.050000 0.000000
vt -0.125530 0.050000 0.000000
vt -0.049858 0.000000 0.000000
vt -0.000000 0.000000 0.000000
vt -0.000000 0.050000 0.000000
vt -0.049858 0.050000 0.000000
vt -0.020000 0.000000 0.000000
vt -0.000000 0.000000 0.000000
vt -0.000000 0.050000 0.000000
vt -0.020000 0.050000 0.000000
vt -0.070023 0.000000 0.000000
vt -0.000000 0.000000 0.000000
vt -0.000000 0.050000 0.000000
vt -0.070023 0.050000 0.000000
vt -0.019669 0.000000 0.000000
vt -0.000000 0.000000 0.000000
vt -0.000000 0.050000 0.000000
vt -0.019669 0.050000 0.000000
vt -0.069933 0.000000 0.000000
vt -0.000000 0.000000 0.000000
vt -0.000000 0.050000 0.000000
vt -0.069933 0.050000 0.000000
vt -0.020000 0.000000 0.000000
vt -0.000000 0.000000 0.000000
vt -0.000000 0.050000 0.000000
vt -0.020000 0.050000 0.000000
vt -0.049630 0.000000 0.000000
vt -0.000000 0.000000 0.000000
vt -0.000000 0.050000 0.000000
vt -0.049630 0.050000 0.000000
vt -0.125425 0.000000 0.000000
vt -0.000000 0.000000 0.000000
vt -0.000000 0.050000 0.000000
vt -0.125425 0.050000 0.000000
vt -0.000000 -0.090427 0.000000
vt -0.000000 -0.060285 0.000000
vt -0.000000 -0.030142 0.000000
vt -0.000000 0.000000 0.000000
vt -0.050000 0.000000 0.000000
vt -0.050000 -0.030142 0.000000
vt -0.050000 -0.060285 0.000000
vt -0.050000 -0.090427 0.000000
vt -0.020029 0.000000 0.000000
vt -0.000000 0.000000 0.000000
vt -0.000000 0.050000 0.000000
vt -0.020029 0.050000 0.000000
vt -0.017336 -0.093997 0.000000
vt -0.001408 -0.106141 0.000000
vt 0.016663 -0.076828 0.000000
vt 0.028618 -0.044535 0.000000
vt 0.033991 -0.010520 0.000000
vt 0.140000 -0.010520 0.000000
vt 0.140000 0.009480 0.000000
vt 0.033996 0.009480 0.000000
vt 0.030790 0.034233 0.000000
vt 0.024081 0.058274 0.000000
vt 0.014007 0.081111 0.000000
vt 0.057948 0.069337 0.000000
vt 0.063124 0.088656 0.000000
vt -0.002132 0.106141 0.000000
vt -0.019722 0.095547 0.000000
vt -0.030607 0.033819 0.000000
vt -0.010910 0.030346 0.000000
vt -0.003632 0.071622 0.000000
vt 0.005124 0.051802 0.000000
vt 0.011017 0.030951 0.000000
vt 0.013930 0.009480 0.000000
vt -0.111599 0.009480 0.000000
vt -0.076344 0.044734 0.000000
vt -0.090487 0.058877 0.000000
vt -0.140000 0.009363 0.000000
vt -0.140000 -0.010306 0.000000
vt -0.090550 -0.059756 0.000000
vt -0.076408 -0.045614 0.000000
vt -0.111501 -0.010520 0.000000
vt 0.013924 -0.010520 0.000000
vt 0.009043 -0.040216 0.000000
vt -0.001511 -0.068399 0.000000
vt -0.106009 0.000000 0.000000
vt -0.000000 0.000000 0.000000
vt -0.000000 0.050000 0.000000
vt -0.106009 0.050000 0.000000
vt -0.020000 0.000000 0.000000
vt -0.000000 0.000000 0.000000
vt -0.000000 0.050000 0.000000
vt -0.020000 0.050000 0.000000
vt -0.106004 0.000000 0.000000
vt -0.000000 0.000000 0.000000
vt -0.000000 0.050000 0.000000
vt -0.106004 0.050000 0.000000
vt 0.000000 0.000000 0.000000
vt 0.000000 -0.024982 0.000000
vt 0.000000 -0.049963 0.000000
vt 0.000000 -0.074945 0.000000
vt 0.050000 -0.074945 0.000000
vt 0.050000 -0.049963 0.000000
vt 0.050000 -0.024982 0.000000
vt 0.050000 0.000000 0.000000
vt -0.045491 0.000000 0.000000
vt -0.000000 0.000000 0.000000
vt -0.000000 0.050000 0.000000
vt -0.045491 0.050000 0.000000
vt -0.020000 0.000000 0.000000
vt -0.000000 0.000000 0.000000
vt -0.000000 0.050000 0.000000
vt -0.020000 0.050000 0.000000
vt -0.067558 0.000000 0.000000
vt -0.000000 0.000000 0.000000
vt -0.000000 0.050000 0.000000
vt -0.067558 0.050000 0.000000
vt -0.020534 0.000000 0.000000
vt -0.000000 0.000000 0.000000
vt -0.000000 0.050000 0.000000
vt -0.020534 0.050000 0.000000
vt -0.062681 0.000000 0.000000
vt -0.000000 0.000000 0.000000
vt -0.000000 0.050000 0.000000
vt -0.062681 0.050000 0.000000
vt -0.020000 0.000000 0.000000
vt -0.000000 0.000000 0.000000
vt -0.000000 0.050000 0.000000
vt -0.020000 0.050000 0.000000
vt -0.041913 0.000000 0.000000
vt -0.000000 0.000000 0.000000
vt -0.000000 0.050000 0.000000
vt -0.041913 0.050000 0.000000
vt -0.000000 -0.065057 0.000000
vt -0.000000 -0.043372 0.000000
vt -0.000000 -0.021686 0.000000
vt -0.000000 0.000000 0.000000
vt -0.050000 0.000000 0.000000
vt -0.050000 -0.021686 0.000000
vt -0.050000 -0.043372 0.000000
vt -0.050000 -0.065057 0.000000
vt -0.125530 0.000000 0.000000
vt -0.000000 0.000000 0.000000
vt -0.000000 0.050000 0.000000
vt -0.125530 0.050000 0.000000
vt -0.049858 0.000000 0.000000
vt -0.000000 0.000000 0.000000
vt -0.000000 0.050000 0.000000
vt -0.049858 0.050000 0.000000
vt -0.020000 0.000000 0.000000
vt -0.000000 0.000000 0.000000
vt -0.000000 0.050000 0.000000
vt -0.020000 0.050000 0.000000
vt -0.070023 0.000000 0.000000
vt -0.000000 0.000000 0.000000
vt -0.000000 0.050000 0.000000
vt -0.070023 0.050000 0.000000
vt -0.019669 0.000000 0.000000
vt -0.000000 0.000000 0.000000
vt -0.000000 0.050000 0.000000
vt -0.019669 0.050000 0.000000
vt -0.069933 0.000000 0.000000
vt -0.000000 0.000000 0.000000
vt -0.000000 0.050000 0.000000
vt -0.069933 0.050000 0.000000
vt -0.020000 0.000000 0.000000
vt -0.000000 0.000000 0.000000
vt -0.000000 0.050000 0.000000
vt -0.020000 0.050000 0.000000
vt -0.049630 0.000000 0.000000
vt -0.000000 0.000000 0.000000
vt -0.000000 0.050000 0.000000
vt -0.049630 0.050000 0.000000
vt -0.125425 0.000000 0.000000
vt -0.000000 0.000000 0.000000
vt -0.000000 0.050000 0.000000
vt -0.125425 0.050000 0.000000
vt -0.000000 -0.090427 0.000000
vt -0.000000 -0.060285 0.000000
vt -0.000000 -0.030142 0.000000
vt -0.000000 0.000000 0.000000
vt -0.050000 0.000000 0.000000
vt -0.050000 -0.030142 0.000000
vt -0.050000 -0.060285 0.000000
vt -0.050000 -0.090427 0.000000
vt -0.020029 0.000000 0.000000
vt -0.000000 0.000000 0.000000
vt -0.000000 0.050000 0.000000
vt -0.020029 0.050000 0.000000
vt 0.000000 0.000000 0.000000
vt 0.000000 -0.034492 0.000000
vt 0.000000 -0.068984 0.000000
vt 0.000000 -0.103476 0.000000
vt 0.050000 -0.103476 0.000000
vt 0.050000 -0.068984 0.000000
vt 0.050000 -0.034492 0.000000
vt 0.050000 0.000000 0.000000
vt -0.106141 0.001408 0.000000
vt -0.076828 -0.016663 0.000000
vt -0.044535 -0.028618 0.000000
vt -0.010520 -0.033991 0.000000
vt -0.010520 -0.140000 0.000000
vt 0.009480 -0.140000 0.000000
vt 0.009480 -0.033996 0.000000
vt 0.034233 -0.030790 0.000000
vt 0.058274 -0.024081 0.000000
vt 0.081111 -0.014007 0.000000
vt 0.069337 -0.057948 0.000000
vt 0.088656 -0.063124 0.000000
vt 0.106141 0.002132 0.000000
vt 0.095547 0.019722 0.000000
vt 0.033819 0.030607 0.000000
vt 0.030346 0.010910 0.000000
vt 0.071622 0.003632 0.000000
vt 0.051802 -0.005124 0.000000
vt 0.030951 -0.011017 0.000000
vt 0.009480 -0.013930 0.000000
vt 0.009480 0.111599 0.000000
vt 0.044734 0.076344 0.000000
vt 0.058877 0.090487 0.000000
vt 0.009363 0.140000 0.000000
vt -0.010306 0.140000 0.000000
vt -0.059756 0.090550 0.000000
vt -0.045614 0.076408 0.000000
vt -0.010520 0.111501 0.000000
vt -0.010520 -0.013924 0.000000
vt -0.040216 -0.009043 0.000000
vt -0.068399 0.001511 0.000000
vt -0.093997 0.017336 0.000000
vt -0.049497 0.000000 0.000000
vt -0.000000 0.000000 0.000000
vt -0.000000 0.050000 0.000000
vt -0.049497 0.050000 0.000000
vt -0.040000 0.000000 0.000000
vt -0.000000 0.000000 0.000000
vt -0.000000 0.050000 0.000000
vt -0.040000 0.050000 0.000000
vt -0.020000 0.000000 0.000000
vt -0.000000 0.000000 0.000000
vt -0.000000 0.050000 0.000000
vt -0.020000 0.050000 0.000000
vt -0.040000 0.000000 0.000000
vt -0.000000 0.000000 0.000000
vt -0.000000 0.050000 0.000000
vt -0.040000 0.050000 0.000000
vt -0.049497 0.000000 0.000000
vt -0.000000 0.000000 0.000000
vt -0.000000 0.050000 0.000000
vt -0.049497 0.050000 0.000000
vt -0.021213 0.000000 0.000000
vt -0.000000 0.000000 0.000000
vt -0.000000 0.050000 0.000000
vt -0.021213 0.050000 0.000000
vt -0.042426 0.000000 0.000000
vt -0.000000 0.000000 0.000000
vt -0.000000 0.050000 0.000000
vt -0.042426 0.050000 0.000000
vt -0.042426 0.000000 0.000000
vt -0.000000 0.000000 0.000000
vt -0.000000 0.050000 0.000000
vt -0.042426 0.050000 0.000000
vt -0.021213 0.000000 0.000000
vt -0.000000 0.000000 0.000000
vt -0.000000 0.050000 0.000000
vt -0.021213 0.050000 0.000000
vt -0.045000 -0.030000 0.000000
vt -0.030000 -0.045000 0.000000
vt 0.005000 -0.010000 0.000000
vt 0.045000 -0.010000 0.000000
vt 0.045000 0.010000 0.000000
vt 0.005000 0.010000 0.000000
vt -0.030000 0.045000 0.000000
vt -0.045000 0.030000 0.000000
vt -0.015000 0.000000 0.000000
vt 0.150000 -0.235619 0.000000
vt 0.150000 -0.207900 0.000000
vt 0.150000 -0.180180 0.000000
vt 0.150000 -0.152460 0.000000
vt 0.150000 -0.124740 0.000000
vt 0.150000 -0.097020 0.000000
vt 0.150000 -0.069300 0.000000
vt 0.150000 -0.041580 0.000000
vt 0.150000 -0.013860 0.000000
vt 0.150000 0.013860 0.000000
vt 0.150000 0.041580 0.000000
vt 0.150000 0.069300 0.000000
vt 0.150000 0.097020 0.000000
vt 0.150000 0.124740 0.000000
vt 0.150000 0.152460 0.000000
vt 0.150000 0.180180 0.000000
vt 0.150000 0.207900 0.000000
vt 0.000000 0.235619 0.000000
vt 0.000000 0.207900 0.000000
vt 0.000000 0.180180 0.000000
vt 0.000000 0.152460 0.000000
vt 0.000000 0.124740 0.000000
vt 0.000000 0.097020 0.000000
vt 0.000000 0.069300 0.000000
vt 0.000000 0.041580 0.000000
vt 0.000000 0.013860 0.000000
vt 0.000000 -0.013860 0.000000
vt 0.000000 -0.041580 0.000000
vt 0.000000 -0.069300 0.000000
vt 0.000000 -0.097020 0.000000
vt 0.000000 -0.124740 0.000000
vt 0.000000 -0.152460 0.000000
vt 0.000000 -0.180180 0.000000
vt 0.000000 -0.207900 0.000000
vt 0.000000 -0.235619 0.000000
vt 0.150000 0.235619 0.000000
vt 0.150000 -0.235619 0.000000
vt 0.150000 -0.207900 0.000000
vt 0.150000 -0.180180 0.000000
vt 0.150000 -0.152460 0.000000
vt 0.150000 -0.124740 0.000000
vt 0.150000 -0.097020 0.000000
vt 0.150000 -0.069300 0.000000
vt 0.150000 -0.041580 0.000000
vt 0.150000 -0.013860 0.000000
vt 0.150000 0.013860 0.000000
vt 0.150000 0.041580 0.000000
vt 0.150000 0.069300 0.000000
vt 0.150000 0.097020 0.000000
vt 0.150000 0.124740 0.000000
vt 0.150000 0.152460 0.000000
vt 0.150000 0.180180 0.000000
vt 0.150000 0.207900 0.000000
vt 0.000000 0.235619 0.000000
vt 0.000000 0.207900 0.000000
vt 0.000000 0.180180 0.000000
vt 0.000000 0.152460 0.000000
vt 0.000000 0.124740 0.000000
vt 0.000000 0.097020 0.000000
vt 0.000000 0.069300 0.000000
vt 0.000000 0.041580 0.000000
vt 0.000000 0.013860 0.000000
vt 0.000000 -0.013860 0.000000
vt 0.000000 -0.041580 0.000000
vt 0.000000 -0.069300 0.000000
vt 0.000000 -0.097020 0.000000
vt 0.000000 -0.124740 0.000000
vt 0.000000 -0.152460 0.000000
vt 0.000000 -0.180180 0.000000
vt 0.000000 -0.207900 0.000000
vt 0.000000 -0.235619 0.000000
vt 0.150000 0.235619 0.000000
vt -0.000000 0.150000 0.000000
vt -0.150000 0.150000 0.000000
vt -0.150000 0.000000 0.000000
vt -0.000000 0.000000 0.000000
vt -0.000000 0.150000 0.000000
vt -0.150000 0.150000 0.000000
vt -0.150000 0.000000 0.000000
vt -0.000000 0.000000 0.000000
vt -0.000000 0.150000 0.000000
vt -0.150000 0.150000 0.000000
vt -0.150000 0.000000 0.000000
vt -0.000000 0.000000 0.000000
vt -0.000000 0.150000 0.000000
vt -0.150000 0.150000 0.000000
vt -0.150000 0.000000 0.000000
vt -0.000000 0.000000 0.000000
vt 0.150000 -0.235619 0.000000
vt 0.150000 -0.207900 0.000000
vt 0.150000 -0.180180 0.000000
vt 0.150000 -0.152460 0.000000
vt 0.150000 -0.124740 0.000000
vt 0.150000 -0.097020 0.000000
vt 0.150000 -0.069300 0.000000
vt 0.150000 -0.041580 0.000000
vt 0.150000 -0.013860 0.000000
vt 0.150000 0.013860 0.000000
vt 0.150000 0.041580 0.000000
vt 0.150000 0.069300 0.000000
vt 0.150000 0.097020 0.000000
vt 0.150000 0.124740 0.000000
vt 0.150000 0.152460 0.000000
vt 0.150000 0.180180 0.000000
vt 0.150000 0.207900 0.000000
vt 0.000000 0.235619 0.000000
vt 0.000000 0.207900 0.000000
vt 0.000000 0.180180 0.000000
vt 0.000000 0.152460 0.000000
vt 0.000000 0.124740 0.000000
vt 0.000000 0.097020 0.000000
vt 0.000000 0.069300 0.000000
vt 0.000000 0.041580 0.000000
vt 0.000000 0.013860 0.000000
vt 0.000000 -0.013860 0.000000
vt 0.000000 -0.041580 0.000000
vt 0.000000 -0.069300 0.000000
vt 0.000000 -0.097020 0.000000
vt 0.000000 -0.124740 0.000000
vt 0.000000 -0.152460 0.000000
vt 0.000000 -0.180180 0.000000
vt 0.000000 -0.207900 0.000000
vt 0.000000 -0.235619 0.000000
vt 0.150000 0.235619 0.000000
vt 0.150000 -0.549779 0.000000
vt 0.150000 -0.507488 0.000000
vt 0.150000 -0.465197 0.000000
vt 0.150000 -0.422907 0.000000
vt 0.150000 -0.380616 0.000000
vt 0.150000 -0.338325 0.000000
vt 0.150000 -0.296035 0.000000
vt 0.150000 -0.253744 0.000000
vt 0.150000 -0.211453 0.000000
vt 0.150000 -0.169163 0.000000
vt 0.150000 -0.126872 0.000000
vt 0.150000 -0.084581 0.000000
vt 0.150000 -0.042291 0.000000
vt 0.150000 0.000000 0.000000
vt 0.150000 0.042291 0.000000
vt 0.150000 0.084581 0.000000
vt 0.150000 0.126872 0.000000
vt 0.150000 0.169163 0.000000
vt 0.150000 0.211453 0.000000
vt 0.150000 0.253744 0.000000
vt 0.150000 0.296035 0.000000
vt 0.150000 0.338325 0.000000
vt 0.150000 0.380616 0.000000
vt 0.150000 0.422907 0.000000
vt 0.150000 0.465197 0.000000
vt 0.150000 0.507488 0.000000
vt 0.000000 0.549779 0.000000
vt 0.000000 0.507488 0.000000
vt 0.000000 0.465197 0.000000
vt 0.000000 0.422907 0.000000
vt 0.000000 0.380616 0.000000
vt 0.000000 0.338325 0.000000
vt 0.000000 0.296035 0.000000
vt 0.000000 0.253744 0.000000
vt 0.000000 0.211453 0.000000
vt 0.000000 0.169163 0.000000
vt 0.000000 0.126872 0.000000
vt 0.000000 0.084581 0.000000
vt 0.000000 0.042291 0.000000
vt 0.000000 0.000000 0.000000
vt 0.000000 -0.042291 0.000000
vt 0.000000 -0.084581 0.000000
vt 0.000000 -0.126872 0.000000
vt 0.000000 -0.169163 0.000000
vt 0.000000 -0.211453 0.000000
vt 0.000000 -0.253744 0.000000
vt 0.000000 -0.296035 0.000000
vt 0.000000 -0.338325 0.000000
vt 0.000000 -0.380616 0.000000
vt 0.000000 -0.422907 0.000000
vt 0.000000 -0.465197 0.000000
vt 0.000000 -0.507488 0.000000
vt 0.000000 -0.549779 0.000000
vt 0.150000 0.549779 0.000000
vt 0.150000 -0.235619 0.000000
vt 0.150000 -0.207900 0.000000
vt 0.150000 -0.180180 0.000000
vt 0.150000 -0.152460 0.000000
vt 0.150000 -0.124740 0.000000
vt 0.150000 -0.097020 0.000000
vt 0.150000 -0.069300 0.000000
vt 0.150000 -0.041580 0.000000
vt 0.150000 -0.013860 0.000000
vt 0.150000 0.013860 0.000000
vt 0.150000 0.041580 0.000000
vt 0.150000 0.069300 0.000000
vt 0.150000 0.097020 0.000000
vt 0.150000 0.124740 0.000000
vt 0.150000 0.152460 0.000000
vt 0.150000 0.180180 0.000000
vt 0.150000 0.207900 0.000000
vt 0.000000 0.235619 0.000000
vt 0.000000 0.207900 0.000000
vt 0.000000 0.180180 0.000000
vt 0.000000 0.152460 0.000000
vt 0.000000 0.124740 0.000000
vt 0.000000 0.097020 0.000000
vt 0.000000 0.069300 0.000000
vt 0.000000 0.041580 0.000000
vt 0.000000 0.013860 0.000000
vt 0.000000 -0.013860 0.000000
vt 0.000000 -0.041580 0.000000
vt 0.000000 -0.069300 0.000000
vt 0.000000 -0.097020 0.000000
vt 0.000000 -0.124740 0.000000
vt 0.000000 -0.152460 0.000000
vt 0.000000 -0.180180 0.000000
vt 0.000000 -0.207900 0.000000
vt 0.000000 -0.235619 0.000000
vt 0.150000 0.235619 0.000000
vt 0.150000 -0.235619 0.000000
vt 0.150000 -0.207900 0.000000
vt 0.150000 -0.180180 0.000000
vt 0.150000 -0.152460 0.000000
vt 0.150000 -0.124740 0.000000
vt 0.150000 -0.097020 0.000000
vt 0.150000 -0.069300 0.000000
vt 0.150000 -0.041580 0.000000
vt 0.150000 -0.013860 0.000000
vt 0.150000 0.013860 0.000000
vt 0.150000 0.041580 0.000000
vt 0.150000 0.069300 0.000000
vt 0.150000 0.097020 0.000000
vt 0.150000 0.124740 0.000000
vt 0.150000 0.152460 0.000000
vt 0.150000 0.180180 0.000000
vt 0.150000 0.207900 0.000000
vt 0.000000 0.235619 0.000000
vt 0.000000 0.207900 0.000000
vt 0.000000 0.180180 0.000000
vt 0.000000 0.152460 0.000000
vt 0.000000 0.124740 0.000000
vt 0.000000 0.097020 0.000000
vt 0.000000 0.069300 0.000000
vt 0.000000 0.041580 0.000000
vt 0.000000 0.013860 0.000000
vt 0.000000 -0.013860 0.000000
vt 0.000000 -0.041580 0.000000
vt 0.000000 -0.069300 0.000000
vt 0.000000 -0.097020 0.000000
vt 0.000000 -0.124740 0.000000
vt 0.000000 -0.152460 0.000000
vt 0.000000 -0.180180 0.000000
vt 0.000000 -0.207900 0.000000
vt 0.000000 -0.235619 0.000000
vt 0.150000 0.235619 0.000000
vt 0.150000 -0.235619 0.000000
vt 0.150000 -0.207900 0.000000
vt 0.150000 -0.180180 0.000000
vt 0.150000 -0.152460 0.000000
vt 0.150000 -0.124740 0.000000
vt 0.150000 -0.097020 0.000000
vt 0.150000 -0.069300 0.000000
vt 0.150000 -0.041580 0.000000
vt 0.150000 -0.013860 0.000000
vt 0.150000 0.013860 0.000000
vt 0.150000 0.041580 0.000000
vt 0.150000 0.069300 0.000000
vt 0.150000 0.097020 0.000000
vt 0.150000 0.124740 0.000000
vt 0.150000 0.152460 0.000000
vt 0.150000 0.180180 0.000000
vt 0.150000 0.207900 0.000000
vt 0.000000 0.235619 0.000000
vt 0.000000 0.207900 0.000000
vt 0.000000 0.180180 0.000000
vt 0.000000 0.152460 0.000000
vt 0.000000 0.124740 0.000000
vt 0.000000 0.097020 0.000000
vt 0.000000 0.069300 0.000000
vt 0.000000 0.041580 0.000000
vt 0.000000 0.013860 0.000000
vt 0.000000 -0.013860 0.000000
vt 0.000000 -0.041580 0.000000
vt 0.000000 -0.069300 0.000000
vt 0.000000 -0.097020 0.000000
vt 0.000000 -0.124740 0.000000
vt 0.000000 -0.152460 0.000000
vt 0.000000 -0.180180 0.000000
vt 0.000000 -0.207900 0.000000
vt 0.000000 -0.235619 0.000000
vt 0.150000 0.235619 0.000000
vt 0.150000 -0.235619 0.000000
vt 0.150000 -0.207900 0.000000
vt 0.150000 -0.180180 0.000000
vt 0.150000 -0.152460 0.000000
vt 0.150000 -0.124740 0.000000
vt 0.150000 -0.097020 0.000000
vt 0.150000 -0.069300 0.000000
vt 0.150000 -0.041580 0.000000
vt 0.150000 -0.013860 0.000000
vt 0.150000 0.013860 0.000000
vt 0.150000 0.041580 0.000000
vt 0.150000 0.069300 0.000000
vt 0.150000 0.097020 0.000000
vt 0.150000 0.124740 0.000000
vt 0.150000 0.152460 0.000000
vt 0.150000 0.180180 0.000000
vt 0.150000 0.207900 0.000000
vt 0.000000 0.235619 0.000000
vt 0.000000 0.207900 0.000000
vt 0.000000 0.180180 0.000000
vt 0.000000 0.152460 0.000000
vt 0.000000 0.124740 0.000000
vt 0.000000 0.097020 0.000000
vt 0.000000 0.069300 0.000000
vt 0.000000 0.041580 0.000000
vt 0.000000 0.013860 0.000000
vt 0.000000 -0.013860 0.000000
vt 0.000000 -0.041580 0.000000
vt 0.000000 -0.069300 0.000000
vt 0.000000 -0.097020 0.000000
vt 0.000000 -0.124740 0.000000
vt 0.000000 -0.152460 0.000000
vt 0.000000 -0.180180 0.000000
vt 0.000000 -0.207900 0.000000
vt 0.000000 -0.235619 0.000000
vt 0.150000 0.235619 0.000000
vt 0.150000 -0.549779 0.000000
vt 0.150000 -0.507488 0.000000
vt 0.150000 -0.465197 0.000000
vt 0.150000 -0.422907 0.000000
vt 0.150000 -0.380616 0.000000
vt 0.150000 -0.338325 0.000000
vt 0.150000 -0.296035 0.000000
vt 0.150000 -0.253744 0.000000
vt 0.150000 -0.211453 0.000000
vt 0.150000 -0.169163 0.000000
vt 0.150000 -0.126872 0.000000
vt 0.150000 -0.084581 0.000000
vt 0.150000 -0.042291 0.000000
vt 0.150000 0.000000 0.000000
vt 0.150000 0.042291 0.000000
vt 0.150000 0.084581 0.000000
vt 0.150000 0.126872 0.000000
vt 0.150000 0.169163 0.000000
vt 0.150000 0.211453 0.000000
vt 0.150000 0.253744 0.000000
vt 0.150000 0.296035 0.000000
vt 0.150000 0.338325 0.000000
vt 0.150000 0.380616 0.000000
vt 0.150000 0.422907 0.000000
vt 0.150000 0.465197 0.000000
vt 0.150000 0.507488 0.000000
vt 0.000000 0.549779 0.000000
vt 0.000000 0.507488 0.000000
vt 0.000000 0.465197 0.000000
vt 0.000000 0.422907 0.000000
vt 0.000000 0.380616 0.000000
vt 0.000000 0.338325 0.000000
vt 0.000000 0.296035 0.000000
vt 0.000000 0.253744 0.000000
vt 0.000000 0.211453 0.000000
vt 0.000000 0.169163 0.000000
vt 0.000000 0.126872 0.000000
vt 0.000000 0.084581 0.000000
vt 0.000000 0.042291 0.000000
vt 0.000000 0.000000 0.000000
vt 0.000000 -0.042291 0.000000
vt 0.000000 -0.084581 0.000000
vt 0.000000 -0.126872 0.000000
vt 0.000000 -0.169163 0.000000
vt 0.000000 -0.211453 0.000000
vt 0.000000 -0.253744 0.000000
vt 0.000000 -0.296035 0.000000
vt 0.000000 -0.338325 0.000000
vt 0.000000 -0.380616 0.000000
vt 0.000000 -0.422907 0.000000
vt 0.000000 -0.465197 0.000000
vt 0.000000 -0.507488 0.000000
vt 0.000000 -0.549779 0.000000
vt 0.150000 0.549779 0.000000
vt 0.000000 0.000000 0.000000
vt 1.600000 0.000000 0.000000
vt 1.600000 0.150000 0.000000
vt 0.000000 0.150000 0.000000
vt 0.000000 0.000000 0.000000
vt 2.050000 0.000000 0.000000
vt 2.050000 0.150000 0.000000
vt 0.000000 0.150000 0.000000
vt 0.000000 0.000000 0.000000
vt 1.600000 0.000000 0.000000
vt 1.600000 0.150000 0.000000
vt 0.000000 0.150000 0.000000
vt 0.000000 0.000000 0.000000
vt 2.050000 0.000000 0.000000
vt 2.050000 0.150000 0.000000
vt 0.000000 0.150000 0.000000
vt 1.025000 0.800000 0.000000
vt -1.025000 0.800000 0.000000
vt -1.025000 -0.800000 0.000000
vt 1.025000 -0.800000 0.000000
vt 0.966999 0.204030 0.000000
vt 0.996999 0.234030 0.000000
vt 1.011999 0.219030 0.000000
vt 0.982000 0.189030 0.000000
vt 1.011999 0.159030 0.000000
vt 0.996999 0.144030 0.000000
vt 0.966999 0.174030 0.000000
vt 0.936999 0.144030 0.000000
vt 0.921999 0.159030 0.000000
vt 0.951999 0.189030 0.000000
vt 0.921999 0.219030 0.000000
vt 0.936999 0.234030 0.000000
vt 0.873991 0.280000 0.000000
vt 0.868618 0.245986 0.000000
vt 0.856663 0.213692 0.000000
vt 0.838592 0.184380 0.000000
vt 0.822664 0.196524 0.000000
vt 0.838489 0.222121 0.000000
vt 0.849043 0.250304 0.000000
vt 0.853924 0.280000 0.000000
vt 0.728499 0.280000 0.000000
vt 0.763592 0.244906 0.000000
vt 0.749450 0.230764 0.000000
vt 0.700000 0.280215 0.000000
vt 0.700000 0.299884 0.000000
vt 0.749513 0.349397 0.000000
vt 0.763656 0.335255 0.000000
vt 0.728401 0.300000 0.000000
vt 0.853930 0.300000 0.000000
vt 0.851017 0.321471 0.000000
vt 0.845124 0.342322 0.000000
vt 0.836368 0.362142 0.000000
vt 0.829090 0.320866 0.000000
vt 0.809393 0.324339 0.000000
vt 0.820278 0.386068 0.000000
vt 0.837868 0.396661 0.000000
vt 0.903124 0.379176 0.000000
vt 0.897948 0.359858 0.000000
vt 0.854007 0.371632 0.000000
vt 0.864081 0.348795 0.000000
vt 0.870790 0.324753 0.000000
vt 0.873996 0.300000 0.000000
vt 0.980000 0.300000 0.000000
vt 0.980000 0.280000 0.000000
vt 0.877662 -0.107625 0.000000
vt 0.877662 -0.001616 0.000000
vt 0.843648 0.003757 0.000000
vt 0.811354 0.015712 0.000000
vt 0.782042 0.033783 0.000000
vt 0.794186 0.049711 0.000000
vt 0.819783 0.033886 0.000000
vt 0.847966 0.023332 0.000000
vt 0.877662 0.018451 0.000000
vt 0.877662 0.143876 0.000000
vt 0.842569 0.108782 0.000000
vt 0.828426 0.122925 0.000000
vt 0.877877 0.172375 0.000000
vt 0.897546 0.172375 0.000000
vt 0.947059 0.122861 0.000000
vt 0.932917 0.108719 0.000000
vt 0.897662 0.143974 0.000000
vt 0.897662 0.018445 0.000000
vt 0.919133 0.021358 0.000000
vt 0.939984 0.027251 0.000000
vt 0.959804 0.036007 0.000000
vt 0.918528 0.043285 0.000000
vt 0.922001 0.062982 0.000000
vt 0.983730 0.052097 0.000000
vt 0.994323 0.034507 0.000000
vt 0.976838 -0.030749 0.000000
vt 0.957520 -0.025573 0.000000
vt 0.969294 0.018368 0.000000
vt 0.946457 0.008294 0.000000
vt 0.922415 0.001585 0.000000
vt 0.897662 -0.001621 0.000000
vt 0.897662 -0.107625 0.000000
vt 0.700000 0.370000 0.000000
vt 0.665000 0.335000 0.000000
vt 0.650000 0.350000 0.000000
vt 0.680000 0.380000 0.000000
vt 0.650000 0.410000 0.000000
vt 0.665000 0.425000 0.000000
vt 0.700000 0.390000 0.000000
vt 0.740000 0.390000 0.000000
vt 0.740000 0.370000 0.000000
vt 0.825000 -0.700000 0.000000
vt 0.830065 -0.672907 0.000000
vt 0.844574 -0.649473 0.000000
vt 0.866570 -0.632863 0.000000
vt 0.893080 -0.625320 0.000000
vt 0.920525 -0.627863 0.000000
vt 0.945198 -0.640149 0.000000
vt 0.963766 -0.660518 0.000000
vt 0.973723 -0.686219 0.000000
vt 0.973723 -0.713781 0.000000
vt 0.963766 -0.739482 0.000000
vt 0.945198 -0.759851 0.000000
vt 0.920525 -0.772137 0.000000
vt 0.893080 -0.774680 0.000000
vt 0.866570 -0.767137 0.000000
vt 0.844574 -0.750527 0.000000
vt 0.830065 -0.727093 0.000000
vt -0.203571 -0.700000 0.000000
vt -0.198507 -0.672907 0.000000
vt -0.183997 -0.649473 0.000000
vt -0.162002 -0.632863 0.000000
vt -0.135492 -0.625320 0.000000
vt -0.108047 -0.627863 0.000000
vt -0.083374 -0.640149 0.000000
vt -0.064805 -0.660518 0.000000
vt -0.054848 -0.686219 0.000000
vt -0.054848 -0.713781 0.000000
vt -0.064805 -0.739482 0.000000
vt -0.083374 -0.759851 0.000000
vt -0.108047 -0.772137 0.000000
vt -0.135492 -0.774680 0.000000
vt -0.162002 -0.767137 0.000000
vt -0.183997 -0.750527 0.000000
vt -0.198507 -0.727093 0.000000
vt -0.975000 -0.625000 0.000000
vt -0.825000 -0.625000 0.000000
vt -0.825000 -0.775000 0.000000
vt -0.975000 -0.775000 0.000000
vt 0.053571 -0.700000 0.000000
vt 0.058636 -0.672907 0.000000
vt 0.073146 -0.649473 0.000000
vt 0.095141 -0.632863 0.000000
vt 0.121651 -0.625320 0.000000
vt 0.149096 -0.627863 0.000000
vt 0.173769 -0.640149 0.000000
vt 0.192338 -0.660518 0.000000
vt 0.202294 -0.686219 0.000000
vt 0.202294 -0.713781 0.000000
vt 0.192338 -0.739482 0.000000
vt 0.173769 -0.759851 0.000000
vt 0.149096 -0.772137 0.000000
vt 0.121651 -0.774680 0.000000
vt 0.095141 -0.767137 0.000000
vt 0.073146 -0.750527 0.000000
vt 0.058636 -0.727093 0.000000
vt -0.975000 0.575000 0.000000
vt -0.969915 0.616880 0.000000
vt -0.954955 0.656327 0.000000
vt -0.930989 0.691046 0.000000
vt -0.899411 0.719022 0.000000
vt -0.862056 0.738628 0.000000
vt -0.821094 0.748724 0.000000
vt -0.778906 0.748724 0.000000
vt -0.737944 0.738628 0.000000
vt -0.700589 0.719022 0.000000
vt -0.669011 0.691046 0.000000
vt -0.645045 0.656327 0.000000
vt -0.630085 0.616880 0.000000
vt -0.625000 0.575000 0.000000
vt -0.630085 0.533120 0.000000
vt -0.645045 0.493673 0.000000
vt -0.669011 0.458954 0.000000
vt -0.700589 0.430978 0.000000
vt -0.737944 0.411372 0.000000
vt -0.778906 0.401276 0.000000
vt -0.821094 0.401276 0.000000
vt -0.862056 0.411372 0.000000
vt -0.899411 0.430978 0.000000
vt -0.930989 0.458954 0.000000
vt -0.954955 0.493673 0.000000
vt -0.969915 0.533120 0.000000
vt 0.567857 -0.700000 0.000000
vt 0.572922 -0.672907 0.000000
vt 0.587431 -0.649473 0.000000
vt 0.609427 -0.632863 0.000000
vt 0.635937 -0.625320 0.000000
vt 0.663382 -0.627863 0.000000
vt 0.688055 -0.640149 0.000000
vt 0.706623 -0.660518 0.000000
vt 0.716580 -0.686219 0.000000
vt 0.716580 -0.713781 0.000000
vt 0.706623 -0.739482 0.000000
vt 0.688055 -0.759851 0.000000
vt 0.663382 -0.772137 0.000000
vt 0.635937 -0.774680 0.000000
vt 0.609427 -0.767137 0.000000
vt 0.587431 -0.750527 0.000000
vt 0.572922 -0.727093 0.000000
vt -0.460714 -0.700000 0.000000
vt -0.455650 -0.672907 0.000000
vt -0.441140 -0.649473 0.000000
vt -0.419145 -0.632863 0.000000
vt -0.392634 -0.625320 0.000000
vt -0.365190 -0.627863 0.000000
vt -0.340517 -0.640149 0.000000
vt -0.321948 -0.660518 0.000000
vt -0.311991 -0.686219 0.000000
vt -0.311991 -0.713781 0.000000
vt -0.321948 -0.739482 0.000000
vt -0.340517 -0.759851 0.000000
vt -0.365190 -0.772137 0.000000
vt -0.392634 -0.774680 0.000000
vt -0.419145 -0.767137 0.000000
vt -0.441140 -0.750527 0.000000
vt -0.455650 -0.727093 0.000000
vt -0.717857 -0.700000 0.000000
vt -0.712793 -0.672907 0.000000
vt -0.698283 -0.649473 0.000000
vt -0.676288 -0.632863 0.000000
vt -0.649777 -0.625320 0.000000
vt -0.622332 -0.627863 0.000000
vt -0.597660 -0.640149 0.000000
vt -0.579091 -0.660518 0.000000
vt -0.569134 -0.686219 0.000000
vt -0.569134 -0.713781 0.000000
vt -0.579091 -0.739482 0.000000
vt -0.597660 -0.759851 0.000000
vt -0.622332 -0.772137 0.000000
vt -0.649777 -0.774680 0.000000
vt -0.676288 -0.767137 0.000000
vt -0.698283 -0.750527 0.000000
vt -0.712793 -0.727093 0.000000
vt 0.310714 -0.700000 0.000000
vt 0.315779 -0.672907 0.000000
vt 0.330289 -0.649473 0.000000
vt 0.352284 -0.632863 0.000000
vt 0.378794 -0.625320 0.000000
vt 0.406239 -0.627863 0.000000
vt 0.430912 -0.640149 0.000000
vt 0.449481 -0.660518 0.000000
vt 0.459437 -0.686219 0.000000
vt 0.459437 -0.713781 0.000000
vt 0.449481 -0.739482 0.000000
vt 0.430912 -0.759851 0.000000
vt 0.406239 -0.772137 0.000000
vt 0.378794 -0.774680 0.000000
vt 0.352284 -0.767137 0.000000
vt 0.330289 -0.750527 0.000000
vt 0.315779 -0.727093 0.000000
vt 0.625000 0.575000 0.000000
vt 0.630085 0.616880 0.000000
vt 0.645045 0.656327 0.000000
vt 0.669011 0.691046 0.000000
vt 0.700589 0.719022 0.000000
vt 0.737944 0.738628 0.000000
vt 0.778906 0.748724 0.000000
vt 0.821094 0.748724 0.000000
vt 0.862056 0.738628 0.000000
vt 0.899411 0.719022 0.000000
vt 0.930989 0.691046 0.000000
vt 0.954955 0.656327 0.000000
vt 0.969915 0.616880 0.000000
vt 0.975000 0.575000 0.000000
vt 0.969915 0.533120 0.000000
vt 0.954955 0.493673 0.000000
vt 0.930989 0.458954 0.000000
vt 0.899411 0.430978 0.000000
vt 0.862056 0.411372 0.000000
vt 0.821094 0.401276 0.000000
vt 0.778906 0.401276 0.000000
vt 0.737944 0.411372 0.000000
vt 0.700589 0.430978 0.000000
vt 0.669011 0.458954 0.000000
vt 0.645045 0.493673 0.000000
vt 0.630085 0.533120 0.000000
vt 1.025000 0.800000 0.000000
vt -1.025000 0.800000 0.000000
vt -1.025000 -0.800000 0.000000
vt 1.025000 -0.800000 0.000000
vt -0.825000 -0.700000 0.000000
vt -0.830065 -0.727093 0.000000
vt -0.844574 -0.750527 0.000000
vt -0.866570 -0.767137 0.000000
vt -0.893080 -0.774680 0.000000
vt -0.920525 -0.772137 0.000000
vt -0.945198 -0.759851 0.000000
vt -0.963766 -0.739482 0.000000
vt -0.973723 -0.713781 0.000000
vt -0.973723 -0.686219 0.000000
vt -0.963766 -0.660518 0.000000
vt -0.945198 -0.640149 0.000000
vt -0.920525 -0.627863 0.000000
vt -0.893080 -0.625320 0.000000
vt -0.866570 -0.632863 0.000000
vt -0.844574 -0.649473 0.000000
vt -0.830065 -0.672907 0.000000
vt 0.203571 -0.700000 0.000000
vt 0.198507 -0.727093 0.000000
vt 0.183997 -0.750527 0.000000
vt 0.162002 -0.767137 0.000000
vt 0.135492 -0.774680 0.000000
vt 0.108047 -0.772137 0.000000
vt 0.083374 -0.759851 0.000000
vt 0.064805 -0.739482 0.000000
vt 0.054848 -0.713781 0.000000
vt 0.054848 -0.686219 0.000000
vt 0.064805 -0.660518 0.000000
vt 0.083374 -0.640149 0.000000
vt 0.108047 -0.627863 0.000000
vt 0.135492 -0.625320 0.000000
vt 0.162002 -0.632863 0.000000
vt 0.183997 -0.649473 0.000000
vt 0.198507 -0.672907 0.000000
vt 0.825000 -0.625000 0.000000
vt 0.975000 -0.625000 0.000000
vt 0.975000 -0.775000 0.000000
vt 0.825000 -0.775000 0.000000
vt -0.053571 -0.700000 0.000000
vt -0.058636 -0.727093 0.000000
vt -0.073146 -0.750527 0.000000
vt -0.095141 -0.767137 0.000000
vt -0.121651 -0.774680 0.000000
vt -0.149096 -0.772137 0.000000
vt -0.173769 -0.759851 0.000000
vt -0.192338 -0.739482 0.000000
vt -0.202294 -0.713781 0.000000
vt -0.202294 -0.686219 0.000000
vt -0.192338 -0.660518 0.000000
vt -0.173769 -0.640149 0.000000
vt -0.149096 -0.627863 0.000000
vt -0.121651 -0.625320 0.000000
vt -0.095141 -0.632863 0.000000
vt -0.073146 -0.649473 0.000000
vt -0.058636 -0.672907 0.000000
vt 0.975000 0.575000 0.000000
vt 0.969915 0.533120 0.000000
vt 0.954955 0.493673 0.000000
vt 0.930989 0.458954 0.000000
vt 0.899411 0.430978 0.000000
vt 0.862056 0.411372 0.000000
vt 0.821094 0.401276 0.000000
vt 0.778906 0.401276 0.000000
vt 0.737944 0.411372 0.000000
vt 0.700589 0.430978 0.000000
vt 0.669011 0.458954 0.000000
vt 0.645045 0.493673 0.000000
vt 0.630085 0.533120 0.000000
vt 0.625000 0.575000 0.000000
vt 0.630085 0.616880 0.000000
vt 0.645045 0.656327 0.000000
vt 0.669011 0.691046 0.000000
vt 0.700589 0.719022 0.000000
vt 0.737944 0.738628 0.000000
vt 0.778906 0.748724 0.000000
vt 0.821094 0.748724 0.000000
vt 0.862056 0.738628 0.000000
vt 0.899411 0.719022 0.000000
vt 0.930989 0.691046 0.000000
vt 0.954955 0.656327 0.000000
vt 0.969915 0.616880 0.000000
vt -0.567857 -0.700000 0.000000
vt -0.572922 -0.727093 0.000000
vt -0.587431 -0.750527 0.000000
vt -0.609427 -0.767137 0.000000
vt -0.635937 -0.774680 0.000000
vt -0.663382 -0.772137 0.000000
vt -0.688055 -0.759851 0.000000
vt -0.706623 -0.739482 0.000000
vt -0.716580 -0.713781 0.000000
vt -0.716580 -0.686219 0.000000
vt -0.706623 -0.660518 0.000000
vt -0.688055 -0.640149 0.000000
vt -0.663382 -0.627863 0.000000
vt -0.635937 -0.625320 0.000000
vt -0.609427 -0.632863 0.000000
vt -0.587431 -0.649473 0.000000
vt -0.572922 -0.672907 0.000000
vt 0.460714 -0.700000 0.000000
vt 0.455650 -0.727093 0.000000
vt 0.441140 -0.750527 0.000000
vt 0.419145 -0.767137 0.000000
vt 0.392634 -0.774680 0.000000
vt 0.365190 -0.772137 0.000000
vt 0.340517 -0.759851 0.000000
vt 0.321948 -0.739482 0.000000
vt 0.311991 -0.713781 0.000000
vt 0.311991 -0.686219 0.000000
vt 0.321948 -0.660518 0.000000
vt 0.340517 -0.640149 0.000000
vt 0.365190 -0.627863 0.000000
vt 0.392634 -0.625320 0.000000
vt 0.419145 -0.632863 0.000000
vt 0.441140 -0.649473 0.000000
vt 0.455650 -0.672907 0.000000
vt 0.717857 -0.700000 0.000000
vt 0.712793 -0.727093 0.000000
vt 0.698283 -0.750527 0.000000
vt 0.676288 -0.767137 0.000000
vt 0.649777 -0.774680 0.000000
vt 0.622332 -0.772137 0.000000
vt 0.597660 -0.759851 0.000000
vt 0.579091 -0.739482 0.000000
vt 0.569134 -0.713781 0.000000
vt 0.569134 -0.686219 0.000000
vt 0.579091 -0.660518 0.000000
vt 0.597660 -0.640149 0.000000
vt 0.622332 -0.627863 0.000000
vt 0.649777 -0.625320 0.000000
vt 0.676288 -0.632863 0.000000
vt 0.698283 -0.649473 0.000000
vt 0.712793 -0.672907 0.000000
vt -0.310714 -0.700000 0.000000
vt -0.315779 -0.727093 0.000000
vt -0.330289 -0.750527 0.000000
vt -0.352284 -0.767137 0.000000
vt -0.378794 -0.774680 0.000000
vt -0.406239 -0.772137 0.000000
vt -0.430912 -0.759851 0.000000
vt -0.449481 -0.739482 0.000000
vt -0.459437 -0.713781 0.000000
vt -0.459437 -0.686219 0.000000
vt -0.449481 -0.660518 0.000000
vt -0.430912 -0.640149 0.000000
vt -0.406239 -0.627863 0.000000
vt -0.378794 -0.625320 0.000000
vt -0.352284 -0.632863 0.000000
vt -0.330289 -0.649473 0.000000
vt -0.315779 -0.672907 0.000000
vt -0.625000 0.575000 0.000000
vt -0.630085 0.533120 0.000000
vt -0.645045 0.493673 0.000000
vt -0.669011 0.458954 0.000000
vt -0.700589 0.430978 0.000000
vt -0.737944 0.411372 0.000000
vt -0.778906 0.401276 0.000000
vt -0.821094 0.401276 0.000000
vt -0.862056 0.411372 0.000000
vt -0.899411 0.430978 0.000000
vt -0.930989 0.458954 0.000000
vt -0.954955 0.493673 0.000000
vt -0.969915 0.533120 0.000000
vt -0.975000 0.575000 0.000000
vt -0.969915 0.616880 0.000000
vt -0.954955 0.656327 0.000000
vt -0.930989 0.691046 0.000000
vt -0.899411 0.719022 0.000000
vt -0.862056 0.738628 0.000000
vt -0.821094 0.748724 0.000000
vt -0.778906 0.748724 0.000000
vt -0.737944 0.738628 0.000000
vt -0.700589 0.719022 0.000000
vt -0.669011 0.691046 0.000000
vt -0.645045 0.656327 0.000000
vt -0.630085 0.616880 0.000000
vn -1.796051 -1.796051 -0.000000
vn -1.796051 -1.796051 -0.000000
vn -1.796051 -1.796051 -0.000000
vn -1.796051 -1.796051 -0.000000
vn -1.796051 1.796051 -0.000000
vn -1.796051 1.796051 -0.000000
vn -1.796051 1.796051 -0.000000
vn -1.796051 1.796051 -0.000000
vn -1.796051 -1.796051 -0.000000
vn -1.796051 -1.796051 -0.000000
vn -1.796051 -1.796051 -0.000000
vn -1.796051 -1.796051 -0.000000
vn 1.796051 -1.796051 0.000000
vn 1.796051 -1.796051 0.000000
vn 1.796051 -1.796051 0.000000
vn 1.796051 -1.796051 0.000000
vn -1.796051 -1.796051 -0.000000
vn -1.796051 -1.796051 -0.000000
vn -1.796051 -1.796051 -0.000000
vn -1.796051 -1.796051 -0.000000
vn 1.796051 -1.796051 0.000000
vn 1.796051 -1.796051 0.000000
vn 1.796051 -1.796051 0.000000
vn 1.796051 -1.796051 0.000000
vn 1.796051 1.796051 0.000000
vn 1.796051 1.796051 0.000000
vn 1.796051 1.796051 0.000000
vn 1.796051 1.796051 0.000000
vn 1.796051 -1.796051 0.000000
vn 1.796051 -1.796051 0.000000
vn 1.796051 -1.796051 0.000000
vn 1.796051 -1.796051 0.000000
vn 1.796051 1.796051 0.000000
vn 1.796051 1.796051 0.000000
vn 1.796051 1.796051 0.000000
vn 1.796051 1.796051 0.000000
vn -1.796051 1.796051 -0.000000
vn -1.796051 1.796051 -0.000000
vn -1.796051 1.796051 -0.000000
vn -1.796051 1.796051 -0.000000
vn 1.796051 1.796051 0.000000
vn 1.796051 1.796051 0.000000
vn 1.796051 1.796051 0.000000
vn 1.796051 1.796051 0.000000
vn -1.796051 1.796051 -0.000000
vn -1.796051 1.796051 -0.000000
vn -1.796051 1.796051 -0.000000
vn -1.796051 1.796051 -0.000000
vn -0.000000 0.000000 2.540000
vn -0.000000 0.000000 2.540000
vn -0.000000 0.000000 2.540000
vn -0.000000 0.000000 2.540000
vn -0.000000 0.000000 2.540000
vn -0.000000 0.000000 2.540000
vn -0.000000 0.000000 2.540000
vn -0.000000 0.000000 2.540000
vn -0.000000 0.000000 2.540000
vn -0.000000 0.000000 2.540000
vn -0.000000 0.000000 2.540000
vn -0.000000 0.000000 2.540000
vn 1.540050 2.019863 0.000000
vn 1.112841 2.283240 0.000000
vn 0.642185 2.457478 0.000000
vn 0.146458 2.535774 0.000000
vn 0.146458 2.535774 0.000000
vn 0.642185 2.457478 0.000000
vn 1.112841 2.283240 0.000000
vn 1.540050 2.019863 0.000000
vn 2.540000 0.000000 0.000000
vn 2.540000 0.000000 0.000000
vn 2.540000 0.000000 0.000000
vn 2.540000 0.000000 0.000000
vn 0.000000 2.540000 -0.000000
vn 0.000000 2.540000 -0.000000
vn 0.000000 2.540000 -0.000000
vn 0.000000 2.540000 -0.000000
vn -2.540000 -0.000000 -0.000000
vn -2.540000 -0.000000 -0.000000
vn -2.540000 -0.000000 -0.000000
vn -2.540000 -0.000000 -0.000000
vn -0.145025 2.535856 -0.000000
vn -0.505786 2.489132 -0.000000
vn -0.856173 2.391353 -0.000000
vn -1.188998 2.244523 -0.000000
vn -1.188998 2.244523 -0.000000
vn -0.856173 2.391353 -0.000000
vn -0.505786 2.489132 -0.000000
vn -0.145025 2.535856 -0.000000
vn 2.453452 -0.657400 0.000000
vn 2.453452 -0.657400 0.000000
vn 2.453452 -0.657400 0.000000
vn 2.453452 -0.657400 0.000000
vn 0.657400 2.453452 0.000000
vn 0.657400 2.453452 0.000000
vn 0.657400 2.453452 0.000000
vn 0.657400 2.453452 0.000000
vn -2.453452 0.657400 -0.000000
vn -2.453452 0.657400 -0.000000
vn -2.453452 0.657400 -0.000000
vn -2.453452 0.657400 -0.000000
vn -2.175869 -1.310418 -0.000000
vn -2.175869 -1.310418 -0.000000
vn -2.175869 -1.310418 -0.000000
vn -2.175869 -1.310418 -0.000000
vn -0.441066 -2.501412 -0.000000
vn -0.441066 -2.501412 -0.000000
vn -0.441066 -2.501412 -0.000000
vn -0.441066 -2.501412 -0.000000
vn 2.501412 -0.441066 0.000000
vn 2.501412 -0.441066 0.000000
vn 2.501412 -0.441066 0.000000
vn 2.501412 -0.441066 0.000000
vn 0.441066 2.501412 0.000000
vn 0.441066 2.501412 0.000000
vn 0.441066 2.501412 0.000000
vn 0.441066 2.501412 0.000000
vn 1.187127 -2.245513 0.000000
vn 0.860764 -2.389704 0.000000
vn 0.517415 -2.486741 0.000000
vn 0.163857 -2.534709 0.000000
vn 0.163857 -2.534709 0.000000
vn 0.517415 -2.486741 0.000000
vn 0.860764 -2.389704 0.000000
vn 1.187127 -2.245513 0.000000
vn -2.540000 -0.000000 -0.000000
vn -2.540000 -0.000000 -0.000000
vn -2.540000 -0.000000 -0.000000
vn -2.540000 -0.000000 -0.000000
vn 1.796051 1.796051 0.000000
vn 1.796051 1.796051 0.000000
vn 1.796051 1.796051 0.000000
vn 1.796051 1.796051 0.000000
vn -1.796051 1.796051 -0.000000
vn -1.796051 1.796051 -0.000000
vn -1.796051 1.796051 -0.000000
vn -1.796051 1.796051 -0.000000
vn -1.796051 -1.796051 -0.000000
vn -1.796051 -1.796051 -0.000000
vn -1.796051 -1.796051 -0.000000
vn -1.796051 -1.796051 -0.000000
vn 0.000000 -2.540000 0.000000
vn 0.000000 -2.540000 0.000000
vn 0.000000 -2.540000 0.000000
vn 0.000000 -2.540000 0.000000
vn 1.796051 -1.796051 0.000000
vn 1.796051 -1.796051 0.000000
vn 1.796051 -1.796051 0.000000
vn 1.796051 -1.796051 0.000000
vn 1.796051 1.796051 0.000000
vn 1.796051 1.796051 0.000000
vn 1.796051 1.796051 0.000000
vn 1.796051 1.796051 0.000000
vn -1.796051 1.796051 -0.000000
vn -1.796051 1.796051 -0.000000
vn -1.796051 1.796051 -0.000000
vn -1.796051 1.796051 -0.000000
vn 2.540000 0.000000 0.000000
vn 2.540000 0.000000 0.000000
vn 2.540000 0.000000 0.000000
vn 2.540000 0.000000 0.000000
vn -0.165476 -2.534604 -0.000000
vn -0.654467 -2.454236 -0.000000
vn -1.118546 -2.280450 -0.000000
vn -1.540050 -2.019863 -0.000000
vn -1.540050 -2.019863 -0.000000
vn -1.118546 -2.280450 -0.000000
vn -0.654467 -2.454236 -0.000000
vn -0.165476 -2.534604 -0.000000
vn 2.019863 -1.540050 0.000000
vn 2.019863 -1.540050 0.000000
vn 2.019863 -1.540050 0.000000
vn 2.019863 -1.540050 0.000000
vn -0.000000 0.000000 2.540000
vn -0.000000 0.000000 2.540000
vn -0.000000 0.000000 2.540000
vn -0.000000 0.000000 2.540000
vn -0.000000 0.000000 2.540000
vn -0.000000 0.000000 2.540000
vn -0.000000 0.000000 2.540000
vn -0.000000 0.000000 2.540000
vn -0.000000 0.000000 2.540000
vn -0.000000 0.000000 2.540000
vn -0.000000 0.000000 2.540000
vn -0.000000 0.000000 2.540000
vn -0.000000 0.000000 2.540000
vn -0.000000 0.000000 2.540000
vn -0.000000 0.000000 2.540000
vn -0.000000 0.000000 2.540000
vn -0.000000 0.000000 2.540000
vn -0.000000 0.000000 2.540000
vn -0.000000 0.000000 2.540000
vn -0.000000 0.000000 2.540000
vn -0.000000 0.000000 2.540000
vn -0.000000 0.000000 2.540000
vn -0.000000 0.000000 2.540000
vn -0.000000 0.000000 2.540000
vn -0.000000 0.000000 2.540000
vn -0.000000 0.000000 2.540000
vn -0.000000 0.000000 2.540000
vn -0.000000 0.000000 2.540000
vn -0.000000 0.000000 2.540000
vn -0.000000 0.000000 2.540000
vn -0.000000 0.000000 2.540000
vn -0.000000 0.000000 2.540000
vn 0.000000 -2.540000 0.000000
vn 0.000000 -2.540000 0.000000
vn 0.000000 -2.540000 0.000000
vn 0.000000 -2.540000 0.000000
vn 2.540000 0.000000 0.000000
vn 2.540000 0.000000 0.000000
vn 2.540000 0.000000 0.000000
vn 2.540000 0.000000 0.000000
vn 0.000000 2.540000 -0.000000
vn 0.000000 2.540000 -0.000000
vn 0.000000 2.540000 -0.000000
vn 0.000000 2.540000 -0.000000
vn 2.535856 0.145025 0.000000
vn 2.489132 0.505786 0.000000
vn 2.391353 0.856173 0.000000
vn 2.244523 1.188998 0.000000
vn 2.244523 1.188998 0.000000
vn 2.391353 0.856173 0.000000
vn 2.489132 0.505786 0.000000
vn 2.535856 0.145025 0.000000
vn -0.657400 -2.453452 -0.000000
vn -0.657400 -2.453452 -0.000000
vn -0.657400 -2.453452 -0.000000
vn -0.657400 -2.453452 -0.000000
vn 2.453452 -0.657400 0.000000
vn 2.453452 -0.657400 0.000000
vn 2.453452 -0.657400 0.000000
vn 2.453452 -0.657400 0.000000
vn 0.657400 2.453452 0.000000
vn 0.657400 2.453452 0.000000
vn 0.657400 2.453452 0.000000
vn 0.657400 2.453452 0.000000
vn -1.310418 2.175869 -0.000000
vn -1.310418 2.175869 -0.000000
vn -1.310418 2.175869 -0.000000
vn -1.310418 2.175869 -0.000000
vn -2.501412 0.441066 -0.000000
vn -2.501412 0.441066 -0.000000
vn -2.501412 0.441066 -0.000000
vn -2.501412 0.441066 -0.000000
vn -0.441066 -2.501412 -0.000000
vn -0.441066 -2.501412 -0.000000
vn -0.441066 -2.501412 -0.000000
vn -0.441066 -2.501412 -0.000000
vn 2.501412 -0.441066 0.000000
vn 2.501412 -0.441066 0.000000
vn 2.501412 -0.441066 0.000000
vn 2.501412 -0.441066 0.000000
vn -2.245513 -1.187127 -0.000000
vn -2.389704 -0.860764 -0.000000
vn -2.486741 -0.517415 -0.000000
vn -2.534709 -0.163857 -0.000000
vn -2.534709 -0.163857 -0.000000
vn -2.486741 -0.517415 -0.000000
vn -2.389704 -0.860764 -0.000000
vn -2.245513 -1.187127 -0.000000
vn 0.000000 2.540000 -0.000000
vn 0.000000 2.540000 -0.000000
vn 0.000000 2.540000 -0.000000
vn 0.000000 2.540000 -0.000000
vn 1.796051 -1.796051 0.000000
vn 1.796051 -1.796051 0.000000
vn 1.796051 -1.796051 0.000000
vn 1.796051 -1.796051 0.000000
vn 1.796051 1.796051 0.000000
vn 1.796051 1.796051 0.000000
vn 1.796051 1.796051 0.000000
vn 1.796051 1.796051 0.000000
vn -1.796051 1.796051 -0.000000
vn -1.796051 1.796051 -0.000000
vn -1.796051 1.796051 -0.000000
vn -1.796051 1.796051 -0.000000
vn -2.540000 -0.000000 -0.000000
vn -2.540000 -0.000000 -0.000000
vn -2.540000 -0.000000 -0.000000
vn -2.540000 -0.000000 -0.000000
vn -1.796051 -1.796051 -0.000000
vn -1.796051 -1.796051 -0.000000
vn -1.796051 -1.796051 -0.000000
vn -1.796051 -1.796051 -0.000000
vn 1.796051 -1.796051 0.000000
vn 1.796051 -1.796051 0.000000
vn 1.796051 -1.796051 0.000000
vn 1.796051 -1.796051 0.000000
vn 1.796051 1.796051 0.000000
vn 1.796051 1.796051 0.000000
vn 1.796051 1.796051 0.000000
vn 1.796051 1.796051 0.000000
vn 0.000000 -2.540000 0.000000
vn 0.000000 -2.540000 0.000000
vn 0.000000 -2.540000 0.000000
vn 0.000000 -2.540000 0.000000
vn -2.534604 0.165476 -0.000000
vn -2.454236 0.654467 -0.000000
vn -2.280450 1.118546 -0.000000
vn -2.019863 1.540050 -0.000000
vn -2.019863 1.540050 -0.000000
vn -2.280450 1.118546 -0.000000
vn -2.454236 0.654467 -0.000000
vn -2.534604 0.165476 -0.000000
vn -1.540050 -2.019863 -0.000000
vn -1.540050 -2.019863 -0.000000
vn -1.540050 -2.019863 -0.000000
vn -1.540050 -2.019863 -0.000000
vn 2.019863 -1.540050 0.000000
vn 2.283240 -1.112841 0.000000
vn 2.457478 -0.642185 0.000000
vn 2.535774 -0.146458 0.000000
vn 2.535774 -0.146458 0.000000
vn 2.457478 -0.642185 0.000000
vn 2.283240 -1.112841 0.000000
vn 2.019863 -1.540050 0.000000
vn -0.000000 0.000000 2.540000
vn -0.000000 0.000000 2.540000
vn -0.000000 0.000000 2.540000
vn -0.000000 0.000000 2.540000
vn -0.000000 0.000000 2.540000
vn -0.000000 0.000000 2.540000
vn -0.000000 0.000000 2.540000
vn -0.000000 0.000000 2.540000
vn -0.000000 0.000000 2.540000
vn -0.000000 0.000000 2.540000
vn -0.000000 0.000000 2.540000
vn -0.000000 0.000000 2.540000
vn -0.000000 0.000000 2.540000
vn -0.000000 0.000000 2.540000
vn -0.000000 0.000000 2.540000
vn -0.000000 0.000000 2.540000
vn -0.000000 0.000000 2.540000
vn -0.000000 0.000000 2.540000
vn -0.000000 0.000000 2.540000
vn -0.000000 0.000000 2.540000
vn -0.000000 0.000000 2.540000
vn -0.000000 0.000000 2.540000
vn -0.000000 0.000000 2.540000
vn -0.000000 0.000000 2.540000
vn -0.000000 0.000000 2.540000
vn -0.000000 0.000000 2.540000
vn -0.000000 0.000000 2.540000
vn -0.000000 0.000000 2.540000
vn -0.000000 0.000000 2.540000
vn -0.000000 0.000000 2.540000
vn -0.000000 0.000000 2.540000
vn -0.000000 0.000000 2.540000
vn 1.796051 1.796051 0.000000
vn 1.796051 1.796051 0.000000
vn 1.796051 1.796051 0.000000
vn 1.796051 1.796051 0.000000
vn 2.540000 0.000000 0.000000
vn 2.540000 0.000000 0.000000
vn 2.540000 0.000000 0.000000
vn 2.540000 0.000000 0.000000
vn 0.000000 2.540000 -0.000000
vn 0.000000 2.540000 -0.000000
vn 0.000000 2.540000 -0.000000
vn 0.000000 2.540000 -0.000000
vn -2.540000 -0.000000 -0.000000
vn -2.540000 -0.000000 -0.000000
vn -2.540000 -0.000000 -0.000000
vn -2.540000 -0.000000 -0.000000
vn -1.796051 1.796051 -0.000000
vn -1.796051 1.796051 -0.000000
vn -1.796051 1.796051 -0.000000
vn -1.796051 1.796051 -0.000000
vn -1.796051 -1.796051 -0.000000
vn -1.796051 -1.796051 -0.000000
vn -1.796051 -1.796051 -0.000000
vn -1.796051 -1.796051 -0.000000
vn 1.796051 -1.796051 0.000000
vn 1.796051 -1.796051 0.000000
vn 1.796051 -1.796051 0.000000
vn 1.796051 -1.796051 0.000000
vn -1.796051 -1.796051 -0.000000
vn -1.796051 -1.796051 -0.000000
vn -1.796051 -1.796051 -0.000000
vn -1.796051 -1.796051 -0.000000
vn 1.796051 -1.796051 0.000000
vn 1.796051 -1.796051 0.000000
vn 1.796051 -1.796051 0.000000
vn 1.796051 -1.796051 0.000000
vn -0.000000 0.000000 2.540000
vn -0.000000 0.000000 2.540000
vn -0.000000 0.000000 2.540000
vn -0.000000 0.000000 2.540000
vn -0.000000 0.000000 2.540000
vn -0.000000 0.000000 2.540000
vn -0.000000 0.000000 2.540000
vn -0.000000 0.000000 2.540000
vn -0.000000 0.000000 2.540000
vn 0.000000 -2.540000 0.000000
vn -0.917554 -2.368479 -0.000000
vn -1.711187 -1.877083 -0.000000
vn -2.273715 -1.132175 -0.000000
vn -2.529165 -0.234362 -0.000000
vn -2.443037 0.695104 -0.000000
vn -2.026964 1.530692 -0.000000
vn -1.337138 2.159552 -0.000000
vn -0.466724 2.496752 -0.000000
vn 0.466724 2.496752 0.000000
vn 1.337138 2.159552 0.000000
vn 2.026964 1.530692 0.000000
vn 2.443037 0.695104 0.000000
vn 2.529165 -0.234362 0.000000
vn 2.273715 -1.132175 0.000000
vn 1.711187 -1.877083 0.000000
vn 0.917554 -2.368479 0.000000
vn 0.000000 -2.540000 0.000000
vn 0.917554 -2.368479 0.000000
vn 1.711187 -1.877083 0.000000
vn 2.273715 -1.132175 0.000000
vn 2.529165 -0.234362 0.000000
vn 2.443037 0.695104 0.000000
vn 2.026964 1.530692 0.000000
vn 1.337138 2.159552 0.000000
vn 0.466724 2.496752 0.000000
vn -0.466724 2.496752 -0.000000
vn -1.337138 2.159552 -0.000000
vn -2.026964 1.530692 -0.000000
vn -2.443037 0.695104 -0.000000
vn -2.529165 -0.234362 -0.000000
vn -2.273715 -1.132175 -0.000000
vn -1.711187 -1.877083 -0.000000
vn -0.917554 -2.368479 -0.000000
vn 0.000000 -2.540000 0.000000
vn 0.000000 -2.540000 0.000000
vn 0.000000 -2.540000 0.000000
vn -0.917554 -2.368479 -0.000000
vn -1.711187 -1.877083 -0.000000
vn -2.273715 -1.132175 -0.000000
vn -2.529165 -0.234362 -0.000000
vn -2.443037 0.695104 -0.000000
vn -2.026964 1.530692 -0.000000
vn -1.337138 2.159552 -0.000000
vn -0.466724 2.496752 -0.000000
vn 0.466724 2.496752 0.000000
vn 1.337138 2.159552 0.000000
vn 2.026964 1.530692 0.000000
vn 2.443037 0.695104 0.000000
vn 2.529165 -0.234362 0.000000
vn 2.273715 -1.132175 0.000000
vn 1.711187 -1.877083 0.000000
vn 0.917554 -2.368479 0.000000
vn 0.000000 -2.540000 0.000000
vn 0.917554 -2.368479 0.000000
vn 1.711187 -1.877083 0.000000
vn 2.273715 -1.132175 0.000000
vn 2.529165 -0.234362 0.000000
vn 2.443037 0.695104 0.000000
vn 2.026964 1.530692 0.000000
vn 1.337138 2.159552 0.000000
vn 0.466724 2.496752 0.000000
vn -0.466724 2.496752 -0.000000
vn -1.337138 2.159552 -0.000000
vn -2.026964 1.530692 -0.000000
vn -2.443037 0.695104 -0.000000
vn -2.529165 -0.234362 -0.000000
vn -2.273715 -1.132175 -0.000000
vn -1.711187 -1.877083 -0.000000
vn -0.917554 -2.368479 -0.000000
vn 0.000000 -2.540000 0.000000
vn 0.000000 -2.540000 0.000000
vn 2.540000 0.000000 0.000000
vn 2.540000 0.000000 0.000000
vn 2.540000 0.000000 0.000000
vn 2.540000 0.000000 0.000000
vn 0.000000 2.540000 -0.000000
vn 0.000000 2.540000 -0.000000
vn 0.000000 2.540000 -0.000000
vn 0.000000 2.540000 -0.000000
vn -2.540000 -0.000000 -0.000000
vn -2.540000 -0.000000 -0.000000
vn -2.540000 -0.000000 -0.000000
vn -2.540000 -0.000000 -0.000000
vn 0.000000 -2.540000 0.000000
vn 0.000000 -2.540000 0.000000
vn 0.000000 -2.540000 0.000000
vn 0.000000 -2.540000 0.000000
vn 0.000000 -2.540000 0.000000
vn -0.917554 -2.368479 -0.000000
vn -1.711187 -1.877083 -0.000000
vn -2.273715 -1.132175 -0.000000
vn -2.529165 -0.234362 -0.000000
vn -2.443037 0.695104 -0.000000
vn -2.026964 1.530692 -0.000000
vn -1.337138 2.159552 -0.000000
vn -0.466724 2.496752 -0.000000
vn 0.466724 2.496752 0.000000
vn 1.337138 2.159552 0.000000
vn 2.026964 1.530692 0.000000
vn 2.443037 0.695104 0.000000
vn 2.529165 -0.234362 0.000000
vn 2.273715 -1.132175 0.000000
vn 1.711187 -1.877083 0.000000
vn 0.917554 -2.368479 0.000000
vn 0.000000 -2.540000 0.000000
vn 0.917554 -2.368479 0.000000
vn 1.711187 -1.877083 0.000000
vn 2.273715 -1.132175 0.000000
vn 2.529165 -0.234362 0.000000
vn 2.443037 0.695104 0.000000
vn 2.026964 1.530692 0.000000
vn 1.337138 2.159552 0.000000
vn 0.466724 2.496752 0.000000
vn -0.466724 2.496752 -0.000000
vn -1.337138 2.159552 -0.000000
vn -2.026964 1.530692 -0.000000
vn -2.443037 0.695104 -0.000000
vn -2.529165 -0.234362 -0.000000
vn -2.273715 -1.132175 -0.000000
vn -1.711187 -1.877083 -0.000000
vn -0.917554 -2.368479 -0.000000
vn 0.000000 -2.540000 0.000000
vn 0.000000 -2.540000 0.000000
vn 0.000000 -2.540000 0.000000
vn -0.607862 -2.466192 -0.000000
vn -1.180397 -2.249058 -0.000000
vn -1.684332 -1.901217 -0.000000
vn -2.090379 -1.442884 -0.000000
vn -2.374941 -0.900696 -0.000000
vn -2.521481 -0.306163 -0.000000
vn -2.521481 0.306163 -0.000000
vn -2.374941 0.900696 -0.000000
vn -2.090379 1.442884 -0.000000
vn -1.684332 1.901217 -0.000000
vn -1.180397 2.249058 -0.000000
vn -0.607862 2.466192 -0.000000
vn 0.000000 2.540000 -0.000000
vn 0.607862 2.466192 0.000000
vn 1.180397 2.249058 0.000000
vn 1.684332 1.901217 0.000000
vn 2.090379 1.442884 0.000000
vn 2.374941 0.900696 0.000000
vn 2.521481 0.306163 0.000000
vn 2.521481 -0.306163 0.000000
vn 2.374941 -0.900696 0.000000
vn 2.090379 -1.442884 0.000000
vn 1.684332 -1.901217 0.000000
vn 1.180397 -2.249058 0.000000
vn 0.607862 -2.466192 0.000000
vn 0.000000 -2.540000 0.000000
vn 0.607862 -2.466192 0.000000
vn 1.180397 -2.249058 0.000000
vn 1.684332 -1.901217 0.000000
vn 2.090379 -1.442884 0.000000
vn 2.374941 -0.900696 0.000000
vn 2.521481 -0.306163 0.000000
vn 2.521481 0.306163 0.000000
vn 2.374941 0.900696 0.000000
vn 2.090379 1.442884 0.000000
vn 1.684332 1.901217 0.000000
vn 1.180397 2.249058 0.000000
vn 0.607862 2.466192 0.000000
vn 0.000000 2.540000 -0.000000
vn -0.607862 2.466192 -0.000000
vn -1.180397 2.249058 -0.000000
vn -1.684332 1.901217 -0.000000
vn -2.090379 1.442884 -0.000000
vn -2.374941 0.900696 -0.000000
vn -2.521481 0.306163 -0.000000
vn -2.521481 -0.306163 -0.000000
vn -2.374941 -0.900696 -0.000000
vn -2.090379 -1.442884 -0.000000
vn -1.684332 -1.901217 -0.000000
vn -1.180397 -2.249058 -0.000000
vn -0.607862 -2.466192 -0.000000
vn 0.000000 -2.540000 0.000000
vn 0.000000 -2.540000 0.000000
vn 0.000000 -2.540000 0.000000
vn -0.917554 -2.368479 -0.000000
vn -1.711187 -1.877083 -0.000000
vn -2.273715 -1.132175 -0.000000
vn -2.529165 -0.234362 -0.000000
vn -2.443037 0.695104 -0.000000
vn -2.026964 1.530692 -0.000000
vn -1.337138 2.159552 -0.000000
vn -0.466724 2.496752 -0.000000
vn 0.466724 2.496752 0.000000
vn 1.337138 2.159552 0.000000
vn 2.026964 1.530692 0.000000
vn 2.443037 0.695104 0.000000
vn 2.529165 -0.234362 0.000000
vn 2.273715 -1.132175 0.000000
vn 1.711187 -1.877083 0.000000
vn 0.917554 -2.368479 0.000000
vn 0.000000 -2.540000 0.000000
vn 0.917554 -2.368479 0.000000
vn 1.711187 -1.877083 0.000000
vn 2.273715 -1.132175 0.000000
vn 2.529165 -0.234362 0.000000
vn 2.443037 0.695104 0.000000
vn 2.026964 1.530692 0.000000
vn 1.337138 2.159552 0.000000
vn 0.466724 2.496752 0.000000
vn -0.466724 2.496752 -0.000000
vn -1.337138 2.159552 -0.000000
vn -2.026964 1.530692 -0.000000
vn -2.443037 0.695104 -0.000000
vn -2.529165 -0.234362 -0.000000
vn -2.273715 -1.132175 -0.000000
vn -1.711187 -1.877083 -0.000000
vn -0.917554 -2.368479 -0.000000
vn 0.000000 -2.540000 0.000000
vn 0.000000 -2.540000 0.000000
vn 0.000000 -2.540000 0.000000
vn -0.917554 -2.368479 -0.000000
vn -1.711187 -1.877083 -0.000000
vn -2.273715 -1.132175 -0.000000
vn -2.529165 -0.234362 -0.000000
vn -2.443037 0.695104 -0.000000
vn -2.026964 1.530692 -0.000000
vn -1.337138 2.159552 -0.000000
vn -0.466724 2.496752 -0.000000
vn 0.466724 2.496752 0.000000
vn 1.337138 2.159552 0.000000
vn 2.026964 1.530692 0.000000
vn 2.443037 0.695104 0.000000
vn 2.529165 -0.234362 0.000000
vn 2.273715 -1.132175 0.000000
vn 1.711187 -1.877083 0.000000
vn 0.917554 -2.368479 0.000000
vn 0.000000 -2.540000 0.000000
vn 0.917554 -2.368479 0.000000
vn 1.711187 -1.877083 0.000000
vn 2.273715 -1.132175 0.000000
vn 2.529165 -0.234362 0.000000
vn 2.443037 0.695104 0.000000
vn 2.026964 1.530692 0.000000
vn 1.337138 2.159552 0.000000
vn 0.466724 2.496752 0.000000
vn -0.466724 2.496752 -0.000000
vn -1.337138 2.159552 -0.000000
vn -2.026964 1.530692 -0.000000
vn -2.443037 0.695104 -0.000000
vn -2.529165 -0.234362 -0.000000
vn -2.273715 -1.132175 -0.000000
vn -1.711187 -1.877083 -0.000000
vn -0.917554 -2.368479 -0.000000
vn 0.000000 -2.540000 0.000000
vn 0.000000 -2.540000 0.000000
vn 0.000000 -2.540000 0.000000
vn -0.917554 -2.368479 -0.000000
vn -1.711187 -1.877083 -0.000000
vn -2.273715 -1.132175 -0.000000
vn -2.529165 -0.234362 -0.000000
vn -2.443037 0.695104 -0.000000
vn -2.026964 1.530692 -0.000000
vn -1.337138 2.159552 -0.000000
vn -0.466724 2.496752 -0.000000
vn 0.466724 2.496752 0.000000
vn 1.337138 2.159552 0.000000
vn 2.026964 1.530692 0.000000
vn 2.443037 0.695104 0.000000
vn 2.529165 -0.234362 0.000000
vn 2.273715 -1.132175 0.000000
vn 1.711187 -1.877083 0.000000
vn 0.917554 -2.368479 0.000000
vn 0.000000 -2.540000 0.000000
vn 0.917554 -2.368479 0.000000
vn 1.711187 -1.877083 0.000000
vn 2.273715 -1.132175 0.000000
vn 2.529165 -0.234362 0.000000
vn 2.443037 0.695104 0.000000
vn 2.026964 1.530692 0.000000
vn 1.337138 2.159552 0.000000
vn 0.466724 2.496752 0.000000
vn -0.466724 2.496752 -0.000000
vn -1.337138 2.159552 -0.000000
vn -2.026964 1.530692 -0.000000
vn -2.443037 0.695104 -0.000000
vn -2.529165 -0.234362 -0.000000
vn -2.273715 -1.132175 -0.000000
vn -1.711187 -1.877083 -0.000000
vn -0.917554 -2.368479 -0.000000
vn 0.000000 -2.540000 0.000000
vn 0.000000 -2.540000 0.000000
vn 0.000000 -2.540000 0.000000
vn -0.917554 -2.368479 -0.000000
vn -1.711187 -1.877083 -0.000000
vn -2.273715 -1.132175 -0.000000
vn -2.529165 -0.234362 -0.000000
vn -2.443037 0.695104 -0.000000
vn -2.026964 1.530692 -0.000000
vn -1.337138 2.159552 -0.000000
vn -0.466724 2.496752 -0.000000
vn 0.466724 2.496752 0.000000
vn 1.337138 2.159552 0.000000
vn 2.026964 1.530692 0.000000
vn 2.443037 0.695104 0.000000
vn 2.529165 -0.234362 0.000000
vn 2.273715 -1.132175 0.000000
vn 1.711187 -1.877083 0.000000
vn 0.917554 -2.368479 0.000000
vn 0.000000 -2.540000 0.000000
vn 0.917554 -2.368479 0.000000
vn 1.711187 -1.877083 0.000000
vn 2.273715 -1.132175 0.000000
vn 2.529165 -0.234362 0.000000
vn 2.443037 0.695104 0.000000
vn 2.026964 1.530692 0.000000
vn 1.337138 2.159552 0.000000
vn 0.466724 2.496752 0.000000
vn -0.466724 2.496752 -0.000000
vn -1.337138 2.159552 -0.000000
vn -2.026964 1.530692 -0.000000
vn -2.443037 0.695104 -0.000000
vn -2.529165 -0.234362 -0.000000
vn -2.273715 -1.132175 -0.000000
vn -1.711187 -1.877083 -0.000000
vn -0.917554 -2.368479 -0.000000
vn 0.000000 -2.540000 0.000000
vn 0.000000 -2.540000 0.000000
vn 0.000000 -2.540000 0.000000
vn -0.607862 -2.466192 -0.000000
vn -1.180397 -2.249058 -0.000000
vn -1.684332 -1.901217 -0.000000
vn -2.090379 -1.442884 -0.000000
vn -2.374941 -0.900696 -0.000000
vn -2.521481 -0.306163 -0.000000
vn -2.521481 0.306163 -0.000000
vn -2.374941 0.900696 -0.000000
vn -2.090379 1.442884 -0.000000
vn -1.684332 1.901217 -0.000000
vn -1.180397 2.249058 -0.000000
vn -0.607862 2.466192 -0.000000
vn 0.000000 2.540000 -0.000000
vn 0.607862 2.466192 0.000000
vn 1.180397 2.249058 0.000000
vn 1.684332 1.901217 0.000000
vn 2.090379 1.442884 0.000000
vn 2.374941 0.900696 0.000000
vn 2.521481 0.306163 0.000000
vn 2.521481 -0.306163 0.000000
vn 2.374941 -0.900696 0.000000
vn 2.090379 -1.442884 0.000000
vn 1.684332 -1.901217 0.000000
vn 1.180397 -2.249058 0.000000
vn 0.607862 -2.466192 0.000000
vn 0.000000 -2.540000 0.000000
vn 0.607862 -2.466192 0.000000
vn 1.180397 -2.249058 0.000000
vn 1.684332 -1.901217 0.000000
vn 2.090379 -1.442884 0.000000
vn 2.374941 -0.900696 0.000000
vn 2.521481 -0.306163 0.000000
vn 2.521481 0.306163 0.000000
vn 2.374941 0.900696 0.000000
vn 2.090379 1.442884 0.000000
vn 1.684332 1.901217 0.000000
vn 1.180397 2.249058 0.000000
vn 0.607862 2.466192 0.000000
vn 0.000000 2.540000 -0.000000
vn -0.607862 2.466192 -0.000000
vn -1.180397 2.249058 -0.000000
vn -1.684332 1.901217 -0.000000
vn -2.090379 1.442884 -0.000000
vn -2.374941 0.900696 -0.000000
vn -2.521481 0.306163 -0.000000
vn -2.521481 -0.306163 -0.000000
vn -2.374941 -0.900696 -0.000000
vn -2.090379 -1.442884 -0.000000
vn -1.684332 -1.901217 -0.000000
vn -1.180397 -2.249058 -0.000000
vn -0.607862 -2.466192 -0.000000
vn 0.000000 -2.540000 0.000000
vn 0.000000 -2.540000 0.000000
vn 0.000000 2.540000 -0.000000
vn 0.000000 2.540000 -0.000000
vn 0.000000 2.540000 -0.000000
vn 0.000000 2.540000 -0.000000
vn -2.540000 -0.000000 -0.000000
vn -2.540000 -0.000000 -0.000000
vn -2.540000 -0.000000 -0.000000
vn -2.540000 -0.000000 -0.000000
vn 0.000000 -2.540000 0.000000
vn 0.000000 -2.540000 0.000000
vn 0.000000 -2.540000 0.000000
vn 0.000000 -2.540000 0.000000
vn 2.540000 0.000000 0.000000
vn 2.540000 0.000000 0.000000
vn 2.540000 0.000000 0.000000
vn 2.540000 0.000000 0.000000
vn -0.000000 0.000000 2.540000
vn -0.000000 0.000000 2.540000
vn -0.000000 0.000000 2.540000
vn -0.000000 0.000000 2.540000
vn -0.000000 0.000000 2.540000
vn -0.000000 0.000000 2.540000
vn -0.000000 0.000000 2.540000
vn -0.000000 0.000000 2.540000
vn -0.000000 0.000000 2.540000
vn -0.000000 0.000000 2.540000
vn -0.000000 0.000000 2.540000
vn -0.000000 0.000000 2.540000
vn -0.000000 0.000000 2.540000
vn -0.000000 0.000000 2.540000
vn -0.000000 0.000000 2.540000
vn -0.000000 0.000000 2.540000
vn -0.000000 0.000000 2.540000
vn -0.000000 0.000000 2.540000
vn -0.000000 0.000000 2.540000
vn -0.000000 0.000000 2.540000
vn -0.000000 0.000000 2.540000
vn -0.000000 0.000000 2.540000
vn -0.000000 0.000000 2.540000
vn -0.000000 0.000000 2.540000
vn -0.000000 0.000000 2.540000
vn -0.000000 0.000000 2.540000
vn -0.000000 0.000000 2.540000
vn -0.000000 0.000000 2.540000
vn -0.000000 0.000000 2.540000
vn -0.000000 0.000000 2.540000
vn -0.000000 0.000000 2.540000
vn -0.000000 0.000000 2.540000
vn -0.000000 0.000000 2.540000
vn -0.000000 0.000000 2.540000
vn -0.000000 0.000000 2.540000
vn -0.000000 0.000000 2.540000
vn -0.000000 0.000000 2.540000
vn -0.000000 0.000000 2.540000
vn -0.000000 0.000000 2.540000
vn -0.000000 0.000000 2.540000
vn -0.000000 0.000000 2.540000
vn -0.000000 0.000000 2.540000
vn -0.000000 0.000000 2.540000
vn -0.000000 0.000000 2.540000
vn -0.000000 0.000000 2.540000
vn -0.000000 0.000000 2.540000
vn -0.000000 0.000000 2.540000
vn -0.000000 0.000000 2.540000
vn -0.000000 0.000000 2.540000
vn -0.000000 0.000000 2.540000
vn -0.000000 0.000000 2.540000
vn -0.000000 0.000000 2.540000
vn -0.000000 0.000000 2.540000
vn -0.000000 0.000000 2.540000
vn -0.000000 0.000000 2.540000
vn -0.000000 0.000000 2.540000
vn -0.000000 0.000000 2.540000
vn -0.000000 0.000000 2.540000
vn -0.000000 0.000000 2.540000
vn -0.000000 0.000000 2.540000
vn -0.000000 0.000000 2.540000
vn -0.000000 0.000000 2.540000
vn -0.000000 0.000000 2.540000
vn -0.000000 0.000000 2.540000
vn -0.000000 0.000000 2.540000
vn -0.000000 0.000000 2.540000
vn -0.000000 0.000000 2.540000
vn -0.000000 0.000000 2.540000
vn -0.000000 0.000000 2.540000
vn -0.000000 0.000000 2.540000
vn -0.000000 0.000000 2.540000
vn -0.000000 0.000000 2.540000
vn -0.000000 0.000000 2.540000
vn -0.000000 0.000000 2.540000
vn -0.000000 0.000000 2.540000
vn -0.000000 0.000000 2.540000
vn -0.000000 0.000000 2.540000
vn -0.000000 0.000000 2.540000
vn -0.000000 0.000000 2.540000
vn -0.000000 0.000000 2.540000
vn -0.000000 0.000000 2.540000
vn -0.000000 0.000000 2.540000
vn -0.000000 0.000000 2.540000
vn -0.000000 0.000000 2.540000
vn -0.000000 0.000000 2.540000
vn -0.000000 0.000000 2.540000
vn -0.000000 0.000000 2.540000
vn -0.000000 0.000000 2.540000
vn -0.000000 0.000000 2.540000
vn -0.000000 0.000000 2.540000
vn -0.000000 0.000000 2.540000
vn -0.000000 0.000000 2.540000
vn -0.000000 0.000000 2.540000
vn -0.000000 0.000000 2.540000
vn -0.000000 0.000000 2.540000
vn -0.000000 0.000000 2.540000
vn -0.000000 0.000000 2.540000
vn -0.000000 0.000000 2.540000
vn -0.000000 0.000000 2.540000
vn -0.000000 0.000000 2.540000
vn -0.000000 0.000000 2.540000
vn -0.000000 0.000000 2.540000
vn -0.000000 0.000000 2.540000
vn -0.000000 0.000000 2.540000
vn -0.000000 0.000000 2.540000
vn -0.000000 0.000000 2.540000
vn -0.000000 0.000000 2.540000
vn -0.000000 0.000000 2.540000
vn -0.000000 0.000000 2.540000
vn -0.000000 0.000000 2.540000
vn -0.000000 0.000000 2.540000
vn -0.000000 0.000000 2.540000
vn -0.000000 0.000000 2.540000
vn -0.000000 0.000000 2.540000
vn -0.000000 0.000000 2.540000
vn -0.000000 0.000000 2.540000
vn -0.000000 0.000000 2.540000
vn -0.000000 0.000000 2.540000
vn -0.000000 0.000000 2.540000
vn -0.000000 0.000000 2.540000
vn -0.000000 0.000000 2.540000
vn -0.000000 0.000000 2.540000
vn -0.000000 0.000000 2.540000
vn -0.000000 0.000000 2.540000
vn -0.000000 0.000000 2.540000
vn -0.000000 0.000000 2.540000
vn -0.000000 0.000000 2.540000
vn -0.000000 0.000000 2.540000
vn -0.000000 0.000000 2.540000
vn -0.000000 0.000000 2.540000
vn -0.000000 0.000000 2.540000
vn -0.000000 0.000000 2.540000
vn -0.000000 0.000000 2.540000
vn -0.000000 0.000000 2.540000
vn -0.000000 0.000000 2.540000
vn -0.000000 0.000000 2.540000
vn -0.000000 0.000000 2.540000
vn -0.000000 0.000000 2.540000
vn -0.000000 0.000000 2.540000
vn -0.000000 0.000000 2.540000
vn -0.000000 0.000000 2.540000
vn -0.000000 0.000000 2.540000
vn -0.000000 0.000000 2.540000
vn -0.000000 0.000000 2.540000
vn -0.000000 0.000000 2.540000
vn -0.000000 0.000000 2.540000
vn -0.000000 0.000000 2.540000
vn -0.000000 0.000000 2.540000
vn -0.000000 0.000000 2.540000
vn -0.000000 0.000000 2.540000
vn -0.000000 0.000000 2.540000
vn -0.000000 0.000000 2.540000
vn -0.000000 0.000000 2.540000
vn -0.000000 0.000000 2.540000
vn -0.000000 0.000000 2.540000
vn -0.000000 0.000000 2.540000
vn -0.000000 0.000000 2.540000
vn -0.000000 0.000000 2.540000
vn -0.000000 0.000000 2.540000
vn -0.000000 0.000000 2.540000
vn -0.000000 0.000000 2.540000
vn -0.000000 0.000000 2.540000
vn -0.000000 0.000000 2.540000
vn -0.000000 0.000000 2.540000
vn -0.000000 0.000000 2.540000
vn -0.000000 0.000000 2.540000
vn -0.000000 0.000000 2.540000
vn -0.000000 0.000000 2.540000
vn -0.000000 0.000000 2.540000
vn -0.000000 0.000000 2.540000
vn -0.000000 0.000000 2.540000
vn -0.000000 0.000000 2.540000
vn -0.000000 0.000000 2.540000
vn -0.000000 0.000000 2.540000
vn -0.000000 0.000000 2.540000
vn -0.000000 0.000000 2.540000
vn -0.000000 0.000000 2.540000
vn -0.000000 0.000000 2.540000
vn -0.000000 0.000000 2.540000
vn -0.000000 0.000000 2.540000
vn -0.000000 0.000000 2.540000
vn -0.000000 0.000000 2.540000
vn -0.000000 0.000000 2.540000
vn -0.000000 0.000000 2.540000
vn -0.000000 0.000000 2.540000
vn -0.000000 0.000000 2.540000
vn -0.000000 0.000000 2.540000
vn -0.000000 0.000000 2.540000
vn -0.000000 0.000000 2.540000
vn -0.000000 0.000000 2.540000
vn -0.000000 0.000000 2.540000
vn -0.000000 0.000000 2.540000
vn -0.000000 0.000000 2.540000
vn -0.000000 0.000000 2.540000
vn -0.000000 0.000000 2.540000
vn -0.000000 0.000000 2.540000
vn -0.000000 0.000000 2.540000
vn -0.000000 0.000000 2.540000
vn -0.000000 0.000000 2.540000
vn -0.000000 0.000000 2.540000
vn -0.000000 0.000000 2.540000
vn -0.000000 0.000000 2.540000
vn -0.000000 0.000000 2.540000
vn -0.000000 0.000000 2.540000
vn -0.000000 0.000000 2.540000
vn -0.000000 0.000000 2.540000
vn -0.000000 0.000000 2.540000
vn -0.000000 0.000000 2.540000
vn -0.000000 0.000000 2.540000
vn -0.000000 0.000000 2.540000
vn -0.000000 0.000000 2.540000
vn -0.000000 0.000000 2.540000
vn -0.000000 0.000000 2.540000
vn -0.000000 0.000000 2.540000
vn -0.000000 0.000000 2.540000
vn -0.000000 0.000000 2.540000
vn -0.000000 0.000000 2.540000
vn -0.000000 0.000000 2.540000
vn -0.000000 0.000000 2.540000
vn -0.000000 0.000000 2.540000
vn -0.000000 0.000000 2.540000
vn -0.000000 0.000000 2.540000
vn -0.000000 0.000000 2.540000
vn -0.000000 0.000000 2.540000
vn -0.000000 0.000000 2.540000
vn -0.000000 0.000000 2.540000
vn -0.000000 0.000000 2.540000
vn -0.000000 0.000000 2.540000
vn -0.000000 0.000000 2.540000
vn -0.000000 0.000000 2.540000
vn -0.000000 0.000000 2.540000
vn -0.000000 0.000000 2.540000
vn -0.000000 0.000000 2.540000
vn -0.000000 0.000000 2.540000
vn -0.000000 0.000000 2.540000
vn -0.000000 0.000000 2.540000
vn -0.000000 0.000000 2.540000
vn -0.000000 0.000000 2.540000
vn -0.000000 0.000000 2.540000
vn -0.000000 0.000000 2.540000
vn -0.000000 0.000000 2.540000
vn -0.000000 0.000000 2.540000
vn -0.000000 0.000000 2.540000
vn -0.000000 0.000000 2.540000
vn -0.000000 0.000000 2.540000
vn -0.000000 0.000000 2.540000
vn -0.000000 0.000000 2.540000
vn -0.000000 0.000000 2.540000
vn -0.000000 0.000000 2.540000
vn -0.000000 0.000000 2.540000
vn -0.000000 0.000000 2.540000
vn -0.000000 0.000000 2.540000
vn -0.000000 0.000000 2.540000
vn -0.000000 0.000000 2.540000
vn -0.000000 0.000000 2.540000
vn -0.000000 0.000000 2.540000
vn -0.000000 0.000000 2.540000
vn -0.000000 0.000000 2.540000
vn -0.000000 0.000000 2.540000
vn -0.000000 0.000000 2.540000
vn -0.000000 0.000000 2.540000
vn -0.000000 0.000000 2.540000
vn -0.000000 0.000000 2.540000
vn -0.000000 0.000000 2.540000
vn 0.000000 -0.000000 -2.540000
vn 0.000000 -0.000000 -2.540000
vn 0.000000 -0.000000 -2.540000
vn 0.000000 -0.000000 -2.540000
vn 0.000000 -0.000000 -2.540000
vn 0.000000 -0.000000 -2.540000
vn 0.000000 -0.000000 -2.540000
vn 0.000000 -0.000000 -2.540000
vn 0.000000 -0.000000 -2.540000
vn 0.000000 -0.000000 -2.540000
vn 0.000000 -0.000000 -2.540000
vn 0.000000 -0.000000 -2.540000
vn 0.000000 -0.000000 -2.540000
vn 0.000000 -0.000000 -2.540000
vn 0.000000 -0.000000 -2.540000
vn 0.000000 -0.000000 -2.540000
vn 0.000000 -0.000000 -2.540000
vn 0.000000 -0.000000 -2.540000
vn 0.000000 -0.000000 -2.540000
vn 0.000000 -0.000000 -2.540000
vn 0.000000 -0.000000 -2.540000
vn 0.000000 -0.000000 -2.540000
vn 0.000000 -0.000000 -2.540000
vn 0.000000 -0.000000 -2.540000
vn 0.000000 -0.000000 -2.540000
vn 0.000000 -0.000000 -2.540000
vn 0.000000 -0.000000 -2.540000
vn 0.000000 -0.000000 -2.540000
vn 0.000000 -0.000000 -2.540000
vn 0.000000 -0.000000 -2.540000
vn 0.000000 -0.000000 -2.540000
vn 0.000000 -0.000000 -2.540000
vn 0.000000 -0.000000 -2.540000
vn 0.000000 -0.000000 -2.540000
vn 0.000000 -0.000000 -2.540000
vn 0.000000 -0.000000 -2.540000
vn 0.000000 -0.000000 -2.540000
vn 0.000000 -0.000000 -2.540000
vn 0.000000 -0.000000 -2.540000
vn 0.000000 -0.000000 -2.540000
vn 0.000000 -0.000000 -2.540000
vn 0.000000 -0.000000 -2.540000
vn 0.000000 -0.000000 -2.540000
vn 0.000000 -0.000000 -2.540000
vn 0.000000 -0.000000 -2.540000
vn 0.000000 -0.000000 -2.540000
vn 0.000000 -0.000000 -2.540000
vn 0.000000 -0.000000 -2.540000
vn 0.000000 -0.000000 -2.540000
vn 0.000000 -0.000000 -2.540000
vn 0.000000 -0.000000 -2.540000
vn 0.000000 -0.000000 -2.540000
vn 0.000000 -0.000000 -2.540000
vn 0.000000 -0.000000 -2.540000
vn 0.000000 -0.000000 -2.540000
vn 0.000000 -0.000000 -2.540000
vn 0.000000 -0.000000 -2.540000
vn 0.000000 -0.000000 -2.540000
vn 0.000000 -0.000000 -2.540000
vn 0.000000 -0.000000 -2.540000
vn 0.000000 -0.000000 -2.540000
vn 0.000000 -0.000000 -2.540000
vn 0.000000 -0.000000 -2.540000
vn 0.000000 -0.000000 -2.540000
vn 0.000000 -0.000000 -2.540000
vn 0.000000 -0.000000 -2.540000
vn 0.000000 -0.000000 -2.540000
vn 0.000000 -0.000000 -2.540000
vn 0.000000 -0.000000 -2.540000
vn 0.000000 -0.000000 -2.540000
vn 0.000000 -0.000000 -2.540000
vn 0.000000 -0.000000 -2.540000
vn 0.000000 -0.000000 -2.540000
vn 0.000000 -0.000000 -2.540000
vn 0.000000 -0.000000 -2.540000
vn 0.000000 -0.000000 -2.540000
vn 0.000000 -0.000000 -2.540000
vn 0.000000 -0.000000 -2.540000
vn 0.000000 -0.000000 -2.540000
vn 0.000000 -0.000000 -2.540000
vn 0.000000 -0.000000 -2.540000
vn 0.000000 -0.000000 -2.540000
vn 0.000000 -0.000000 -2.540000
vn 0.000000 -0.000000 -2.540000
vn 0.000000 -0.000000 -2.540000
vn 0.000000 -0.000000 -2.540000
vn 0.000000 -0.000000 -2.540000
vn 0.000000 -0.000000 -2.540000
vn 0.000000 -0.000000 -2.540000
vn 0.000000 -0.000000 -2.540000
vn 0.000000 -0.000000 -2.540000
vn 0.000000 -0.000000 -2.540000
vn 0.000000 -0.000000 -2.540000
vn 0.000000 -0.000000 -2.540000
vn 0.000000 -0.000000 -2.540000
vn 0.000000 -0.000000 -2.540000
vn 0.000000 -0.000000 -2.540000
vn 0.000000 -0.000000 -2.540000
vn 0.000000 -0.000000 -2.540000
vn 0.000000 -0.000000 -2.540000
vn 0.000000 -0.000000 -2.540000
vn 0.000000 -0.000000 -2.540000
vn 0.000000 -0.000000 -2.540000
vn 0.000000 -0.000000 -2.540000
vn 0.000000 -0.000000 -2.540000
vn 0.000000 -0.000000 -2.540000
vn 0.000000 -0.000000 -2.540000
vn 0.000000 -0.000000 -2.540000
vn 0.000000 -0.000000 -2.540000
vn 0.000000 -0.000000 -2.540000
vn 0.000000 -0.000000 -2.540000
vn 0.000000 -0.000000 -2.540000
vn 0.000000 -0.000000 -2.540000
vn 0.000000 -0.000000 -2.540000
vn 0.000000 -0.000000 -2.540000
vn 0.000000 -0.000000 -2.540000
vn 0.000000 -0.000000 -2.540000
vn 0.000000 -0.000000 -2.540000
vn 0.000000 -0.000000 -2.540000
vn 0.000000 -0.000000 -2.540000
vn 0.000000 -0.000000 -2.540000
vn 0.000000 -0.000000 -2.540000
vn 0.000000 -0.000000 -2.540000
vn 0.000000 -0.000000 -2.540000
vn 0.000000 -0.000000 -2.540000
vn 0.000000 -0.000000 -2.540000
vn 0.000000 -0.000000 -2.540000
vn 0.000000 -0.000000 -2.540000
vn 0.000000 -0.000000 -2.540000
vn 0.000000 -0.000000 -2.540000
vn 0.000000 -0.000000 -2.540000
vn 0.000000 -0.000000 -2.540000
vn 0.000000 -0.000000 -2.540000
vn 0.000000 -0.000000 -2.540000
vn 0.000000 -0.000000 -2.540000
vn 0.000000 -0.000000 -2.540000
vn 0.000000 -0.000000 -2.540000
vn 0.000000 -0.000000 -2.540000
vn 0.000000 -0.000000 -2.540000
vn 0.000000 -0.000000 -2.540000
vn 0.000000 -0.000000 -2.540000
vn 0.000000 -0.000000 -2.540000
vn 0.000000 -0.000000 -2.540000
vn 0.000000 -0.000000 -2.540000
vn 0.000000 -0.000000 -2.540000
vn 0.000000 -0.000000 -2.540000
vn 0.000000 -0.000000 -2.540000
vn 0.000000 -0.000000 -2.540000
vn 0.000000 -0.000000 -2.540000
vn 0.000000 -0.000000 -2.540000
vn 0.000000 -0.000000 -2.540000
vn 0.000000 -0.000000 -2.540000
vn 0.000000 -0.000000 -2.540000
vn 0.000000 -0.000000 -2.540000
vn 0.000000 -0.000000 -2.540000
vn 0.000000 -0.000000 -2.540000
vn 0.000000 -0.000000 -2.540000
vn 0.000000 -0.000000 -2.540000
vn 0.000000 -0.000000 -2.540000
vn 0.000000 -0.000000 -2.540000
vn 0.000000 -0.000000 -2.540000
vn 0.000000 -0.000000 -2.540000
vn 0.000000 -0.000000 -2.540000
vn 0.000000 -0.000000 -2.540000
vn 0.000000 -0.000000 -2.540000
vn 0.000000 -0.000000 -2.540000
vn 0.000000 -0.000000 -2.540000
vn 0.000000 -0.000000 -2.540000
vn 0.000000 -0.000000 -2.540000
vn 0.000000 -0.000000 -2.540000
vn 0.000000 -0.000000 -2.540000
vn 0.000000 -0.000000 -2.540000
vn 0.000000 -0.000000 -2.540000
vn 0.000000 -0.000000 -2.540000
vn 0.000000 -0.000000 -2.540000
vn 0.000000 -0.000000 -2.540000
vn 0.000000 -0.000000 -2.540000
vn 0.000000 -0.000000 -2.540000
vn 0.000000 -0.000000 -2.540000
usemtl 46,112,170
f 520/1/1 492/2/2 519/4/4
f 519/4/4 492/2/2 491/3/3
f 492/5/5 464/6/6 491/8/8
f 491/8/8 464/6/6 463/7/7
f 464/9/9 452/10/10 463/12/12
f 463/12/12 452/10/10 451/11/11
f 452/13/13 476/14/14 451/16/16
f 451/16/16 476/14/14 475/15/15
f 476/17/17 450/18/18 475/20/20
f 475/20/20 450/18/18 449/19/19
f 450/21/21 462/22/22 449/24/24
f 449/24/24 462/22/22 461/23/23
f 462/25/25 490/26/26 461/28/28
f 461/28/28 490/26/26 489/27/27
f 490/29/29 518/30/30 489/32/32
f 489/32/32 518/30/30 517/31/31
f 518/33/33 522/34/34 517/36/36
f 517/36/36 522/34/34 521/35/35
f 522/37/37 512/38/38 521/40/40
f 521/40/40 512/38/38 511/39/39
f 512/41/41 524/42/42 511/44/44
f 511/44/44 524/42/42 523/43/43
f 524/45/45 520/46/46 523/48/48
f 523/48/48 520/46/46 519/47/47
f 523/49/49 519/50/50 511/60/60
f 511/60/60 519/50/50 491/51/51
f 511/60/60 491/51/51 489/57/57
f 489/57/57 491/51/51 475/54/54
f 489/57/57 475/54/54 461/56/56
f 461/56/56 475/54/54 449/55/55
f 463/52/52 451/53/53 491/51/51
f 491/51/51 451/53/53 475/54/54
f 517/58/58 521/59/59 489/57/57
f 489/57/57 521/59/59 511/60/60
f 363/68/68 364/61/61 387/67/67
f 387/67/67 364/61/61 388/62/62
f 387/67/67 388/62/62 399/66/66
f 399/66/66 388/62/62 400/63/63
f 399/66/66 400/63/63 403/65/65
f 403/65/65 400/63/63 404/64/64
f 404/69/69 508/70/70 403/72/72
f 403/72/72 508/70/70 507/71/71
f 508/73/73 510/74/74 507/76/76
f 507/76/76 510/74/74 509/75/75
f 510/77/77 406/78/78 509/80/80
f 509/80/80 406/78/78 405/79/79
f 405/88/88 406/81/81 401/87/87
f 401/87/87 406/81/81 402/82/82
f 401/87/87 402/82/82 394/83/83
f 386/84/84 385/85/85 394/83/83
f 394/83/83 385/85/85 393/86/86
f 394/83/83 393/86/86 401/87/87
f 386/89/89 432/90/90 385/92/92
f 385/92/92 432/90/90 431/91/91
f 432/93/93 438/94/94 431/96/96
f 431/96/96 438/94/94 437/95/95
f 438/97/97 360/98/98 437/100/100
f 437/100/100 360/98/98 359/99/99
f 360/101/101 340/102/102 359/104/104
f 359/104/104 340/102/102 339/103/103
f 340/105/105 334/106/106 339/108/108
f 339/108/108 334/106/106 333/107/107
f 334/109/109 352/110/110 333/112/112
f 333/112/112 352/110/110 351/111/111
f 352/113/113 358/114/114 351/116/116
f 351/116/116 358/114/114 357/115/115
f 357/124/124 358/117/117 373/123/123
f 373/123/123 358/117/117 374/118/118
f 373/123/123 374/118/118 380/119/119
f 384/120/120 383/121/121 380/119/119
f 380/119/119 383/121/121 379/122/122
f 380/119/119 379/122/122 373/123/123
f 384/125/125 306/126/126 383/128/128
f 383/128/128 306/126/126 305/127/127
f 306/129/129 324/130/130 305/132/132
f 305/132/132 324/130/130 323/131/131
f 324/133/133 320/134/134 323/136/136
f 323/136/136 320/134/134 319/135/135
f 320/137/137 288/138/138 319/140/140
f 319/140/140 288/138/138 287/139/139
f 288/141/141 286/142/142 287/144/144
f 287/144/144 286/142/142 285/143/143
f 286/145/145 318/146/146 285/148/148
f 285/148/148 318/146/146 317/147/147
f 318/149/149 322/150/150 317/152/152
f 317/152/152 322/150/150 321/151/151
f 322/153/153 308/154/154 321/156/156
f 321/156/156 308/154/154 307/155/155
f 308/157/157 382/158/158 307/160/160
f 307/160/160 382/158/158 381/159/159
f 381/168/168 382/161/161 377/167/167
f 377/167/167 382/161/161 378/162/162
f 377/167/167 378/162/162 361/166/166
f 361/166/166 378/162/162 362/163/163
f 361/166/166 362/163/163 345/165/165
f 345/165/165 362/163/163 346/164/164
f 346/169/169 364/170/170 345/172/172
f 345/172/172 364/170/170 363/171/171
f 363/174/174 387/175/175 345/173/173
f 345/173/173 387/175/175 361/204/204
f 361/204/204 387/175/175 399/176/176
f 361/204/204 399/176/176 377/203/203
f 377/203/203 399/176/176 403/177/177
f 377/203/203 403/177/177 381/202/202
f 381/202/202 403/177/177 383/193/193
f 381/202/202 383/193/193 307/201/201
f 307/201/201 383/193/193 305/194/194
f 307/201/201 305/194/194 285/198/198
f 285/198/198 305/194/194 287/197/197
f 287/197/197 305/194/194 319/196/196
f 319/196/196 305/194/194 323/195/195
f 383/193/193 403/177/177 405/180/180
f 405/180/180 403/177/177 507/178/178
f 405/180/180 507/178/178 509/179/179
f 383/193/193 405/180/180 379/192/192
f 379/192/192 405/180/180 401/181/181
f 379/192/192 401/181/181 373/191/191
f 373/191/191 401/181/181 393/182/182
f 373/191/191 393/182/182 357/190/190
f 357/190/190 393/182/182 385/183/183
f 357/190/190 385/183/183 339/187/187
f 339/187/187 385/183/183 359/186/186
f 359/186/186 385/183/183 437/185/185
f 437/185/185 385/183/183 431/184/184
f 339/187/187 333/188/188 357/190/190
f 357/190/190 333/188/188 351/189/189
f 285/198/198 317/199/199 307/201/201
f 307/201/201 317/199/199 321/200/200
f 410/205/205 408/206/206 409/208/208
f 409/208/208 408/206/206 407/207/207
f 408/209/209 424/210/210 407/212/212
f 407/212/212 424/210/210 423/211/211
f 424/213/213 426/214/214 423/216/216
f 423/216/216 426/214/214 425/215/215
f 425/224/224 426/217/217 453/223/223
f 453/223/223 426/217/217 454/218/218
f 453/223/223 454/218/218 472/219/219
f 494/220/220 493/221/221 472/219/219
f 472/219/219 493/221/221 471/222/222
f 472/219/219 471/222/222 453/223/223
f 494/225/225 482/226/226 493/228/228
f 493/228/228 482/226/226 481/227/227
f 482/229/229 506/230/230 481/232/232
f 481/232/232 506/230/230 505/231/231
f 506/233/233 516/234/234 505/236/236
f 505/236/236 516/234/234 515/235/235
f 516/237/237 514/238/238 515/240/240
f 515/240/240 514/238/238 513/239/239
f 514/241/241 448/242/242 513/244/244
f 513/244/244 448/242/242 447/243/243
f 448/245/245 440/246/246 447/248/248
f 447/248/248 440/246/246 439/247/247
f 440/249/249 484/250/250 439/252/252
f 439/252/252 484/250/250 483/251/251
f 483/260/260 484/253/253 465/259/259
f 465/259/259 484/253/253 466/254/254
f 465/259/259 466/254/254 442/255/255
f 428/256/256 427/257/257 442/255/255
f 442/255/255 427/257/257 441/258/258
f 442/255/255 441/258/258 465/259/259
f 428/261/261 430/262/262 427/264/264
f 427/264/264 430/262/262 429/263/263
f 430/265/265 460/266/266 429/268/268
f 429/268/268 460/266/266 459/267/267
f 460/269/269 474/270/270 459/272/272
f 459/272/272 474/270/270 473/271/271
f 474/273/273 422/274/274 473/276/276
f 473/276/276 422/274/274 421/275/275
f 422/277/277 416/278/278 421/280/280
f 421/280/280 416/278/278 415/279/279
f 416/281/281 350/282/282 415/284/284
f 415/284/284 350/282/282 349/283/283
f 350/285/285 366/286/286 349/288/288
f 349/288/288 366/286/286 365/287/287
f 366/289/289 414/290/290 365/292/292
f 365/292/292 414/290/290 413/291/291
f 414/293/293 412/294/294 413/296/296
f 413/296/296 412/294/294 411/295/295
f 411/304/304 412/297/297 375/303/303
f 375/303/303 412/297/297 376/298/298
f 375/303/303 376/298/298 337/302/302
f 337/302/302 376/298/298 338/299/299
f 337/302/302 338/299/299 331/301/301
f 331/301/301 338/299/299 332/300/300
f 332/305/305 330/306/306 331/308/308
f 331/308/308 330/306/306 329/307/307
f 329/316/316 330/309/309 335/315/315
f 335/315/315 330/309/309 336/310/310
f 335/315/315 336/310/310 367/314/314
f 367/314/314 336/310/310 368/311/311
f 367/314/314 368/311/311 409/313/313
f 409/313/313 368/311/311 410/312/312
f 329/317/317 335/318/318 331/348/348
f 331/348/348 335/318/318 337/347/347
f 337/347/347 335/318/318 367/319/319
f 337/347/347 367/319/319 375/346/346
f 375/346/346 367/319/319 409/320/320
f 375/346/346 409/320/320 411/345/345
f 411/345/345 409/320/320 427/336/336
f 411/345/345 427/336/336 413/344/344
f 413/344/344 427/336/336 429/337/337
f 413/344/344 429/337/337 415/341/341
f 415/341/341 429/337/337 421/340/340
f 421/340/340 429/337/337 473/339/339
f 473/339/339 429/337/337 459/338/338
f 427/336/336 409/320/320 425/323/323
f 425/323/323 409/320/320 407/321/321
f 425/323/323 407/321/321 423/322/322
f 427/336/336 425/323/323 441/335/335
f 441/335/335 425/323/323 453/324/324
f 441/335/335 453/324/324 465/334/334
f 465/334/334 453/324/324 471/325/325
f 465/334/334 471/325/325 483/333/333
f 483/333/333 471/325/325 493/326/326
f 483/333/333 493/326/326 513/330/330
f 513/330/330 493/326/326 515/329/329
f 515/329/329 493/326/326 505/328/328
f 505/328/328 493/326/326 481/327/327
f 513/330/330 447/331/331 483/333/333
f 483/333/333 447/331/331 439/332/332
f 415/341/341 349/342/342 413/344/344
f 413/344/344 349/342/342 365/343/343
f 272/349/349 290/350/350 271/352/352
f 271/352/352 290/350/350 289/351/351
f 290/353/353 314/354/354 289/356/356
f 289/356/356 314/354/354 313/355/355
f 314/357/357 316/358/358 313/360/360
f 313/360/360 316/358/358 315/359/359
f 316/361/361 292/362/362 315/364/364
f 315/364/364 292/362/362 291/363/363
f 292/365/365 274/366/366 291/368/368
f 291/368/368 274/366/366 273/367/367
f 274/369/369 266/370/370 273/372/372
f 273/372/372 266/370/370 265/371/371
f 266/373/373 280/374/374 265/376/376
f 265/376/376 280/374/374 279/375/375
f 280/377/377 264/378/378 279/380/380
f 279/380/380 264/378/378 263/379/379
f 264/381/381 272/382/382 263/384/384
f 263/384/384 272/382/382 271/383/383
f 263/385/385 271/386/386 279/393/393
f 279/393/393 271/386/386 289/387/387
f 279/393/393 289/387/387 291/390/390
f 291/390/390 289/387/387 313/388/388
f 291/390/390 313/388/388 315/389/389
f 291/390/390 273/391/391 279/393/393
f 279/393/393 273/391/391 265/392/392
f 355/395/395 356/427/427 347/394/394
f 347/394/394 356/427/427 348/428/428
f 347/429/429 348/411/411 353/410/410
f 353/410/410 348/411/411 354/412/412
f 353/410/410 354/412/412 369/409/409
f 369/409/409 354/412/412 370/413/413
f 369/409/409 370/413/413 395/408/408
f 395/408/408 370/413/413 396/414/414
f 395/408/408 396/414/414 417/407/407
f 417/407/407 396/414/414 418/415/415
f 417/407/407 418/415/415 443/406/406
f 443/406/406 418/415/415 444/416/416
f 443/406/406 444/416/416 467/405/405
f 467/405/405 444/416/416 468/417/417
f 467/405/405 468/417/417 485/404/404
f 485/404/404 468/417/417 486/418/418
f 485/404/404 486/418/418 499/403/403
f 499/403/403 486/418/418 500/419/419
f 499/403/403 500/419/419 501/402/402
f 501/402/402 500/419/419 502/420/420
f 501/402/402 502/420/420 487/401/401
f 487/401/401 502/420/420 488/421/421
f 487/401/401 488/421/421 469/400/400
f 469/400/400 488/421/421 470/422/422
f 469/400/400 470/422/422 445/399/399
f 445/399/399 470/422/422 446/423/423
f 445/399/399 446/423/423 419/398/398
f 419/398/398 446/423/423 420/424/424
f 419/398/398 420/424/424 397/397/397
f 397/397/397 420/424/424 398/425/425
f 397/397/397 398/425/425 371/396/396
f 371/396/396 398/425/425 372/426/426
f 371/396/396 372/426/426 355/395/395
f 355/395/395 372/426/426 356/427/427
f 137/431/431 138/463/463 133/430/430
f 133/430/430 138/463/463 134/464/464
f 133/465/465 134/447/447 135/446/446
f 135/446/446 134/447/447 136/448/448
f 135/446/446 136/448/448 139/445/445
f 139/445/445 136/448/448 140/449/449
f 139/445/445 140/449/449 143/444/444
f 143/444/444 140/449/449 144/450/450
f 143/444/444 144/450/450 147/443/443
f 147/443/443 144/450/450 148/451/451
f 147/443/443 148/451/451 151/442/442
f 151/442/442 148/451/451 152/452/452
f 151/442/442 152/452/452 155/441/441
f 155/441/441 152/452/452 156/453/453
f 155/441/441 156/453/453 159/440/440
f 159/440/440 156/453/453 160/454/454
f 159/440/440 160/454/454 163/439/439
f 163/439/439 160/454/454 164/455/455
f 163/439/439 164/455/455 165/438/438
f 165/438/438 164/455/455 166/456/456
f 165/438/438 166/456/456 161/437/437
f 161/437/437 166/456/456 162/457/457
f 161/437/437 162/457/457 157/436/436
f 157/436/436 162/457/457 158/458/458
f 157/436/436 158/458/458 153/435/435
f 153/435/435 158/458/458 154/459/459
f 153/435/435 154/459/459 149/434/434
f 149/434/434 154/459/459 150/460/460
f 149/434/434 150/460/460 145/433/433
f 145/433/433 150/460/460 146/461/461
f 145/433/433 146/461/461 141/432/432
f 141/432/432 146/461/461 142/462/462
f 141/432/432 142/462/462 137/431/431
f 137/431/431 142/462/462 138/463/463
f 31/466/466 5/467/467 32/469/469
f 32/469/469 5/467/467 6/468/468
f 33/470/470 31/471/471 34/473/473
f 34/473/473 31/471/471 32/472/472
f 7/474/474 33/475/475 8/477/477
f 8/477/477 33/475/475 34/476/476
f 5/478/478 7/479/479 6/481/481
f 6/481/481 7/479/479 8/480/480
f 171/483/483 172/515/515 167/482/482
f 167/482/482 172/515/515 168/516/516
f 167/517/517 168/499/499 169/498/498
f 169/498/498 168/499/499 170/500/500
f 169/498/498 170/500/500 173/497/497
f 173/497/497 170/500/500 174/501/501
f 173/497/497 174/501/501 177/496/496
f 177/496/496 174/501/501 178/502/502
f 177/496/496 178/502/502 181/495/495
f 181/495/495 178/502/502 182/503/503
f 181/495/495 182/503/503 185/494/494
f 185/494/494 182/503/503 186/504/504
f 185/494/494 186/504/504 189/493/493
f 189/493/493 186/504/504 190/505/505
f 189/493/493 190/505/505 193/492/492
f 193/492/492 190/505/505 194/506/506
f 193/492/492 194/506/506 197/491/491
f 197/491/491 194/506/506 198/507/507
f 197/491/491 198/507/507 199/490/490
f 199/490/490 198/507/507 200/508/508
f 199/490/490 200/508/508 195/489/489
f 195/489/489 200/508/508 196/509/509
f 195/489/489 196/509/509 191/488/488
f 191/488/488 196/509/509 192/510/510
f 191/488/488 192/510/510 187/487/487
f 187/487/487 192/510/510 188/511/511
f 187/487/487 188/511/511 183/486/486
f 183/486/486 188/511/511 184/512/512
f 183/486/486 184/512/512 179/485/485
f 179/485/485 184/512/512 180/513/513
f 179/485/485 180/513/513 175/484/484
f 175/484/484 180/513/513 176/514/514
f 175/484/484 176/514/514 171/483/483
f 171/483/483 176/514/514 172/515/515
f 13/519/519 14/569/569 9/518/518
f 9/518/518 14/569/569 10/570/570
f 9/571/571 10/544/544 11/543/543
f 11/543/543 10/544/544 12/545/545
f 11/543/543 12/545/545 15/542/542
f 15/542/542 12/545/545 16/546/546
f 15/542/542 16/546/546 19/541/541
f 19/541/541 16/546/546 20/547/547
f 19/541/541 20/547/547 23/540/540
f 23/540/540 20/547/547 24/548/548
f 23/540/540 24/548/548 27/539/539
f 27/539/539 24/548/548 28/549/549
f 27/539/539 28/549/549 35/538/538
f 35/538/538 28/549/549 36/550/550
f 35/538/538 36/550/550 39/537/537
f 39/537/537 36/550/550 40/551/551
f 39/537/537 40/551/551 43/536/536
f 43/536/536 40/551/551 44/552/552
f 43/536/536 44/552/552 53/535/535
f 53/535/535 44/552/552 54/553/553
f 53/535/535 54/553/553 65/534/534
f 65/534/534 54/553/553 66/554/554
f 65/534/534 66/554/554 73/533/533
f 73/533/533 66/554/554 74/555/555
f 73/533/533 74/555/555 77/532/532
f 77/532/532 74/555/555 78/556/556
f 77/532/532 78/556/556 81/531/531
f 81/531/531 78/556/556 82/557/557
f 81/531/531 82/557/557 79/530/530
f 79/530/530 82/557/557 80/558/558
f 79/530/530 80/558/558 75/529/529
f 75/529/529 80/558/558 76/559/559
f 75/529/529 76/559/559 67/528/528
f 67/528/528 76/559/559 68/560/560
f 67/528/528 68/560/560 55/527/527
f 55/527/527 68/560/560 56/561/561
f 55/527/527 56/561/561 45/526/526
f 45/526/526 56/561/561 46/562/562
f 45/526/526 46/562/562 41/525/525
f 41/525/525 46/562/562 42/563/563
f 41/525/525 42/563/563 37/524/524
f 37/524/524 42/563/563 38/564/564
f 37/524/524 38/564/564 29/523/523
f 29/523/523 38/564/564 30/565/565
f 29/523/523 30/565/565 25/522/522
f 25/522/522 30/565/565 26/566/566
f 25/522/522 26/566/566 21/521/521
f 21/521/521 26/566/566 22/567/567
f 21/521/521 22/567/567 17/520/520
f 17/520/520 22/567/567 18/568/568
f 17/520/520 18/568/568 13/519/519
f 13/519/519 18/568/568 14/569/569
f 239/573/573 240/605/605 235/572/572
f 235/572/572 240/605/605 236/606/606
f 235/607/607 236/589/589 237/588/588
f 237/588/588 236/589/589 238/590/590
f 237/588/588 238/590/590 241/587/587
f 241/587/587 238/590/590 242/591/591
f 241/587/587 242/591/591 245/586/586
f 245/586/586 242/591/591 246/592/592
f 245/586/586 246/592/592 255/585/585
f 255/585/585 246/592/592 256/593/593
f 255/585/585 256/593/593 267/584/584
f 267/584/584 256/593/593 268/594/594
f 267/584/584 268/594/594 281/583/583
f 281/583/583 268/594/594 282/595/595
f 281/583/583 282/595/595 297/582/582
f 297/582/582 282/595/595 298/596/596
f 297/582/582 298/596/596 301/581/581
f 301/581/581 298/596/596 302/597/597
f 301/581/581 302/597/597 303/580/580
f 303/580/580 302/597/597 304/598/598
f 303/580/580 304/598/598 299/579/579
f 299/579/579 304/598/598 300/599/599
f 299/579/579 300/599/599 283/578/578
f 283/578/578 300/599/599 284/600/600
f 283/578/578 284/600/600 269/577/577
f 269/577/577 284/600/600 270/601/601
f 269/577/577 270/601/601 257/576/576
f 257/576/576 270/601/601 258/602/602
f 257/576/576 258/602/602 247/575/575
f 247/575/575 258/602/602 248/603/603
f 247/575/575 248/603/603 243/574/574
f 243/574/574 248/603/603 244/604/604
f 243/574/574 244/604/604 239/573/573
f 239/573/573 244/604/604 240/605/605
f 103/609/609 104/641/641 99/608/608
f 99/608/608 104/641/641 100/642/642
f 99/643/643 100/625/625 101/624/624
f 101/624/624 100/625/625 102/626/626
f 101/624/624 102/626/626 105/623/623
f 105/623/623 102/626/626 106/627/627
f 105/623/623 106/627/627 109/622/622
f 109/622/622 106/627/627 110/628/628
f 109/622/622 110/628/628 113/621/621
f 113/621/621 110/628/628 114/629/629
f 113/621/621 114/629/629 117/620/620
f 117/620/620 114/629/629 118/630/630
f 117/620/620 118/630/630 121/619/619
f 121/619/619 118/630/630 122/631/631
f 121/619/619 122/631/631 125/618/618
f 125/618/618 122/631/631 126/632/632
f 125/618/618 126/632/632 129/617/617
f 129/617/617 126/632/632 130/633/633
f 129/617/617 130/633/633 131/616/616
f 131/616/616 130/633/633 132/634/634
f 131/616/616 132/634/634 127/615/615
f 127/615/615 132/634/634 128/635/635
f 127/615/615 128/635/635 123/614/614
f 123/614/614 128/635/635 124/636/636
f 123/614/614 124/636/636 119/613/613
f 119/613/613 124/636/636 120/637/637
f 119/613/613 120/637/637 115/612/612
f 115/612/612 120/637/637 116/638/638
f 115/612/612 116/638/638 111/611/611
f 111/611/611 116/638/638 112/639/639
f 111/611/611 112/639/639 107/610/610
f 107/610/610 112/639/639 108/640/640
f 107/610/610 108/640/640 103/609/609
f 103/609/609 108/640/640 104/641/641
f 51/645/645 52/677/677 47/644/644
f 47/644/644 52/677/677 48/678/678
f 47/679/679 48/661/661 49/660/660
f 49/660/660 48/661/661 50/662/662
f 49/660/660 50/662/662 57/659/659
f 57/659/659 50/662/662 58/663/663
f 57/659/659 58/663/663 61/658/658
f 61/658/658 58/663/663 62/664/664
f 61/658/658 62/664/664 69/657/657
f 69/657/657 62/664/664 70/665/665
f 69/657/657 70/665/665 83/656/656
f 83/656/656 70/665/665 84/666/666
f 83/656/656 84/666/666 87/655/655
f 87/655/655 84/666/666 88/667/667
f 87/655/655 88/667/667 91/654/654
f 91/654/654 88/667/667 92/668/668
f 91/654/654 92/668/668 95/653/653
f 95/653/653 92/668/668 96/669/669
f 95/653/653 96/669/669 97/652/652
f 97/652/652 96/669/669 98/670/670
f 97/652/652 98/670/670 93/651/651
f 93/651/651 98/670/670 94/671/671
f 93/651/651 94/671/671 89/650/650
f 89/650/650 94/671/671 90/672/672
f 89/650/650 90/672/672 85/649/649
f 85/649/649 90/672/672 86/673/673
f 85/649/649 86/673/673 71/648/648
f 71/648/648 86/673/673 72/674/674
f 71/648/648 72/674/674 63/647/647
f 63/647/647 72/674/674 64/675/675
f 63/647/647 64/675/675 59/646/646
f 59/646/646 64/675/675 60/676/676
f 59/646/646 60/676/676 51/645/645
f 51/645/645 60/676/676 52/677/677
f 205/681/681 206/713/713 201/680/680
f 201/680/680 206/713/713 202/714/714
f 201/715/715 202/697/697 203/696/696
f 203/696/696 202/697/697 204/698/698
f 203/696/696 204/698/698 207/695/695
f 207/695/695 204/698/698 208/699/699
f 207/695/695 208/699/699 211/694/694
f 211/694/694 208/699/699 212/700/700
f 211/694/694 212/700/700 215/693/693
f 215/693/693 212/700/700 216/701/701
f 215/693/693 216/701/701 219/692/692
f 219/692/692 216/701/701 220/702/702
f 219/692/692 220/702/702 223/691/691
f 223/691/691 220/702/702 224/703/703
f 223/691/691 224/703/703 227/690/690
f 227/690/690 224/703/703 228/704/704
f 227/690/690 228/704/704 231/689/689
f 231/689/689 228/704/704 232/705/705
f 231/689/689 232/705/705 233/688/688
f 233/688/688 232/705/705 234/706/706
f 233/688/688 234/706/706 229/687/687
f 229/687/687 234/706/706 230/707/707
f 229/687/687 230/707/707 225/686/686
f 225/686/686 230/707/707 226/708/708
f 225/686/686 226/708/708 221/685/685
f 221/685/685 226/708/708 222/709/709
f 221/685/685 222/709/709 217/684/684
f 217/684/684 222/709/709 218/710/710
f 217/684/684 218/710/710 213/683/683
f 213/683/683 218/710/710 214/711/711
f 213/683/683 214/711/711 209/682/682
f 209/682/682 214/711/711 210/712/712
f 209/682/682 210/712/712 205/681/681
f 205/681/681 210/712/712 206/713/713
f 253/717/717 254/767/767 249/716/716
f 249/716/716 254/767/767 250/768/768
f 249/769/769 250/742/742 251/741/741
f 251/741/741 250/742/742 252/743/743
f 251/741/741 252/743/743 259/740/740
f 259/740/740 252/743/743 260/744/744
f 259/740/740 260/744/744 275/739/739
f 275/739/739 260/744/744 276/745/745
f 275/739/739 276/745/745 293/738/738
f 293/738/738 276/745/745 294/746/746
f 293/738/738 294/746/746 309/737/737
f 309/737/737 294/746/746 310/747/747
f 309/737/737 310/747/747 325/736/736
f 325/736/736 310/747/747 326/748/748
f 325/736/736 326/748/748 341/735/735
f 341/735/735 326/748/748 342/749/749
f 341/735/735 342/749/749 389/734/734
f 389/734/734 342/749/749 390/750/750
f 389/734/734 390/750/750 433/733/733
f 433/733/733 390/750/750 434/751/751
f 433/733/733 434/751/751 455/732/732
f 455/732/732 434/751/751 456/752/752
f 455/732/732 456/752/752 477/731/731
f 477/731/731 456/752/752 478/753/753
f 477/731/731 478/753/753 495/730/730
f 495/730/730 478/753/753 496/754/754
f 495/730/730 496/754/754 503/729/729
f 503/729/729 496/754/754 504/755/755
f 503/729/729 504/755/755 497/728/728
f 497/728/728 504/755/755 498/756/756
f 497/728/728 498/756/756 479/727/727
f 479/727/727 498/756/756 480/757/757
f 479/727/727 480/757/757 457/726/726
f 457/726/726 480/757/757 458/758/758
f 457/726/726 458/758/758 435/725/725
f 435/725/725 458/758/758 436/759/759
f 435/725/725 436/759/759 391/724/724
f 391/724/724 436/759/759 392/760/760
f 391/724/724 392/760/760 343/723/723
f 343/723/723 392/760/760 344/761/761
f 343/723/723 344/761/761 327/722/722
f 327/722/722 344/761/761 328/762/762
f 327/722/722 328/762/762 311/721/721
f 311/721/721 328/762/762 312/763/763
f 311/721/721 312/763/763 295/720/720
f 295/720/720 312/763/763 296/764/764
f 295/720/720 296/764/764 277/719/719
f 277/719/719 296/764/764 278/765/765
f 277/719/719 278/765/765 261/718/718
f 261/718/718 278/765/765 262/766/766
f 261/718/718 262/766/766 253/717/717
f 253/717/717 262/766/766 254/767/767
f 2/770/770 4/771/771 1/773/773
f 1/773/773 4/771/771 3/772/772
f 526/774/774 2/775/775 525/777/777
f 525/777/777 2/775/775 1/776/776
f 528/778/778 526/779/779 527/781/781
f 527/781/781 526/779/779 525/780/780
f 4/782/782 528/783/783 3/785/785
f 3/785/785 528/783/783 527/784/784
f 4/787/787 328/1030/1030 528/786/786
f 528/786/786 328/1030/1030 344/1031/1031
f 528/786/786 344/1031/1031 392/1032/1032
f 2/788/788 12/955/955 4/787/787
f 4/787/787 12/955/955 10/930/930
f 4/787/787 10/930/930 14/931/931
f 526/789/789 182/926/926 2/788/788
f 2/788/788 182/926/926 148/905/905
f 2/788/788 148/905/905 114/986/986
f 114/986/986 148/905/905 118/985/985
f 118/985/985 148/905/905 144/906/906
f 118/985/985 144/906/906 122/984/984
f 122/984/984 144/906/906 140/907/907
f 122/984/984 140/907/907 126/983/983
f 126/983/983 140/907/907 136/908/908
f 126/983/983 136/908/908 130/982/982
f 130/982/982 136/908/908 134/892/892
f 130/982/982 134/892/892 132/981/981
f 132/981/981 134/892/892 138/893/893
f 132/981/981 138/893/893 128/980/980
f 128/980/980 138/893/893 142/894/894
f 128/980/980 142/894/894 124/979/979
f 124/979/979 142/894/894 146/895/895
f 124/979/979 146/895/895 120/978/978
f 120/978/978 146/895/895 150/896/896
f 120/978/978 150/896/896 54/947/947
f 54/947/947 150/896/896 66/946/946
f 66/946/946 150/896/896 264/868/868
f 66/946/946 264/868/868 74/945/945
f 74/945/945 264/868/868 78/944/944
f 78/944/944 264/868/868 266/870/870
f 78/944/944 266/870/870 252/1049/1049
f 252/1049/1049 266/870/870 260/1048/1048
f 260/1048/1048 266/870/870 276/1047/1047
f 276/1047/1047 266/870/870 274/871/871
f 276/1047/1047 274/871/871 294/1046/1046
f 294/1046/1046 274/871/871 292/872/872
f 294/1046/1046 292/872/872 310/1045/1045
f 310/1045/1045 292/872/872 316/873/873
f 310/1045/1045 316/873/873 326/1044/1044
f 326/1044/1044 316/873/873 314/874/874
f 326/1044/1044 314/874/874 340/824/824
f 340/824/824 314/874/874 320/815/815
f 340/824/824 320/815/815 324/816/816
f 528/786/786 522/794/794 526/789/789
f 526/789/789 522/794/794 516/858/858
f 526/789/789 516/858/858 506/859/859
f 492/790/790 520/791/791 464/801/801
f 464/801/801 520/791/791 508/833/833
f 464/801/801 508/833/833 404/802/802
f 520/791/791 524/792/792 508/833/833
f 508/833/833 524/792/792 510/832/832
f 510/832/832 524/792/792 496/1038/1038
f 510/832/832 496/1038/1038 478/1039/1039
f 512/793/793 522/794/794 524/792/792
f 524/792/792 522/794/794 528/786/786
f 524/792/792 528/786/786 504/1037/1037
f 504/1037/1037 528/786/786 498/1036/1036
f 498/1036/1036 528/786/786 480/1035/1035
f 480/1035/1035 528/786/786 458/1034/1034
f 458/1034/1034 528/786/786 436/1033/1033
f 436/1033/1033 528/786/786 392/1032/1032
f 522/794/794 518/795/795 516/858/858
f 516/858/858 518/795/795 514/857/857
f 514/857/857 518/795/795 474/848/848
f 514/857/857 474/848/848 460/849/849
f 490/796/796 462/797/797 518/795/795
f 518/795/795 462/797/797 474/848/848
f 462/797/797 450/798/798 474/848/848
f 474/848/848 450/798/798 422/847/847
f 422/847/847 450/798/798 476/799/799
f 422/847/847 476/799/799 452/800/800
f 464/801/801 400/803/803 452/800/800
f 452/800/800 400/803/803 388/804/804
f 452/800/800 388/804/804 422/847/847
f 422/847/847 388/804/804 416/846/846
f 416/846/846 388/804/804 364/805/805
f 416/846/846 364/805/805 350/845/845
f 350/845/845 364/805/805 346/806/806
f 350/845/845 346/806/806 318/812/812
f 318/812/812 346/806/806 322/811/811
f 322/811/811 346/806/806 362/807/807
f 322/811/811 362/807/807 378/808/808
f 404/802/802 400/803/803 464/801/801
f 378/808/808 382/809/809 322/811/811
f 322/811/811 382/809/809 308/810/810
f 286/813/813 330/838/838 318/812/812
f 318/812/812 330/838/838 332/839/839
f 318/812/812 332/839/839 350/845/845
f 350/845/845 332/839/839 366/844/844
f 366/844/844 332/839/839 338/840/840
f 366/844/844 338/840/840 376/841/841
f 288/814/814 272/867/867 286/813/813
f 286/813/813 272/867/867 264/868/868
f 286/813/813 264/868/868 150/896/896
f 288/814/814 320/815/815 272/867/867
f 272/867/867 320/815/815 290/866/866
f 290/866/866 320/815/815 314/874/874
f 340/824/824 324/816/816 334/823/823
f 334/823/823 324/816/816 306/817/817
f 334/823/823 306/817/817 384/818/818
f 334/823/823 384/818/818 352/822/822
f 352/822/822 384/818/818 380/819/819
f 352/822/822 380/819/819 374/820/820
f 374/820/820 358/821/821 352/822/822
f 326/1044/1044 340/824/824 342/1043/1043
f 342/1043/1043 340/824/824 360/825/825
f 342/1043/1043 360/825/825 390/1042/1042
f 390/1042/1042 360/825/825 438/826/826
f 390/1042/1042 438/826/826 434/1041/1041
f 434/1041/1041 438/826/826 456/1040/1040
f 456/1040/1040 438/826/826 510/832/832
f 456/1040/1040 510/832/832 478/1039/1039
f 438/826/826 432/827/827 510/832/832
f 510/832/832 432/827/827 402/830/830
f 510/832/832 402/830/830 406/831/831
f 386/828/828 394/829/829 432/827/827
f 432/827/827 394/829/829 402/830/830
f 410/835/835 368/836/836 408/834/834
f 408/834/834 368/836/836 336/837/837
f 408/834/834 336/837/837 330/838/838
f 376/841/841 412/842/842 366/844/844
f 366/844/844 412/842/842 414/843/843
f 514/857/857 460/849/849 448/856/856
f 448/856/856 460/849/849 430/850/850
f 448/856/856 430/850/850 428/851/851
f 448/856/856 428/851/851 440/855/855
f 440/855/855 428/851/851 442/852/852
f 440/855/855 442/852/852 466/853/853
f 466/853/853 484/854/854 440/855/855
f 482/860/860 424/865/865 506/859/859
f 506/859/859 424/865/865 470/881/881
f 506/859/859 470/881/881 488/882/882
f 494/861/861 472/862/862 482/860/860
f 482/860/860 472/862/862 454/863/863
f 482/860/860 454/863/863 426/864/864
f 426/864/864 424/865/865 482/860/860
f 408/834/834 420/879/879 424/865/865
f 424/865/865 420/879/879 446/880/880
f 424/865/865 446/880/880 470/881/881
f 264/868/868 280/869/869 266/870/870
f 356/876/876 304/964/964 348/875/875
f 348/875/875 304/964/964 302/965/965
f 348/875/875 302/965/965 354/891/891
f 354/891/891 302/965/965 298/966/966
f 354/891/891 298/966/966 370/890/890
f 370/890/890 298/966/966 282/967/967
f 370/890/890 282/967/967 396/889/889
f 396/889/889 282/967/967 268/968/968
f 396/889/889 268/968/968 418/888/888
f 418/888/888 268/968/968 526/789/789
f 418/888/888 526/789/789 444/887/887
f 444/887/887 526/789/789 468/886/886
f 468/886/886 526/789/789 486/885/885
f 486/885/885 526/789/789 500/884/884
f 500/884/884 526/789/789 502/883/883
f 502/883/883 526/789/789 506/859/859
f 502/883/883 506/859/859 488/882/882
f 304/964/964 356/876/876 300/963/963
f 300/963/963 356/876/876 372/877/877
f 300/963/963 372/877/877 284/962/962
f 284/962/962 372/877/877 398/878/878
f 284/962/962 398/878/878 270/961/961
f 270/961/961 398/878/878 420/879/879
f 270/961/961 420/879/879 408/834/834
f 286/813/813 150/896/896 330/838/838
f 330/838/838 150/896/896 154/897/897
f 330/838/838 154/897/897 184/917/917
f 184/917/917 154/897/897 180/916/916
f 180/916/916 154/897/897 158/898/898
f 180/916/916 158/898/898 176/915/915
f 176/915/915 158/898/898 162/899/899
f 176/915/915 162/899/899 172/914/914
f 172/914/914 162/899/899 166/900/900
f 172/914/914 166/900/900 168/913/913
f 168/913/913 166/900/900 164/901/901
f 168/913/913 164/901/901 170/929/929
f 170/929/929 164/901/901 160/902/902
f 170/929/929 160/902/902 174/928/928
f 174/928/928 160/902/902 156/903/903
f 174/928/928 156/903/903 178/927/927
f 178/927/927 156/903/903 152/904/904
f 178/927/927 152/904/904 182/926/926
f 182/926/926 152/904/904 148/905/905
f 34/910/910 36/950/950 8/909/909
f 8/909/909 36/950/950 28/951/951
f 8/909/909 28/951/951 24/952/952
f 32/911/911 48/990/990 34/910/910
f 34/910/910 48/990/990 52/991/991
f 34/910/910 52/991/991 60/992/992
f 6/912/912 2/788/788 32/911/911
f 32/911/911 2/788/788 70/1003/1003
f 32/911/911 70/1003/1003 62/1004/1004
f 6/912/912 8/909/909 2/788/788
f 2/788/788 8/909/909 12/955/955
f 184/917/917 188/918/918 330/838/838
f 330/838/838 188/918/918 218/1011/1011
f 330/838/838 218/1011/1011 408/834/834
f 408/834/834 218/1011/1011 222/1012/1012
f 408/834/834 222/1012/1012 258/960/960
f 258/960/960 222/1012/1012 248/959/959
f 248/959/959 222/1012/1012 226/1013/1013
f 248/959/959 226/1013/1013 244/958/958
f 244/958/958 226/1013/1013 230/1014/1014
f 244/958/958 230/1014/1014 240/957/957
f 240/957/957 230/1014/1014 234/1015/1015
f 240/957/957 234/1015/1015 236/956/956
f 236/956/956 234/1015/1015 232/1016/1016
f 236/956/956 232/1016/1016 238/972/972
f 238/972/972 232/1016/1016 228/1017/1017
f 238/972/972 228/1017/1017 242/971/971
f 242/971/971 228/1017/1017 224/1018/1018
f 242/971/971 224/1018/1018 246/970/970
f 246/970/970 224/1018/1018 220/1019/1019
f 246/970/970 220/1019/1019 256/969/969
f 256/969/969 220/1019/1019 216/1020/1020
f 256/969/969 216/1020/1020 526/789/789
f 526/789/789 216/1020/1020 182/926/926
f 218/1011/1011 188/918/918 214/1010/1010
f 214/1010/1010 188/918/918 192/919/919
f 214/1010/1010 192/919/919 210/1009/1009
f 210/1009/1009 192/919/919 196/920/920
f 210/1009/1009 196/920/920 206/1008/1008
f 206/1008/1008 196/920/920 200/921/921
f 206/1008/1008 200/921/921 202/1007/1007
f 202/1007/1007 200/921/921 198/922/922
f 202/1007/1007 198/922/922 204/1023/1023
f 204/1023/1023 198/922/922 194/923/923
f 204/1023/1023 194/923/923 208/1022/1022
f 208/1022/1022 194/923/923 190/924/924
f 208/1022/1022 190/924/924 212/1021/1021
f 212/1021/1021 190/924/924 186/925/925
f 212/1021/1021 186/925/925 216/1020/1020
f 216/1020/1020 186/925/925 182/926/926
f 14/931/931 18/932/932 4/787/787
f 4/787/787 18/932/932 22/933/933
f 4/787/787 22/933/933 26/934/934
f 26/934/934 30/935/935 4/787/787
f 4/787/787 30/935/935 38/936/936
f 4/787/787 38/936/936 42/937/937
f 46/938/938 312/1029/1029 42/937/937
f 42/937/937 312/1029/1029 328/1030/1030
f 42/937/937 328/1030/1030 4/787/787
f 312/1029/1029 46/938/938 296/1028/1028
f 296/1028/1028 46/938/938 56/939/939
f 296/1028/1028 56/939/939 278/1027/1027
f 278/1027/1027 56/939/939 68/940/940
f 278/1027/1027 68/940/940 262/1026/1026
f 262/1026/1026 68/940/940 76/941/941
f 262/1026/1026 76/941/941 254/1025/1025
f 254/1025/1025 76/941/941 80/942/942
f 254/1025/1025 80/942/942 250/1024/1024
f 250/1024/1024 80/942/942 82/943/943
f 250/1024/1024 82/943/943 252/1049/1049
f 252/1049/1049 82/943/943 78/944/944
f 120/978/978 54/947/947 116/977/977
f 116/977/977 54/947/947 44/948/948
f 116/977/977 44/948/948 86/995/995
f 86/995/995 44/948/948 40/949/949
f 86/995/995 40/949/949 72/994/994
f 72/994/994 40/949/949 34/910/910
f 72/994/994 34/910/910 64/993/993
f 64/993/993 34/910/910 60/992/992
f 40/949/949 36/950/950 34/910/910
f 24/952/952 20/953/953 8/909/909
f 8/909/909 20/953/953 16/954/954
f 8/909/909 16/954/954 12/955/955
f 258/960/960 270/961/961 408/834/834
f 268/968/968 256/969/969 526/789/789
f 104/974/974 98/998/998 100/973/973
f 100/973/973 98/998/998 96/999/999
f 100/973/973 96/999/999 102/989/989
f 102/989/989 96/999/999 92/1000/1000
f 102/989/989 92/1000/1000 106/988/988
f 106/988/988 92/1000/1000 88/1001/1001
f 106/988/988 88/1001/1001 110/987/987
f 110/987/987 88/1001/1001 84/1002/1002
f 110/987/987 84/1002/1002 114/986/986
f 114/986/986 84/1002/1002 70/1003/1003
f 114/986/986 70/1003/1003 2/788/788
f 98/998/998 104/974/974 94/997/997
f 94/997/997 104/974/974 108/975/975
f 94/997/997 108/975/975 90/996/996
f 90/996/996 108/975/975 112/976/976
f 90/996/996 112/976/976 86/995/995
f 86/995/995 112/976/976 116/977/977
f 62/1004/1004 58/1005/1005 32/911/911
f 32/911/911 58/1005/1005 50/1006/1006
f 32/911/911 50/1006/1006 48/990/990
f 504/1037/1037 496/1038/1038 524/792/792
f 527/1051/1051 41/1128/1128 3/1050/1050
f 3/1050/1050 41/1128/1128 37/1129/1129
f 3/1050/1050 37/1129/1129 29/1130/1130
f 525/1052/1052 495/1215/1215 527/1051/1051
f 527/1051/1051 495/1215/1215 503/1216/1216
f 527/1051/1051 503/1216/1216 497/1217/1217
f 1/1053/1053 181/1096/1096 525/1052/1052
f 525/1052/1052 181/1096/1096 215/1190/1190
f 525/1052/1052 215/1190/1190 255/1139/1139
f 255/1139/1139 215/1190/1190 219/1191/1191
f 255/1139/1139 219/1191/1191 245/1138/1138
f 245/1138/1138 219/1191/1191 223/1192/1192
f 245/1138/1138 223/1192/1192 241/1137/1137
f 241/1137/1137 223/1192/1192 227/1193/1193
f 241/1137/1137 227/1193/1193 237/1136/1136
f 237/1136/1136 227/1193/1193 231/1194/1194
f 237/1136/1136 231/1194/1194 235/1135/1135
f 235/1135/1135 231/1194/1194 233/1195/1195
f 235/1135/1135 233/1195/1195 239/1151/1151
f 239/1151/1151 233/1195/1195 229/1196/1196
f 239/1151/1151 229/1196/1196 243/1150/1150
f 243/1150/1150 229/1196/1196 225/1197/1197
f 243/1150/1150 225/1197/1197 247/1149/1149
f 247/1149/1149 225/1197/1197 221/1198/1198
f 247/1149/1149 221/1198/1198 257/1148/1148
f 257/1148/1148 221/1198/1198 309/1208/1208
f 257/1148/1148 309/1208/1208 325/1209/1209
f 3/1050/1050 11/1110/1110 1/1053/1053
f 1/1053/1053 11/1110/1110 7/1089/1089
f 1/1053/1053 7/1089/1089 5/1090/1090
f 353/1055/1055 301/1143/1143 347/1054/1054
f 347/1054/1054 301/1143/1143 303/1144/1144
f 347/1054/1054 303/1144/1144 355/1070/1070
f 355/1070/1070 303/1144/1144 299/1145/1145
f 355/1070/1070 299/1145/1145 371/1069/1069
f 371/1069/1069 299/1145/1145 283/1146/1146
f 371/1069/1069 283/1146/1146 397/1068/1068
f 397/1068/1068 283/1146/1146 269/1147/1147
f 397/1068/1068 269/1147/1147 419/1067/1067
f 419/1067/1067 269/1147/1147 325/1209/1209
f 419/1067/1067 325/1209/1209 341/1210/1210
f 301/1143/1143 353/1055/1055 297/1142/1142
f 297/1142/1142 353/1055/1055 369/1056/1056
f 297/1142/1142 369/1056/1056 281/1141/1141
f 281/1141/1141 369/1056/1056 395/1057/1057
f 281/1141/1141 395/1057/1057 267/1140/1140
f 267/1140/1140 395/1057/1057 417/1058/1058
f 267/1140/1140 417/1058/1058 525/1052/1052
f 525/1052/1052 417/1058/1058 443/1059/1059
f 525/1052/1052 443/1059/1059 467/1060/1060
f 467/1060/1060 485/1061/1061 525/1052/1052
f 525/1052/1052 485/1061/1061 499/1062/1062
f 525/1052/1052 499/1062/1062 501/1063/1063
f 501/1063/1063 487/1064/1064 525/1052/1052
f 525/1052/1052 487/1064/1064 477/1214/1214
f 525/1052/1052 477/1214/1214 495/1215/1215
f 477/1214/1214 487/1064/1064 455/1213/1213
f 455/1213/1213 487/1064/1064 469/1065/1065
f 455/1213/1213 469/1065/1065 433/1212/1212
f 433/1212/1212 469/1065/1065 445/1066/1066
f 433/1212/1212 445/1066/1066 389/1211/1211
f 389/1211/1211 445/1066/1066 341/1210/1210
f 341/1210/1210 445/1066/1066 419/1067/1067
f 135/1072/1072 129/1160/1160 133/1071/1071
f 133/1071/1071 129/1160/1160 131/1161/1161
f 133/1071/1071 131/1161/1161 137/1087/1087
f 137/1087/1087 131/1161/1161 127/1162/1162
f 137/1087/1087 127/1162/1162 141/1086/1086
f 141/1086/1086 127/1162/1162 123/1163/1163
f 141/1086/1086 123/1163/1163 145/1085/1085
f 145/1085/1085 123/1163/1163 119/1164/1164
f 145/1085/1085 119/1164/1164 149/1084/1084
f 149/1084/1084 119/1164/1164 53/1118/1118
f 149/1084/1084 53/1118/1118 65/1119/1119
f 129/1160/1160 135/1072/1072 125/1159/1159
f 125/1159/1159 135/1072/1072 139/1073/1073
f 125/1159/1159 139/1073/1073 121/1158/1158
f 121/1158/1158 139/1073/1073 143/1074/1074
f 121/1158/1158 143/1074/1074 117/1157/1157
f 117/1157/1157 143/1074/1074 147/1075/1075
f 117/1157/1157 147/1075/1075 113/1156/1156
f 113/1156/1156 147/1075/1075 1/1053/1053
f 113/1156/1156 1/1053/1053 69/1173/1173
f 69/1173/1173 1/1053/1053 31/1091/1091
f 69/1173/1173 31/1091/1091 61/1172/1172
f 61/1172/1172 31/1091/1091 57/1171/1171
f 57/1171/1171 31/1091/1091 49/1170/1170
f 49/1170/1170 31/1091/1091 47/1169/1169
f 47/1169/1169 31/1091/1091 33/1088/1088
f 47/1169/1169 33/1088/1088 51/1185/1185
f 51/1185/1185 33/1088/1088 59/1184/1184
f 59/1184/1184 33/1088/1088 63/1183/1183
f 63/1183/1183 33/1088/1088 71/1182/1182
f 71/1182/1182 33/1088/1088 39/1116/1116
f 71/1182/1182 39/1116/1116 85/1181/1181
f 85/1181/1181 39/1116/1116 43/1117/1117
f 85/1181/1181 43/1117/1117 115/1165/1165
f 115/1165/1165 43/1117/1117 53/1118/1118
f 115/1165/1165 53/1118/1118 119/1164/1164
f 1/1053/1053 147/1075/1075 181/1096/1096
f 181/1096/1096 147/1075/1075 151/1076/1076
f 181/1096/1096 151/1076/1076 177/1095/1095
f 177/1095/1095 151/1076/1076 155/1077/1077
f 177/1095/1095 155/1077/1077 173/1094/1094
f 173/1094/1094 155/1077/1077 159/1078/1078
f 173/1094/1094 159/1078/1078 169/1093/1093
f 169/1093/1093 159/1078/1078 163/1079/1079
f 169/1093/1093 163/1079/1079 167/1092/1092
f 167/1092/1092 163/1079/1079 165/1080/1080
f 167/1092/1092 165/1080/1080 171/1108/1108
f 171/1108/1108 165/1080/1080 161/1081/1081
f 171/1108/1108 161/1081/1081 175/1107/1107
f 175/1107/1107 161/1081/1081 157/1082/1082
f 175/1107/1107 157/1082/1082 179/1106/1106
f 179/1106/1106 157/1082/1082 153/1083/1083
f 179/1106/1106 153/1083/1083 183/1105/1105
f 183/1105/1105 153/1083/1083 65/1119/1119
f 183/1105/1105 65/1119/1119 275/1206/1206
f 275/1206/1206 65/1119/1119 259/1205/1205
f 259/1205/1205 65/1119/1119 73/1120/1120
f 259/1205/1205 73/1120/1120 251/1204/1204
f 251/1204/1204 73/1120/1120 77/1121/1121
f 251/1204/1204 77/1121/1121 249/1203/1203
f 249/1203/1203 77/1121/1121 81/1122/1122
f 249/1203/1203 81/1122/1122 253/1228/1228
f 253/1228/1228 81/1122/1122 79/1123/1123
f 253/1228/1228 79/1123/1123 261/1227/1227
f 261/1227/1227 79/1123/1123 75/1124/1124
f 261/1227/1227 75/1124/1124 277/1226/1226
f 277/1226/1226 75/1124/1124 67/1125/1125
f 277/1226/1226 67/1125/1125 295/1225/1225
f 295/1225/1225 67/1125/1125 55/1126/1126
f 295/1225/1225 55/1126/1126 311/1224/1224
f 311/1224/1224 55/1126/1126 45/1127/1127
f 311/1224/1224 45/1127/1127 327/1223/1223
f 327/1223/1223 45/1127/1127 41/1128/1128
f 327/1223/1223 41/1128/1128 527/1051/1051
f 153/1083/1083 149/1084/1084 65/1119/1119
f 39/1116/1116 33/1088/1088 35/1115/1115
f 35/1115/1115 33/1088/1088 7/1089/1089
f 35/1115/1115 7/1089/1089 27/1114/1114
f 27/1114/1114 7/1089/1089 23/1113/1113
f 23/1113/1113 7/1089/1089 19/1112/1112
f 19/1112/1112 7/1089/1089 15/1111/1111
f 15/1111/1111 7/1089/1089 11/1110/1110
f 5/1090/1090 31/1091/1091 1/1053/1053
f 181/1096/1096 185/1097/1097 215/1190/1190
f 215/1190/1190 185/1097/1097 211/1189/1189
f 211/1189/1189 185/1097/1097 189/1098/1098
f 211/1189/1189 189/1098/1098 207/1188/1188
f 207/1188/1188 189/1098/1098 193/1099/1099
f 207/1188/1188 193/1099/1099 203/1187/1187
f 203/1187/1187 193/1099/1099 197/1100/1100
f 203/1187/1187 197/1100/1100 201/1186/1186
f 201/1186/1186 197/1100/1100 199/1101/1101
f 201/1186/1186 199/1101/1101 205/1202/1202
f 205/1202/1202 199/1101/1101 195/1102/1102
f 205/1202/1202 195/1102/1102 209/1201/1201
f 209/1201/1201 195/1102/1102 191/1103/1103
f 209/1201/1201 191/1103/1103 213/1200/1200
f 213/1200/1200 191/1103/1103 187/1104/1104
f 213/1200/1200 187/1104/1104 217/1199/1199
f 217/1199/1199 187/1104/1104 293/1207/1207
f 217/1199/1199 293/1207/1207 309/1208/1208
f 187/1104/1104 183/1105/1105 293/1207/1207
f 293/1207/1207 183/1105/1105 275/1206/1206
f 13/1134/1134 9/1109/1109 3/1050/1050
f 3/1050/1050 9/1109/1109 11/1110/1110
f 29/1130/1130 25/1131/1131 3/1050/1050
f 3/1050/1050 25/1131/1131 21/1132/1132
f 3/1050/1050 21/1132/1132 17/1133/1133
f 17/1133/1133 13/1134/1134 3/1050/1050
f 255/1139/1139 267/1140/1140 525/1052/1052
f 269/1147/1147 257/1148/1148 325/1209/1209
f 101/1153/1153 95/1177/1177 99/1152/1152
f 99/1152/1152 95/1177/1177 97/1178/1178
f 99/1152/1152 97/1178/1178 103/1168/1168
f 103/1168/1168 97/1178/1178 93/1179/1179
f 103/1168/1168 93/1179/1179 107/1167/1167
f 107/1167/1167 93/1179/1179 89/1180/1180
f 107/1167/1167 89/1180/1180 111/1166/1166
f 111/1166/1166 89/1180/1180 85/1181/1181
f 111/1166/1166 85/1181/1181 115/1165/1165
f 95/1177/1177 101/1153/1153 91/1176/1176
f 91/1176/1176 101/1153/1153 105/1154/1154
f 91/1176/1176 105/1154/1154 87/1175/1175
f 87/1175/1175 105/1154/1154 109/1155/1155
f 87/1175/1175 109/1155/1155 83/1174/1174
f 83/1174/1174 109/1155/1155 113/1156/1156
f 83/1174/1174 113/1156/1156 69/1173/1173
f 221/1198/1198 217/1199/1199 309/1208/1208
f 497/1217/1217 479/1218/1218 527/1051/1051
f 527/1051/1051 479/1218/1218 457/1219/1219
f 527/1051/1051 457/1219/1219 435/1220/1220
f 435/1220/1220 391/1221/1221 527/1051/1051
f 527/1051/1051 391/1221/1221 343/1222/1222
f 527/1051/1051 343/1222/1222 327/1223/1223
g Solid2

v 0.216633 0.052764 0.059055
v 0.216633 0.052764 0.098425
v 0.393701 0.052764 0.059055
v 0.393701 0.052764 0.098425
v 0.216633 -0.151958 0.059055
v 0.216633 -0.151958 0.098425
v 0.393701 -0.151958 0.059055
v 0.393701 -0.151958 0.098425
vt 0.000000 0.000000 0.000000
vt 0.449752 0.000000 0.000000
vt 0.449752 0.100000 0.000000
vt 0.000000 0.100000 0.000000
vt 0.000000 0.000000 0.000000
vt 0.519995 0.000000 0.000000
vt 0.519995 0.100000 0.000000
vt 0.000000 0.100000 0.000000
vt 0.000000 0.000000 0.000000
vt 0.449752 0.000000 0.000000
vt 0.449752 0.100000 0.000000
vt 0.000000 0.100000 0.000000
vt 0.000000 0.000000 0.000000
vt 0.519995 0.000000 0.000000
vt 0.519995 0.100000 0.000000
vt 0.000000 0.100000 0.000000
vt -0.259998 -0.224876 0.000000
vt 0.259998 -0.224876 0.000000
vt 0.259998 0.224876 0.000000
vt -0.259998 0.224876 0.000000
vt -0.259998 -0.224876 0.000000
vt 0.259998 -0.224876 0.000000
vt 0.259998 0.224876 0.000000
vt -0.259998 0.224876 0.000000
vn 0.000000 2.540000 -0.000000
vn 0.000000 2.540000 -0.000000
vn 0.000000 2.540000 -0.000000
vn 0.000000 2.540000 -0.000000
vn 2.540000 0.000000 0.000000
vn 2.540000 0.000000 0.000000
vn 2.540000 0.000000 0.000000
vn 2.540000 0.000000 0.000000
vn 0.000000 -2.540000 0.000000
vn 0.000000 -2.540000 0.000000
vn 0.000000 -2.540000 0.000000
vn 0.000000 -2.540000 0.000000
vn -2.540000 -0.000000 -0.000000
vn -2.540000 -0.000000 -0.000000
vn -2.540000 -0.000000 -0.000000
vn -2.540000 -0.000000 -0.000000
vn -0.000000 0.000000 2.540000
vn -0.000000 0.000000 2.540000
vn -0.000000 0.000000 2.540000
vn -0.000000 0.000000 2.540000
vn 0.000000 -0.000000 -2.540000
vn 0.000000 -0.000000 -2.540000
vn 0.000000 -0.000000 -2.540000
vn 0.000000 -0.000000 -2.540000
usemtl 25,25,25
f 531/1229/1229 529/1230/1230 532/1232/1232
f 532/1232/1232 529/1230/1230 530/1231/1231
f 535/1233/1233 531/1234/1234 536/1236/1236
f 536/1236/1236 531/1234/1234 532/1235/1235
f 533/1237/1237 535/1238/1238 534/1240/1240
f 534/1240/1240 535/1238/1238 536/1239/1239
f 529/1241/1241 533/1242/1242 530/1244/1244
f 530/1244/1244 533/1242/1242 534/1243/1243
f 530/1245/1245 534/1246/1246 532/1248/1248
f 532/1248/1248 534/1246/1246 536/1247/1247
f 533/1249/1249 529/1250/1250 535/1252/1252
f 535/1252/1252 529/1250/1250 531/1251/1251
g Solid3

v 0.468436 0.052764 0.059055
v 0.468436 0.052764 0.118110
v 0.551181 0.052764 0.059055
v 0.551181 0.052764 0.118110
v 0.468436 -0.126067 0.059055
v 0.468436 -0.126067 0.118110
v 0.551181 -0.126067 0.059055
v 0.551181 -0.126067 0.118110
vt 0.000000 0.000000 0.000000
vt 0.210173 0.000000 0.000000
vt 0.210173 0.150000 0.000000
vt 0.000000 0.150000 0.000000
vt 0.000000 0.000000 0.000000
vt 0.454232 0.000000 0.000000
vt 0.454232 0.150000 0.000000
vt 0.000000 0.150000 0.000000
vt 0.000000 0.000000 0.000000
vt 0.210173 0.000000 0.000000
vt 0.210173 0.150000 0.000000
vt 0.000000 0.150000 0.000000
vt 0.000000 0.000000 0.000000
vt 0.454232 0.000000 0.000000
vt 0.454232 0.150000 0.000000
vt 0.000000 0.150000 0.000000
vt -0.227116 -0.105086 0.000000
vt 0.227116 -0.105086 0.000000
vt 0.227116 0.105086 0.000000
vt -0.227116 0.105086 0.000000
vt -0.227116 -0.105086 0.000000
vt 0.227116 -0.105086 0.000000
vt 0.227116 0.105086 0.000000
vt -0.227116 0.105086 0.000000
vn 0.000000 2.540000 -0.000000
vn 0.000000 2.540000 -0.000000
vn 0.000000 2.540000 -0.000000
vn 0.000000 2.540000 -0.000000
vn 2.540000 0.000000 0.000000
vn 2.540000 0.000000 0.000000
vn 2.540000 0.000000 0.000000
vn 2.540000 0.000000 0.000000
vn 0.000000 -2.540000 0.000000
vn 0.000000 -2.540000 0.000000
vn 0.000000 -2.540000 0.000000
vn 0.000000 -2.540000 0.000000
vn -2.540000 -0.000000 -0.000000
vn -2.540000 -0.000000 -0.000000
vn -2.540000 -0.000000 -0.000000
vn -2.540000 -0.000000 -0.000000
vn -0.000000 0.000000 2.540000
vn -0.000000 0.000000 2.540000
vn -0.000000 0.000000 2.540000
vn -0.000000 0.000000 2.540000
vn 0.000000 -0.000000 -2.540000
vn 0.000000 -0.000000 -2.540000
vn 0.000000 -0.000000 -2.540000
vn 0.000000 -0.000000 -2.540000
usemtl 232,173,35
f 539/1253/1253 537/1254/1254 540/1256/1256
f 540/1256/1256 537/1254/1254 538/1255/1255
f 543/1257/1257 539/1258/1258 544/1260/1260
f 544/1260/1260 539/1258/1258 540/1259/1259
f 541/1261/1261 543/1262/1262 542/1264/1264
f 542/1264/1264 543/1262/1262 544/1263/1263
f 537/1265/1265 541/1266/1266 538/1268/1268
f 538/1268/1268 541/1266/1266 542/1267/1267
f 538/1269/1269 542/1270/1270 540/1272/1272
f 540/1272/1272 542/1270/1270 544/1271/1271
f 541/1273/1273 537/1274/1274 543/1276/1276
f 543/1276/1276 537/1274/1274 539/1275/1275
g Solid4

v 0.196850 0.231366 0.059055
v 0.196850 0.231366 0.098425
v 0.296699 0.231366 0.059055
v 0.296699 0.231366 0.098425
v 0.196850 0.190560 0.059055
v 0.196850 0.190560 0.098425
v 0.296699 0.190560 0.059055
v 0.296699 0.190560 0.098425
vt 0.000000 0.000000 0.000000
vt 0.253616 0.000000 0.000000
vt 0.253616 0.100000 0.000000
vt 0.000000 0.100000 0.000000
vt 0.000000 0.000000 0.000000
vt 0.103650 0.000000 0.000000
vt 0.103650 0.100000 0.000000
vt 0.000000 0.100000 0.000000
vt 0.000000 0.000000 0.000000
vt 0.253616 0.000000 0.000000
vt 0.253616 0.100000 0.000000
vt 0.000000 0.100000 0.000000
vt 0.000000 0.000000 0.000000
vt 0.103650 0.000000 0.000000
vt 0.103650 0.100000 0.000000
vt 0.000000 0.100000 0.000000
vt -0.051825 -0.126808 0.000000
vt 0.051825 -0.126808 0.000000
vt 0.051825 0.126808 0.000000
vt -0.051825 0.126808 0.000000
vt -0.051825 -0.126808 0.000000
vt 0.051825 -0.126808 0.000000
vt 0.051825 0.126808 0.000000
vt -0.051825 0.126808 0.000000
vn 0.000000 2.540000 -0.000000
vn 0.000000 2.540000 -0.000000
vn 0.000000 2.540000 -0.000000
vn 0.000000 2.540000 -0.000000
vn 2.540000 0.000000 0.000000
vn 2.540000 0.000000 0.000000
vn 2.540000 0.000000 0.000000
vn 2.540000 0.000000 0.000000
vn 0.000000 -2.540000 0.000000
vn 0.000000 -2.540000 0.000000
vn 0.000000 -2.540000 0.000000
vn 0.000000 -2.540000 0.000000
vn -2.540000 -0.000000 -0.000000
vn -2.540000 -0.000000 -0.000000
vn -2.540000 -0.000000 -0.000000
vn -2.540000 -0.000000 -0.000000
vn -0.000000 0.000000 2.540000
vn -0.000000 0.000000 2.540000
vn -0.000000 0.000000 2.540000
vn -0.000000 0.000000 2.540000
vn 0.000000 -0.000000 -2.540000
vn 0.000000 -0.000000 -2.540000
vn 0.000000 -0.000000 -2.540000
vn 0.000000 -0.000000 -2.540000
usemtl 179,179,179
f 547/1277/1277 545/1278/1278 548/1280/1280
f 548/1280/1280 545/1278/1278 546/1279/1279
f 551/1281/1281 547/1282/1282 552/1284/1284
f 552/1284/1284 547/1282/1282 548/1283/1283
f 549/1285/1285 551/1286/1286 550/1288/1288
f 550/1288/1288 551/1286/1286 552/1287/1287
f 545/1289/1289 549/1290/1290 546/1292/1292
f 546/1292/1292 549/1290/1290 550/1291/1291
f 546/1293/1293 550/1294/1294 548/1296/1296
f 548/1296/1296 550/1294/1294 552/1295/1295
f 549/1297/1297 545/1298/1298 551/1300/1300
f 551/1300/1300 545/1298/1298 547/1299/1299
g Solid5

v 0.354331 0.110548 0.059055
v 0.354331 0.110548 0.098425
v 0.433071 0.110548 0.059055
v 0.433071 0.110548 0.098425
v 0.354331 0.074292 0.059055
v 0.354331 0.074292 0.098425
v 0.433071 0.074292 0.059055
v 0.433071 0.074292 0.098425
vt 0.000000 0.000000 0.000000
vt 0.092089 0.000000 0.000000
vt 0.092089 0.100000 0.000000
vt 0.000000 0.100000 0.000000
vt 0.000000 0.000000 0.000000
vt 0.200000 0.000000 0.000000
vt 0.200000 0.100000 0.000000
vt 0.000000 0.100000 0.000000
vt 0.000000 0.000000 0.000000
vt 0.092089 0.000000 0.000000
vt 0.092089 0.100000 0.000000
vt 0.000000 0.100000 0.000000
vt 0.000000 0.000000 0.000000
vt 0.200000 0.000000 0.000000
vt 0.200000 0.100000 0.000000
vt 0.000000 0.100000 0.000000
vt 0.046045 -0.100000 0.000000
vt 0.046045 0.100000 0.000000
vt -0.046045 0.100000 0.000000
vt -0.046045 -0.100000 0.000000
vt -0.046045 0.100000 0.000000
vt -0.046045 -0.100000 0.000000
vt 0.046045 -0.100000 0.000000
vt 0.046045 0.100000 0.000000
vn -2.540000 -0.000000 -0.000000
vn -2.540000 -0.000000 -0.000000
vn -2.540000 -0.000000 -0.000000
vn -2.540000 -0.000000 -0.000000
vn 0.000000 2.540000 -0.000000
vn 0.000000 2.540000 -0.000000
vn 0.000000 2.540000 -0.000000
vn 0.000000 2.540000 -0.000000
vn 2.540000 0.000000 0.000000
vn 2.540000 0.000000 0.000000
vn 2.540000 0.000000 0.000000
vn 2.540000 0.000000 0.000000
vn 0.000000 -2.540000 0.000000
vn 0.000000 -2.540000 0.000000
vn 0.000000 -2.540000 0.000000
vn 0.000000 -2.540000 0.000000
vn -0.000000 0.000000 2.540000
vn -0.000000 0.000000 2.540000
vn -0.000000 0.000000 2.540000
vn -0.000000 0.000000 2.540000
vn 0.000000 -0.000000 -2.540000
vn 0.000000 -0.000000 -2.540000
vn 0.000000 -0.000000 -2.540000
vn 0.000000 -0.000000 -2.540000
f 553/1301/1301 557/1302/1302 554/1304/1304
f 554/1304/1304 557/1302/1302 558/1303/1303
f 555/1305/1305 553/1306/1306 556/1308/1308
f 556/1308/1308 553/1306/1306 554/1307/1307
f 559/1309/1309 555/1310/1310 560/1312/1312
f 560/1312/1312 555/1310/1310 556/1311/1311
f 557/1313/1313 559/1314/1314 558/1316/1316
f 558/1316/1316 559/1314/1314 560/1315/1315
f 560/1318/1318 556/1319/1319 558/1317/1317
f 558/1317/1317 556/1319/1319 554/1320/1320
f 557/1322/1322 553/1323/1323 559/1321/1321
f 559/1321/1321 553/1323/1323 555/1324/1324
g Solid6

v 0.354331 -0.230698 0.059055
v 0.354331 -0.230698 0.098425
v 0.433071 -0.230698 0.059055
v 0.433071 -0.230698 0.098425
v 0.354331 -0.270068 0.059055
v 0.354331 -0.270068 0.098425
v 0.433071 -0.270068 0.059055
v 0.433071 -0.270068 0.098425
vt 0.000000 0.000000 0.000000
vt 0.200000 0.000000 0.000000
vt 0.200000 0.100000 0.000000
vt 0.000000 0.100000 0.000000
vt 0.000000 0.000000 0.000000
vt 0.100000 0.000000 0.000000
vt 0.100000 0.100000 0.000000
vt 0.000000 0.100000 0.000000
vt 0.000000 0.000000 0.000000
vt 0.200000 0.000000 0.000000
vt 0.200000 0.100000 0.000000
vt 0.000000 0.100000 0.000000
vt 0.000000 0.000000 0.000000
vt 0.100000 0.000000 0.000000
vt 0.100000 0.100000 0.000000
vt 0.000000 0.100000 0.000000
vt 0.050000 0.100000 0.000000
vt -0.050000 0.100000 0.000000
vt -0.050000 -0.100000 0.000000
vt 0.050000 -0.100000 0.000000
vt 0.050000 0.100000 0.000000
vt -0.050000 0.100000 0.000000
vt -0.050000 -0.100000 0.000000
vt 0.050000 -0.100000 0.000000
vn 0.000000 -2.540000 0.000000
vn 0.000000 -2.540000 0.000000
vn 0.000000 -2.540000 0.000000
vn 0.000000 -2.540000 0.000000
vn -2.540000 -0.000000 -0.000000
vn -2.540000 -0.000000 -0.000000
vn -2.540000 -0.000000 -0.000000
vn -2.540000 -0.000000 -0.000000
vn 0.000000 2.540000 -0.000000
vn 0.000000 2.540000 -0.000000
vn 0.000000 2.540000 -0.000000
vn 0.000000 2.540000 -0.000000
vn 2.540000 0.000000 0.000000
vn 2.540000 0.000000 0.000000
vn 2.540000 0.000000 0.000000
vn 2.540000 0.000000 0.000000
vn -0.000000 0.000000 2.540000
vn -0.000000 0.000000 2.540000
vn -0.000000 0.000000 2.540000
vn -0.000000 0.000000 2.540000
vn 0.000000 -0.000000 -2.540000
vn 0.000000 -0.000000 -2.540000
vn 0.000000 -0.000000 -2.540000
vn 0.000000 -0.000000 -2.540000
f 565/1325/1325 567/1326/1326 566/1328/1328
f 566/1328/1328 567/1326/1326 568/1327/1327
f 561/1329/1329 565/1330/1330 562/1332/1332
f 562/1332/1332 565/1330/1330 566/1331/1331
f 563/1333/1333 561/1334/1334 564/1336/1336
f 564/1336/1336 561/1334/1334 562/1335/1335
f 567/1337/1337 563/1338/1338 568/1340/1340
f 568/1340/1340 563/1338/1338 564/1339/1339
f 568/1341/1341 564/1342/1342 566/1344/1344
f 566/1344/1344 564/1342/1342 562/1343/1343
f 563/1345/1345 567/1346/1346 561/1348/1348
f 561/1348/1348 567/1346/1346 565/1347/1347
g Solid7

v 0.196850 -0.230698 0.059055
v 0.196850 -0.230698 0.098425
v 0.296699 -0.230698 0.059055
v 0.296699 -0.230698 0.098425
v 0.196850 -0.271505 0.059055
v 0.196850 -0.271505 0.098425
v 0.296699 -0.271505 0.059055
v 0.296699 -0.271505 0.098425
vt 0.000000 0.000000 0.000000
vt 0.253616 0.000000 0.000000
vt 0.253616 0.100000 0.000000
vt 0.000000 0.100000 0.000000
vt 0.000000 0.000000 0.000000
vt 0.103650 0.000000 0.000000
vt 0.103650 0.100000 0.000000
vt 0.000000 0.100000 0.000000
vt 0.000000 0.000000 0.000000
vt 0.253616 0.000000 0.000000
vt 0.253616 0.100000 0.000000
vt 0.000000 0.100000 0.000000
vt 0.000000 0.000000 0.000000
vt 0.103650 0.000000 0.000000
vt 0.103650 0.100000 0.000000
vt 0.000000 0.100000 0.000000
vt 0.051825 0.126808 0.000000
vt -0.051825 0.126808 0.000000
vt -0.051825 -0.126808 0.000000
vt 0.051825 -0.126808 0.000000
vt 0.051825 0.126808 0.000000
vt -0.051825 0.126808 0.000000
vt -0.051825 -0.126808 0.000000
vt 0.051825 -0.126808 0.000000
vn 0.000000 -2.540000 0.000000
vn 0.000000 -2.540000 0.000000
vn 0.000000 -2.540000 0.000000
vn 0.000000 -2.540000 0.000000
vn -2.540000 -0.000000 -0.000000
vn -2.540000 -0.000000 -0.000000
vn -2.540000 -0.000000 -0.000000
vn -2.540000 -0.000000 -0.000000
vn 0.000000 2.540000 -0.000000
vn 0.000000 2.540000 -0.000000
vn 0.000000 2.540000 -0.000000
vn 0.000000 2.540000 -0.000000
vn 2.540000 0.000000 0.000000
vn 2.540000 0.000000 0.000000
vn 2.540000 0.000000 0.000000
vn 2.540000 0.000000 0.000000
vn -0.000000 0.000000 2.540000
vn -0.000000 0.000000 2.540000
vn -0.000000 0.000000 2.540000
vn -0.000000 0.000000 2.540000
vn 0.000000 -0.000000 -2.540000
vn 0.000000 -0.000000 -2.540000
vn 0.000000 -0.000000 -2.540000
vn 0.000000 -0.000000 -2.540000
f 573/1349/1349 575/1350/1350 574/1352/1352
f 574/1352/1352 575/1350/1350 576/1351/1351
f 569/1353/1353 573/1354/1354 570/1356/1356
f 570/1356/1356 573/1354/1354 574/1355/1355
f 571/1357/1357 569/1358/1358 572/1360/1360
f 572/1360/1360 569/1358/1358 570/1359/1359
f 575/1361/1361 571/1362/1362 576/1364/1364
f 576/1364/1364 571/1362/1362 572/1363/1363
f 576/1365/1365 572/1366/1366 574/1368/1368
f 574/1368/1368 572/1366/1366 570/1367/1367
f 571/1369/1369 575/1370/1370 569/1372/1372
f 569/1372/1372 575/1370/1370 573/1371/1371
g Solid8

v 0.354331 0.170874 0.059055
v 0.354331 0.170874 0.098425
v 0.433071 0.170874 0.059055
v 0.433071 0.170874 0.098425
v 0.354331 0.131504 0.059055
v 0.354331 0.131504 0.098425
v 0.433071 0.131504 0.059055
v 0.433071 0.131504 0.098425
vt 0.000000 0.000000 0.000000
vt 0.200000 0.000000 0.000000
vt 0.200000 0.100000 0.000000
vt 0.000000 0.100000 0.000000
vt 0.000000 0.000000 0.000000
vt 0.100000 0.000000 0.000000
vt 0.100000 0.100000 0.000000
vt 0.000000 0.100000 0.000000
vt 0.000000 0.000000 0.000000
vt 0.200000 0.000000 0.000000
vt 0.200000 0.100000 0.000000
vt 0.000000 0.100000 0.000000
vt 0.000000 0.000000 0.000000
vt 0.100000 0.000000 0.000000
vt 0.100000 0.100000 0.000000
vt 0.000000 0.100000 0.000000
vt -0.050000 -0.100000 0.000000
vt 0.050000 -0.100000 0.000000
vt 0.050000 0.100000 0.000000
vt -0.050000 0.100000 0.000000
vt -0.050000 -0.100000 0.000000
vt 0.050000 -0.100000 0.000000
vt 0.050000 0.100000 0.000000
vt -0.050000 0.100000 0.000000
vn 0.000000 2.540000 -0.000000
vn 0.000000 2.540000 -0.000000
vn 0.000000 2.540000 -0.000000
vn 0.000000 2.540000 -0.000000
vn 2.540000 0.000000 0.000000
vn 2.540000 0.000000 0.000000
vn 2.540000 0.000000 0.000000
vn 2.540000 0.000000 0.000000
vn 0.000000 -2.540000 0.000000
vn 0.000000 -2.540000 0.000000
vn 0.000000 -2.540000 0.000000
vn 0.000000 -2.540000 0.000000
vn -2.540000 -0.000000 -0.000000
vn -2.540000 -0.000000 -0.000000
vn -2.540000 -0.000000 -0.000000
vn -2.540000 -0.000000 -0.000000
vn -0.000000 0.000000 2.540000
vn -0.000000 0.000000 2.540000
vn -0.000000 0.000000 2.540000
vn -0.000000 0.000000 2.540000
vn 0.000000 -0.000000 -2.540000
vn 0.000000 -0.000000 -2.540000
vn 0.000000 -0.000000 -2.540000
vn 0.000000 -0.000000 -2.540000
f 579/1373/1373 577/1374/1374 580/1376/1376
f 580/1376/1376 577/1374/1374 578/1375/1375
f 583/1377/1377 579/1378/1378 584/1380/1380
f 584/1380/1380 579/1378/1378 580/1379/1379
f 581/1381/1381 583/1382/1382 582/1384/1384
f 582/1384/1384 583/1382/1382 584/1383/1383
f 577/1385/1385 581/1386/1386 578/1388/1388
f 578/1388/1388 581/1386/1386 582/1387/1387
f 578/1389/1389 582/1390/1390 580/1392/1392
f 580/1392/1392 582/1390/1390 584/1391/1391
f 581/1393/1393 577/1394/1394 583/1396/1396
f 583/1396/1396 577/1394/1394 579/1395/1395
g Solid9

v 0.354331 0.328355 0.059055
v 0.354331 0.328355 0.098425
v 0.393701 0.328355 0.059055
v 0.393701 0.328355 0.098425
v 0.354331 0.249615 0.059055
v 0.354331 0.249615 0.098425
v 0.393701 0.249615 0.059055
v 0.393701 0.249615 0.098425
vt 0.000000 0.000000 0.000000
vt 0.100000 0.000000 0.000000
vt 0.100000 0.100000 0.000000
vt 0.000000 0.100000 0.000000
vt 0.000000 0.000000 0.000000
vt 0.200000 0.000000 0.000000
vt 0.200000 0.100000 0.000000
vt 0.000000 0.100000 0.000000
vt 0.000000 0.000000 0.000000
vt 0.100000 0.000000 0.000000
vt 0.100000 0.100000 0.000000
vt 0.000000 0.100000 0.000000
vt 0.000000 0.000000 0.000000
vt 0.200000 0.000000 0.000000
vt 0.200000 0.100000 0.000000
vt 0.000000 0.100000 0.000000
vt -0.100000 -0.050000 0.000000
vt 0.100000 -0.050000 0.000000
vt 0.100000 0.050000 0.000000
vt -0.100000 0.050000 0.000000
vt -0.100000 -0.050000 0.000000
vt 0.100000 -0.050000 0.000000
vt 0.100000 0.050000 0.000000
vt -0.100000 0.050000 0.000000
vn 0.000000 2.540000 -0.000000
vn 0.000000 2.540000 -0.000000
vn 0.000000 2.540000 -0.000000
vn 0.000000 2.540000 -0.000000
vn 2.540000 0.000000 0.000000
vn 2.540000 0.000000 0.000000
vn 2.540000 0.000000 0.000000
vn 2.540000 0.000000 0.000000
vn 0.000000 -2.540000 0.000000
vn 0.000000 -2.540000 0.000000
vn 0.000000 -2.540000 0.000000
vn 0.000000 -2.540000 0.000000
vn -2.540000 -0.000000 -0.000000
vn -2.540000 -0.000000 -0.000000
vn -2.540000 -0.000000 -0.000000
vn -2.540000 -0.000000 -0.000000
vn -0.000000 0.000000 2.540000
vn -0.000000 0.000000 2.540000
vn -0.000000 0.000000 2.540000
vn -0.000000 0.000000 2.540000
vn 0.000000 -0.000000 -2.540000
vn 0.000000 -0.000000 -2.540000
vn 0.000000 -0.000000 -2.540000
vn 0.000000 -0.000000 -2.540000
f 587/1397/1397 585/1398/1398 588/1400/1400
f 588/1400/1400 585/1398/1398 586/1399/1399
f 591/1401/1401 587/1402/1402 592/1404/1404
f 592/1404/1404 587/1402/1402 588/1403/1403
f 589/1405/1405 591/1406/1406 590/1408/1408
f 590/1408/1408 591/1406/1406 592/1407/1407
f 585/1409/1409 589/1410/1410 586/1412/1412
f 586/1412/1412 589/1410/1410 590/1411/1411
f 586/1413/1413 590/1414/1414 588/1416/1416
f 588/1416/1416 590/1414/1414 592/1415/1415
f 589/1417/1417 585/1418/1418 591/1420/1420
f 591/1420/1420 585/1418/1418 587/1419/1419
g Solid10

v 0.196850 0.113256 0.059055
v 0.196850 0.113256 0.098425
v 0.296699 0.113256 0.059055
v 0.296699 0.113256 0.098425
v 0.196850 0.072449 0.059055
v 0.196850 0.072449 0.098425
v 0.296699 0.072449 0.059055
v 0.296699 0.072449 0.098425
vt 0.000000 0.000000 0.000000
vt 0.253616 0.000000 0.000000
vt 0.253616 0.100000 0.000000
vt 0.000000 0.100000 0.000000
vt 0.000000 0.000000 0.000000
vt 0.103650 0.000000 0.000000
vt 0.103650 0.100000 0.000000
vt 0.000000 0.100000 0.000000
vt 0.000000 0.000000 0.000000
vt 0.253616 0.000000 0.000000
vt 0.253616 0.100000 0.000000
vt 0.000000 0.100000 0.000000
vt 0.000000 0.000000 0.000000
vt 0.103650 0.000000 0.000000
vt 0.103650 0.100000 0.000000
vt 0.000000 0.100000 0.000000
vt 0.051825 0.126808 0.000000
vt -0.051825 0.126808 0.000000
vt -0.051825 -0.126808 0.000000
vt 0.051825 -0.126808 0.000000
vt 0.051825 0.126808 0.000000
vt -0.051825 0.126808 0.000000
vt -0.051825 -0.126808 0.000000
vt 0.051825 -0.126808 0.000000
vn 0.000000 -2.540000 0.000000
vn 0.000000 -2.540000 0.000000
vn 0.000000 -2.540000 0.000000
vn 0.000000 -2.540000 0.000000
vn -2.540000 -0.000000 -0.000000
vn -2.540000 -0.000000 -0.000000
vn -2.540000 -0.000000 -0.000000
vn -2.540000 -0.000000 -0.000000
vn 0.000000 2.540000 -0.000000
vn 0.000000 2.540000 -0.000000
vn 0.000000 2.540000 -0.000000
vn 0.000000 2.540000 -0.000000
vn 2.540000 0.000000 0.000000
vn 2.540000 0.000000 0.000000
vn 2.540000 0.000000 0.000000
vn 2.540000 0.000000 0.000000
vn -0.000000 0.000000 2.540000
vn -0.000000 0.000000 2.540000
vn -0.000000 0.000000 2.540000
vn -0.000000 0.000000 2.540000
vn 0.000000 -0.000000 -2.540000
vn 0.000000 -0.000000 -2.540000
vn 0.000000 -0.000000 -2.540000
vn 0.000000 -0.000000 -2.540000
f 597/1421/1421 599/1422/1422 598/1424/1424
f 598/1424/1424 599/1422/1422 600/1423/1423
f 593/1425/1425 597/1426/1426 594/1428/1428
f 594/1428/1428 597/1426/1426 598/1427/1427
f 595/1429/1429 593/1430/1430 596/1432/1432
f 596/1432/1432 593/1430/1430 594/1431/1431
f 599/1433/1433 595/1434/1434 600/1436/1436
f 600/1436/1436 595/1434/1434 596/1435/1435
f 600/1437/1437 596/1438/1438 598/1440/1440
f 598/1440/1440 596/1438/1438 594/1439/1439
f 595/1441/1441 599/1442/1442 593/1444/1444
f 593/1444/1444 599/1442/1442 597/1443/1443
g Solid11

v 0.196850 -0.289753 0.059055
v 0.196850 -0.289753 0.098425
v 0.296699 -0.289753 0.059055
v 0.296699 -0.289753 0.098425
v 0.196850 -0.330560 0.059055
v 0.196850 -0.330560 0.098425
v 0.296699 -0.330560 0.059055
v 0.296699 -0.330560 0.098425
vt 0.000000 0.000000 0.000000
vt 0.253616 0.000000 0.000000
vt 0.253616 0.100000 0.000000
vt 0.000000 0.100000 0.000000
vt 0.000000 0.000000 0.000000
vt 0.103650 0.000000 0.000000
vt 0.103650 0.100000 0.000000
vt 0.000000 0.100000 0.000000
vt 0.000000 0.000000 0.000000
vt 0.253616 0.000000 0.000000
vt 0.253616 0.100000 0.000000
vt 0.000000 0.100000 0.000000
vt 0.000000 0.000000 0.000000
vt 0.103650 0.000000 0.000000
vt 0.103650 0.100000 0.000000
vt 0.000000 0.100000 0.000000
vt 0.051825 0.126808 0.000000
vt -0.051825 0.126808 0.000000
vt -0.051825 -0.126808 0.000000
vt 0.051825 -0.126808 0.000000
vt 0.051825 0.126808 0.000000
vt -0.051825 0.126808 0.000000
vt -0.051825 -0.126808 0.000000
vt 0.051825 -0.126808 0.000000
vn 0.000000 -2.540000 0.000000
vn 0.000000 -2.540000 0.000000
vn 0.000000 -2.540000 0.000000
vn 0.000000 -2.540000 0.000000
vn -2.540000 -0.000000 -0.000000
vn -2.540000 -0.000000 -0.000000
vn -2.540000 -0.000000 -0.000000
vn -2.540000 -0.000000 -0.000000
vn 0.000000 2.540000 -0.000000
vn 0.000000 2.540000 -0.000000
vn 0.000000 2.540000 -0.000000
vn 0.000000 2.540000 -0.000000
vn 2.540000 0.000000 0.000000
vn 2.540000 0.000000 0.000000
vn 2.540000 0.000000 0.000000
vn 2.540000 0.000000 0.000000
vn -0.000000 0.000000 2.540000
vn -0.000000 0.000000 2.540000
vn -0.000000 0.000000 2.540000
vn -0.000000 0.000000 2.540000
vn 0.000000 -0.000000 -2.540000
vn 0.000000 -0.000000 -2.540000
vn 0.000000 -0.000000 -2.540000
vn 0.000000 -0.000000 -2.540000
f 605/1445/1445 607/1446/1446 606/1448/1448
f 606/1448/1448 607/1446/1446 608/1447/1447
f 601/1449/1449 605/1450/1450 602/1452/1452
f 602/1452/1452 605/1450/1450 606/1451/1451
f 603/1453/1453 601/1454/1454 604/1456/1456
f 604/1456/1456 601/1454/1454 602/1455/1455
f 607/1457/1457 603/1458/1458 608/1460/1460
f 608/1460/1460 603/1458/1458 604/1459/1459
f 608/1461/1461 604/1462/1462 606/1464/1464
f 606/1464/1464 604/1462/1462 602/1463/1463
f 603/1465/1465 607/1466/1466 601/1468/1468
f 601/1468/1468 607/1466/1466 605/1467/1467
g Solid12

v 0.354331 -0.173486 0.059055
v 0.354331 -0.173486 0.098425
v 0.433071 -0.173486 0.059055
v 0.433071 -0.173486 0.098425
v 0.354331 -0.209742 0.059055
v 0.354331 -0.209742 0.098425
v 0.433071 -0.209742 0.059055
v 0.433071 -0.209742 0.098425
vt 0.000000 0.000000 0.000000
vt 0.092089 0.000000 0.000000
vt 0.092089 0.100000 0.000000
vt 0.000000 0.100000 0.000000
vt 0.000000 0.000000 0.000000
vt 0.200000 0.000000 0.000000
vt 0.200000 0.100000 0.000000
vt 0.000000 0.100000 0.000000
vt 0.000000 0.000000 0.000000
vt 0.092089 0.000000 0.000000
vt 0.092089 0.100000 0.000000
vt 0.000000 0.100000 0.000000
vt 0.000000 0.000000 0.000000
vt 0.200000 0.000000 0.000000
vt 0.200000 0.100000 0.000000
vt 0.000000 0.100000 0.000000
vt -0.046045 0.100000 0.000000
vt -0.046045 -0.100000 0.000000
vt 0.046045 -0.100000 0.000000
vt 0.046045 0.100000 0.000000
vt 0.046045 -0.100000 0.000000
vt 0.046045 0.100000 0.000000
vt -0.046045 0.100000 0.000000
vt -0.046045 -0.100000 0.000000
vn 2.540000 0.000000 0.000000
vn 2.540000 0.000000 0.000000
vn 2.540000 0.000000 0.000000
vn 2.540000 0.000000 0.000000
vn 0.000000 -2.540000 0.000000
vn 0.000000 -2.540000 0.000000
vn 0.000000 -2.540000 0.000000
vn 0.000000 -2.540000 0.000000
vn -2.540000 -0.000000 -0.000000
vn -2.540000 -0.000000 -0.000000
vn -2.540000 -0.000000 -0.000000
vn -2.540000 -0.000000 -0.000000
vn 0.000000 2.540000 -0.000000
vn 0.000000 2.540000 -0.000000
vn 0.000000 2.540000 -0.000000
vn 0.000000 2.540000 -0.000000
vn -0.000000 0.000000 2.540000
vn -0.000000 0.000000 2.540000
vn -0.000000 0.000000 2.540000
vn -0.000000 0.000000 2.540000
vn 0.000000 -0.000000 -2.540000
vn 0.000000 -0.000000 -2.540000
vn 0.000000 -0.000000 -2.540000
vn 0.000000 -0.000000 -2.540000
f 615/1469/1469 611/1470/1470 616/1472/1472
f 616/1472/1472 611/1470/1470 612/1471/1471
f 613/1473/1473 615/1474/1474 614/1476/1476
f 614/1476/1476 615/1474/1474 616/1475/1475
f 609/1477/1477 613/1478/1478 610/1480/1480
f 610/1480/1480 613/1478/1478 614/1479/1479
f 611/1481/1481 609/1482/1482 612/1484/1484
f 612/1484/1484 609/1482/1482 610/1483/1483
f 610/1486/1486 614/1487/1487 612/1485/1485
f 612/1485/1485 614/1487/1487 616/1488/1488
f 611/1490/1490 615/1491/1491 609/1489/1489
f 609/1489/1489 615/1491/1491 613/1492/1492
g Solid13

v 0.196850 -0.171643 0.059055
v 0.196850 -0.171643 0.098425
v 0.296699 -0.171643 0.059055
v 0.296699 -0.171643 0.098425
v 0.196850 -0.212450 0.059055
v 0.196850 -0.212450 0.098425
v 0.296699 -0.212450 0.059055
v 0.296699 -0.212450 0.098425
vt 0.000000 0.000000 0.000000
vt 0.253616 0.000000 0.000000
vt 0.253616 0.100000 0.000000
vt 0.000000 0.100000 0.000000
vt 0.000000 0.000000 0.000000
vt 0.103650 0.000000 0.000000
vt 0.103650 0.100000 0.000000
vt 0.000000 0.100000 0.000000
vt 0.000000 0.000000 0.000000
vt 0.253616 0.000000 0.000000
vt 0.253616 0.100000 0.000000
vt 0.000000 0.100000 0.000000
vt 0.000000 0.000000 0.000000
vt 0.103650 0.000000 0.000000
vt 0.103650 0.100000 0.000000
vt 0.000000 0.100000 0.000000
vt 0.051825 0.126808 0.000000
vt -0.051825 0.126808 0.000000
vt -0.051825 -0.126808 0.000000
vt 0.051825 -0.126808 0.000000
vt 0.051825 0.126808 0.000000
vt -0.051825 0.126808 0.000000
vt -0.051825 -0.126808 0.000000
vt 0.051825 -0.126808 0.000000
vn 0.000000 -2.540000 0.000000
vn 0.000000 -2.540000 0.000000
vn 0.000000 -2.540000 0.000000
vn 0.000000 -2.540000 0.000000
vn -2.540000 -0.000000 -0.000000
vn -2.540000 -0.000000 -0.000000
vn -2.540000 -0.000000 -0.000000
vn -2.540000 -0.000000 -0.000000
vn 0.000000 2.540000 -0.000000
vn 0.000000 2.540000 -0.000000
vn 0.000000 2.540000 -0.000000
vn 0.000000 2.540000 -0.000000
vn 2.540000 0.000000 0.000000
vn 2.540000 0.000000 0.000000
vn 2.540000 0.000000 0.000000
vn 2.540000 0.000000 0.000000
vn -0.000000 0.000000 2.540000
vn -0.000000 0.000000 2.540000
vn -0.000000 0.000000 2.540000
vn -0.000000 0.000000 2.540000
vn 0.000000 -0.000000 -2.540000
vn 0.000000 -0.000000 -2.540000
vn 0.000000 -0.000000 -2.540000
vn 0.000000 -0.000000 -2.540000
f 621/1493/1493 623/1494/1494 622/1496/1496
f 622/1496/1496 623/1494/1494 624/1495/1495
f 617/1497/1497 621/1498/1498 618/1500/1500
f 618/1500/1500 621/1498/1498 622/1499/1499
f 619/1501/1501 617/1502/1502 620/1504/1504
f 620/1504/1504 617/1502/1502 618/1503/1503
f 623/1505/1505 619/1506/1506 624/1508/1508
f 624/1508/1508 619/1506/1506 620/1507/1507
f 624/1509/1509 620/1510/1510 622/1512/1512
f 622/1512/1512 620/1510/1510 618/1511/1511
f 619/1513/1513 623/1514/1514 617/1516/1516
f 617/1516/1516 623/1514/1514 621/1515/1515
g Solid14

v 0.196850 0.172311 0.059055
v 0.196850 0.172311 0.098425
v 0.296699 0.172311 0.059055
v 0.296699 0.172311 0.098425
v 0.196850 0.131504 0.059055
v 0.196850 0.131504 0.098425
v 0.296699 0.131504 0.059055
v 0.296699 0.131504 0.098425
vt 0.000000 0.000000 0.000000
vt 0.253616 0.000000 0.000000
vt 0.253616 0.100000 0.000000
vt 0.000000 0.100000 0.000000
vt 0.000000 0.000000 0.000000
vt 0.103650 0.000000 0.000000
vt 0.103650 0.100000 0.000000
vt 0.000000 0.100000 0.000000
vt 0.000000 0.000000 0.000000
vt 0.253616 0.000000 0.000000
vt 0.253616 0.100000 0.000000
vt 0.000000 0.100000 0.000000
vt 0.000000 0.000000 0.000000
vt 0.103650 0.000000 0.000000
vt 0.103650 0.100000 0.000000
vt 0.000000 0.100000 0.000000
vt 0.051825 0.126808 0.000000
vt -0.051825 0.126808 0.000000
vt -0.051825 -0.126808 0.000000
vt 0.051825 -0.126808 0.000000
vt 0.051825 0.126808 0.000000
vt -0.051825 0.126808 0.000000
vt -0.051825 -0.126808 0.000000
vt 0.051825 -0.126808 0.000000
vn 0.000000 -2.540000 0.000000
vn 0.000000 -2.540000 0.000000
vn 0.000000 -2.540000 0.000000
vn 0.000000 -2.540000 0.000000
vn -2.540000 -0.000000 -0.000000
vn -2.540000 -0.000000 -0.000000
vn -2.540000 -0.000000 -0.000000
vn -2.540000 -0.000000 -0.000000
vn 0.000000 2.540000 -0.000000
vn 0.000000 2.540000 -0.000000
vn 0.000000 2.540000 -0.000000
vn 0.000000 2.540000 -0.000000
vn 2.540000 0.000000 0.000000
vn 2.540000 0.000000 0.000000
vn 2.540000 0.000000 0.000000
vn 2.540000 0.000000 0.000000
vn -0.000000 0.000000 2.540000
vn -0.000000 0.000000 2.540000
vn -0.000000 0.000000 2.540000
vn -0.000000 0.000000 2.540000
vn 0.000000 -0.000000 -2.540000
vn 0.000000 -0.000000 -2.540000
vn 0.000000 -0.000000 -2.540000
vn 0.000000 -0.000000 -2.540000
f 629/1517/1517 631/1518/1518 630/1520/1520
f 630/1520/1520 631/1518/1518 632/1519/1519
f 625/1521/1521 629/1522/1522 626/1524/1524
f 626/1524/1524 629/1522/1522 630/1523/1523
f 627/1525/1525 625/1526/1526 628/1528/1528
f 628/1528/1528 625/1526/1526 626/1527/1527
f 631/1529/1529 627/1530/1530 632/1532/1532
f 632/1532/1532 627/1530/1530 628/1531/1531
f 632/1533/1533 628/1534/1534 630/1536/1536
f 630/1536/1536 628/1534/1534 626/1535/1535
f 627/1537/1537 631/1538/1538 625/1540/1540
f 625/1540/1540 631/1538/1538 629/1539/1539
g Solid15

v 0.220372 0.358612 0.059055
v 0.220372 0.358612 0.098425
v 0.275591 0.358612 0.059055
v 0.275591 0.358612 0.098425
v 0.220372 0.249615 0.059055
v 0.220372 0.249615 0.098425
v 0.275591 0.249615 0.059055
v 0.275591 0.249615 0.098425
vt 0.000000 0.000000 0.000000
vt 0.276852 0.000000 0.000000
vt 0.276852 0.100000 0.000000
vt 0.000000 0.100000 0.000000
vt 0.000000 0.000000 0.000000
vt 0.140256 0.000000 0.000000
vt 0.140256 0.100000 0.000000
vt 0.000000 0.100000 0.000000
vt 0.000000 0.000000 0.000000
vt 0.276852 0.000000 0.000000
vt 0.276852 0.100000 0.000000
vt 0.000000 0.100000 0.000000
vt 0.000000 0.000000 0.000000
vt 0.140256 0.000000 0.000000
vt 0.140256 0.100000 0.000000
vt 0.000000 0.100000 0.000000
vt -0.138426 0.070128 0.000000
vt -0.138426 -0.070128 0.000000
vt 0.138426 -0.070128 0.000000
vt 0.138426 0.070128 0.000000
vt 0.138426 -0.070128 0.000000
vt 0.138426 0.070128 0.000000
vt -0.138426 0.070128 0.000000
vt -0.138426 -0.070128 0.000000
vn 2.540000 0.000000 0.000000
vn 2.540000 0.000000 0.000000
vn 2.540000 0.000000 0.000000
vn 2.540000 0.000000 0.000000
vn 0.000000 -2.540000 0.000000
vn 0.000000 -2.540000 0.000000
vn 0.000000 -2.540000 0.000000
vn 0.000000 -2.540000 0.000000
vn -2.540000 -0.000000 -0.000000
vn -2.540000 -0.000000 -0.000000
vn -2.540000 -0.000000 -0.000000
vn -2.540000 -0.000000 -0.000000
vn 0.000000 2.540000 -0.000000
vn 0.000000 2.540000 -0.000000
vn 0.000000 2.540000 -0.000000
vn 0.000000 2.540000 -0.000000
vn -0.000000 0.000000 2.540000
vn -0.000000 0.000000 2.540000
vn -0.000000 0.000000 2.540000
vn -0.000000 0.000000 2.540000
vn 0.000000 -0.000000 -2.540000
vn 0.000000 -0.000000 -2.540000
vn 0.000000 -0.000000 -2.540000
vn 0.000000 -0.000000 -2.540000
f 639/1541/1541 635/1542/1542 640/1544/1544
f 640/1544/1544 635/1542/1542 636/1543/1543
f 637/1545/1545 639/1546/1546 638/1548/1548
f 638/1548/1548 639/1546/1546 640/1547/1547
f 633/1549/1549 637/1550/1550 634/1552/1552
f 634/1552/1552 637/1550/1550 638/1551/1551
f 635/1553/1553 633/1554/1554 636/1556/1556
f 636/1556/1556 633/1554/1554 634/1555/1555
f 634/1558/1558 638/1559/1559 636/1557/1557
f 636/1557/1557 638/1559/1559 640/1560/1560
f 635/1562/1562 639/1563/1563 633/1561/1561
f 633/1561/1561 639/1563/1563 637/1564/1564
g Solid16

v 0.039370 -0.350779 -0.000000
v 0.039370 -0.350779 0.059055
v 0.035942 -0.350979 -0.000000
v 0.035942 -0.350979 0.059055
v 0.042798 -0.350979 -0.000000
v 0.042798 -0.350979 0.059055
v 0.032561 -0.351575 -0.000000
v 0.032561 -0.351575 0.059055
v 0.046180 -0.351575 -0.000000
v 0.046180 -0.351575 0.059055
v 0.029271 -0.352560 -0.000000
v 0.029271 -0.352560 0.059055
v 0.049469 -0.352560 -0.000000
v 0.049469 -0.352560 0.059055
v 0.026118 -0.353920 -0.000000
v 0.026118 -0.353920 0.059055
v 0.052622 -0.353920 -0.000000
v 0.052622 -0.353920 0.059055
v 0.023144 -0.355637 -0.000000
v 0.023144 -0.355637 0.059055
v 0.055596 -0.355637 -0.000000
v 0.055596 -0.355637 0.059055
v 0.020390 -0.357687 -0.000000
v 0.020390 -0.357687 0.059055
v 0.058350 -0.357687 -0.000000
v 0.058350 -0.357687 0.059055
v 0.017893 -0.360044 -0.000000
v 0.017893 -0.360044 0.059055
v 0.060848 -0.360044 -0.000000
v 0.060848 -0.360044 0.059055
v 0.039370 -0.360622 -0.000000
v 0.039370 -0.360622 0.059055
v 0.036569 -0.360822 -0.000000
v 0.036569 -0.360822 0.059055
v 0.042172 -0.360822 -0.000000
v 0.042172 -0.360822 0.059055
v 0.033824 -0.361419 -0.000000
v 0.033824 -0.361419 0.059055
v 0.044916 -0.361419 -0.000000
v 0.044916 -0.361419 0.059055
v 0.031193 -0.362400 -0.000000
v 0.031193 -0.362400 0.059055
v 0.047548 -0.362400 -0.000000
v 0.047548 -0.362400 0.059055
v 0.015685 -0.362674 -0.000000
v 0.015685 -0.362674 0.059055
v 0.063055 -0.362674 -0.000000
v 0.063055 -0.362674 0.059055
v 0.028728 -0.363747 -0.000000
v 0.028728 -0.363747 0.059055
v 0.050013 -0.363747 -0.000000
v 0.050013 -0.363747 0.059055
v 0.026479 -0.365430 -0.000000
v 0.026479 -0.365430 0.059055
v 0.052261 -0.365430 -0.000000
v 0.052261 -0.365430 0.059055
v 0.013798 -0.365543 -0.000000
v 0.013798 -0.365543 0.059055
v 0.064942 -0.365543 -0.000000
v 0.064942 -0.365543 0.059055
v 0.024493 -0.367416 -0.000000
v 0.024493 -0.367416 0.059055
v 0.054247 -0.367416 -0.000000
v 0.054247 -0.367416 0.059055
v 0.012257 -0.368611 -0.000000
v 0.012257 -0.368611 0.059055
v 0.066483 -0.368611 -0.000000
v 0.066483 -0.368611 0.059055
v 0.022810 -0.369664 -0.000000
v 0.022810 -0.369664 0.059055
v 0.055930 -0.369664 -0.000000
v 0.055930 -0.369664 0.059055
v 0.011083 -0.371838 -0.000000
v 0.011083 -0.371838 0.059055
v 0.067657 -0.371838 -0.000000
v 0.067657 -0.371838 0.059055
v 0.021464 -0.372129 -0.000000
v 0.021464 -0.372129 0.059055
v 0.057276 -0.372129 -0.000000
v 0.057276 -0.372129 0.059055
v 0.020482 -0.374761 -0.000000
v 0.020482 -0.374761 0.059055
v 0.058258 -0.374761 -0.000000
v 0.058258 -0.374761 0.059055
v 0.010291 -0.375179 -0.000000
v 0.010291 -0.375179 0.059055
v 0.068449 -0.375179 -0.000000
v 0.068449 -0.375179 0.059055
v 0.019885 -0.377505 -0.000000
v 0.019885 -0.377505 0.059055
v 0.058855 -0.377505 -0.000000
v 0.058855 -0.377505 0.059055
v 0.009892 -0.378590 -0.000000
v 0.009892 -0.378590 0.059055
v 0.068848 -0.378590 -0.000000
v 0.068848 -0.378590 0.059055
v 0.019685 -0.380307 -0.000000
v 0.019685 -0.380307 0.059055
v 0.059055 -0.380307 -0.000000
v 0.059055 -0.380307 0.059055
v 0.009892 -0.382023 -0.000000
v 0.009892 -0.382023 0.059055
v 0.068848 -0.382023 -0.000000
v 0.068848 -0.382023 0.059055
v 0.019885 -0.383108 -0.000000
v 0.019885 -0.383108 0.059055
v 0.058855 -0.383108 -0.000000
v 0.058855 -0.383108 0.059055
v 0.010291 -0.385434 -0.000000
v 0.010291 -0.385434 0.059055
v 0.068449 -0.385434 -0.000000
v 0.068449 -0.385434 0.059055
v 0.020482 -0.385853 -0.000000
v 0.020482 -0.385853 0.059055
v 0.058258 -0.385853 -0.000000
v 0.058258 -0.385853 0.059055
v 0.021464 -0.388484 -0.000000
v 0.021464 -0.388484 0.059055
v 0.057276 -0.388484 -0.000000
v 0.057276 -0.388484 0.059055
v 0.011083 -0.388775 -0.000000
v 0.011083 -0.388775 0.059055
v 0.067657 -0.388775 -0.000000
v 0.067657 -0.388775 0.059055
v 0.022810 -0.390949 -0.000000
v 0.022810 -0.390949 0.059055
v 0.055930 -0.390949 -0.000000
v 0.055930 -0.390949 0.059055
v 0.012257 -0.392002 -0.000000
v 0.012257 -0.392002 0.059055
v 0.066483 -0.392002 -0.000000
v 0.066483 -0.392002 0.059055
v 0.024493 -0.393198 -0.000000
v 0.024493 -0.393198 0.059055
v 0.054247 -0.393198 -0.000000
v 0.054247 -0.393198 0.059055
v 0.013798 -0.395070 -0.000000
v 0.013798 -0.395070 0.059055
v 0.064942 -0.395070 -0.000000
v 0.064942 -0.395070 0.059055
v 0.026479 -0.395184 -0.000000
v 0.026479 -0.395184 0.059055
v 0.052261 -0.395184 -0.000000
v 0.052261 -0.395184 0.059055
v 0.028728 -0.396867 -0.000000
v 0.028728 -0.396867 0.059055
v 0.050013 -0.396867 -0.000000
v 0.050013 -0.396867 0.059055
v 0.015685 -0.397939 -0.000000
v 0.015685 -0.397939 0.059055
v 0.063055 -0.397939 -0.000000
v 0.063055 -0.397939 0.059055
v 0.031193 -0.398213 -0.000000
v 0.031193 -0.398213 0.059055
v 0.047548 -0.398213 -0.000000
v 0.047548 -0.398213 0.059055
v 0.033824 -0.399194 -0.000000
v 0.033824 -0.399194 0.059055
v 0.044916 -0.399194 -0.000000
v 0.044916 -0.399194 0.059055
v 0.036569 -0.399791 -0.000000
v 0.036569 -0.399791 0.059055
v 0.042172 -0.399791 -0.000000
v 0.042172 -0.399791 0.059055
v 0.039370 -0.399992 -0.000000
v 0.039370 -0.399992 0.059055
v 0.017893 -0.400570 -0.000000
v 0.017893 -0.400570 0.059055
v 0.060848 -0.400570 -0.000000
v 0.060848 -0.400570 0.059055
v 0.020390 -0.402926 -0.000000
v 0.020390 -0.402926 0.059055
v 0.058350 -0.402926 -0.000000
v 0.058350 -0.402926 0.059055
v 0.023144 -0.404977 -0.000000
v 0.023144 -0.404977 0.059055
v 0.055596 -0.404977 -0.000000
v 0.055596 -0.404977 0.059055
v 0.026118 -0.406693 -0.000000
v 0.026118 -0.406693 0.059055
v 0.052622 -0.406693 -0.000000
v 0.052622 -0.406693 0.059055
v 0.029271 -0.408053 -0.000000
v 0.029271 -0.408053 0.059055
v 0.049469 -0.408053 -0.000000
v 0.049469 -0.408053 0.059055
v 0.032561 -0.409038 -0.000000
v 0.032561 -0.409038 0.059055
v 0.046180 -0.409038 -0.000000
v 0.046180 -0.409038 0.059055
v 0.035942 -0.409635 -0.000000
v 0.035942 -0.409635 0.059055
v 0.042798 -0.409635 -0.000000
v 0.042798 -0.409635 0.059055
v 0.039370 -0.409834 -0.000000
v 0.039370 -0.409834 0.059055
vt 0.000000 0.157080 0.000000
vt 0.000000 0.149940 0.000000
vt 0.000000 0.142800 0.000000
vt 0.000000 0.135660 0.000000
vt 0.000000 0.128520 0.000000
vt 0.000000 0.121380 0.000000
vt 0.000000 0.114240 0.000000
vt 0.000000 0.107100 0.000000
vt 0.000000 0.099960 0.000000
vt 0.000000 0.092820 0.000000
vt 0.000000 0.085680 0.000000
vt 0.000000 0.078540 0.000000
vt 0.000000 0.071400 0.000000
vt 0.000000 0.064260 0.000000
vt 0.000000 0.057120 0.000000
vt 0.000000 0.049980 0.000000
vt 0.000000 0.042840 0.000000
vt 0.000000 0.035700 0.000000
vt 0.000000 0.028560 0.000000
vt 0.000000 0.021420 0.000000
vt 0.000000 0.014280 0.000000
vt 0.000000 0.007140 0.000000
vt 0.000000 0.000000 0.000000
vt 0.000000 -0.007140 0.000000
vt 0.000000 -0.014280 0.000000
vt 0.000000 -0.021420 0.000000
vt 0.000000 -0.028560 0.000000
vt 0.000000 -0.035700 0.000000
vt 0.000000 -0.042840 0.000000
vt 0.000000 -0.049980 0.000000
vt 0.000000 -0.057120 0.000000
vt 0.000000 -0.064260 0.000000
vt 0.000000 -0.071400 0.000000
vt 0.000000 -0.078540 0.000000
vt 0.000000 -0.085680 0.000000
vt 0.000000 -0.092820 0.000000
vt 0.000000 -0.099960 0.000000
vt 0.000000 -0.107100 0.000000
vt 0.000000 -0.114240 0.000000
vt 0.000000 -0.121380 0.000000
vt 0.000000 -0.128520 0.000000
vt 0.000000 -0.135660 0.000000
vt 0.000000 -0.142800 0.000000
vt 0.000000 -0.149940 0.000000
vt 0.150000 -0.157080 0.000000
vt 0.150000 -0.149940 0.000000
vt 0.150000 -0.142800 0.000000
vt 0.150000 -0.135660 0.000000
vt 0.150000 -0.128520 0.000000
vt 0.150000 -0.121380 0.000000
vt 0.150000 -0.114240 0.000000
vt 0.150000 -0.107100 0.000000
vt 0.150000 -0.099960 0.000000
vt 0.150000 -0.092820 0.000000
vt 0.150000 -0.085680 0.000000
vt 0.150000 -0.078540 0.000000
vt 0.150000 -0.071400 0.000000
vt 0.150000 -0.064260 0.000000
vt 0.150000 -0.057120 0.000000
vt 0.150000 -0.049980 0.000000
vt 0.150000 -0.042840 0.000000
vt 0.150000 -0.035700 0.000000
vt 0.150000 -0.028560 0.000000
vt 0.150000 -0.021420 0.000000
vt 0.150000 -0.014280 0.000000
vt 0.150000 -0.007140 0.000000
vt 0.150000 0.000000 0.000000
vt 0.150000 0.007140 0.000000
vt 0.150000 0.014280 0.000000
vt 0.150000 0.021420 0.000000
vt 0.150000 0.028560 0.000000
vt 0.150000 0.035700 0.000000
vt 0.150000 0.042840 0.000000
vt 0.150000 0.049980 0.000000
vt 0.150000 0.057120 0.000000
vt 0.150000 0.064260 0.000000
vt 0.150000 0.071400 0.000000
vt 0.150000 0.078540 0.000000
vt 0.150000 0.085680 0.000000
vt 0.150000 0.092820 0.000000
vt 0.150000 0.099960 0.000000
vt 0.150000 0.107100 0.000000
vt 0.150000 0.114240 0.000000
vt 0.150000 0.121380 0.000000
vt 0.150000 0.128520 0.000000
vt 0.150000 0.135660 0.000000
vt 0.150000 0.142800 0.000000
vt 0.150000 0.149940 0.000000
vt 0.150000 0.157080 0.000000
vt 0.000000 -0.157080 0.000000
vt -0.000000 -0.235619 0.000000
vt -0.000000 -0.226893 0.000000
vt -0.000000 -0.218166 0.000000
vt -0.000000 -0.209440 0.000000
vt -0.000000 -0.200713 0.000000
vt -0.000000 -0.191986 0.000000
vt -0.000000 -0.183260 0.000000
vt -0.000000 -0.174533 0.000000
vt -0.000000 -0.165806 0.000000
vt -0.000000 -0.157080 0.000000
vt -0.000000 -0.148353 0.000000
vt -0.000000 -0.139626 0.000000
vt -0.000000 -0.130900 0.000000
vt -0.000000 -0.122173 0.000000
vt -0.000000 -0.113446 0.000000
vt -0.000000 -0.104720 0.000000
vt -0.000000 -0.095993 0.000000
vt -0.000000 -0.087266 0.000000
vt -0.000000 -0.078540 0.000000
vt -0.000000 -0.069813 0.000000
vt -0.000000 -0.061087 0.000000
vt -0.000000 -0.052360 0.000000
vt -0.000000 -0.043633 0.000000
vt -0.000000 -0.034907 0.000000
vt -0.000000 -0.026180 0.000000
vt -0.000000 -0.017453 0.000000
vt -0.000000 -0.008727 0.000000
vt -0.000000 0.000000 0.000000
vt -0.000000 0.008727 0.000000
vt -0.000000 0.017453 0.000000
vt -0.000000 0.026180 0.000000
vt -0.000000 0.034907 0.000000
vt -0.000000 0.043633 0.000000
vt -0.000000 0.052360 0.000000
vt -0.000000 0.061087 0.000000
vt -0.000000 0.069813 0.000000
vt -0.000000 0.078540 0.000000
vt -0.000000 0.087266 0.000000
vt -0.000000 0.095993 0.000000
vt -0.000000 0.104720 0.000000
vt -0.000000 0.113446 0.000000
vt -0.000000 0.122173 0.000000
vt -0.000000 0.130900 0.000000
vt -0.000000 0.139626 0.000000
vt -0.000000 0.148353 0.000000
vt -0.000000 0.157080 0.000000
vt -0.000000 0.165806 0.000000
vt -0.000000 0.174533 0.000000
vt -0.000000 0.183260 0.000000
vt -0.000000 0.191986 0.000000
vt -0.000000 0.200713 0.000000
vt -0.000000 0.209440 0.000000
vt -0.000000 0.218166 0.000000
vt -0.000000 0.226893 0.000000
vt -0.150000 0.235619 0.000000
vt -0.150000 0.226893 0.000000
vt -0.150000 0.218166 0.000000
vt -0.150000 0.209440 0.000000
vt -0.150000 0.200713 0.000000
vt -0.150000 0.191986 0.000000
vt -0.150000 0.183260 0.000000
vt -0.150000 0.174533 0.000000
vt -0.150000 0.165806 0.000000
vt -0.150000 0.157080 0.000000
vt -0.150000 0.148353 0.000000
vt -0.150000 0.139626 0.000000
vt -0.150000 0.130900 0.000000
vt -0.150000 0.122173 0.000000
vt -0.150000 0.113446 0.000000
vt -0.150000 0.104720 0.000000
vt -0.150000 0.095993 0.000000
vt -0.150000 0.087266 0.000000
vt -0.150000 0.078540 0.000000
vt -0.150000 0.069813 0.000000
vt -0.150000 0.061087 0.000000
vt -0.150000 0.052360 0.000000
vt -0.150000 0.043633 0.000000
vt -0.150000 0.034907 0.000000
vt -0.150000 0.026180 0.000000
vt -0.150000 0.017453 0.000000
vt -0.150000 0.008727 0.000000
vt -0.150000 0.000000 0.000000
vt -0.150000 -0.008727 0.000000
vt -0.150000 -0.017453 0.000000
vt -0.150000 -0.026180 0.000000
vt -0.150000 -0.034907 0.000000
vt -0.150000 -0.043633 0.000000
vt -0.150000 -0.052360 0.000000
vt -0.150000 -0.061087 0.000000
vt -0.150000 -0.069813 0.000000
vt -0.150000 -0.078540 0.000000
vt -0.150000 -0.087266 0.000000
vt -0.150000 -0.095993 0.000000
vt -0.150000 -0.104720 0.000000
vt -0.150000 -0.113446 0.000000
vt -0.150000 -0.122173 0.000000
vt -0.150000 -0.130900 0.000000
vt -0.150000 -0.139626 0.000000
vt -0.150000 -0.148353 0.000000
vt -0.150000 -0.157080 0.000000
vt -0.150000 -0.165806 0.000000
vt -0.150000 -0.174533 0.000000
vt -0.150000 -0.183260 0.000000
vt -0.150000 -0.191986 0.000000
vt -0.150000 -0.200713 0.000000
vt -0.150000 -0.209440 0.000000
vt -0.150000 -0.218166 0.000000
vt -0.150000 -0.226893 0.000000
vt -0.150000 -0.235619 0.000000
vt -0.000000 0.235619 0.000000
vt -0.075000 0.000000 0.000000
vt -0.074493 -0.008707 0.000000
vt -0.072978 -0.017296 0.000000
vt -0.070477 -0.025652 0.000000
vt -0.067022 -0.033660 0.000000
vt -0.062662 -0.041213 0.000000
vt -0.057453 -0.048209 0.000000
vt -0.051468 -0.054553 0.000000
vt -0.044787 -0.060159 0.000000
vt -0.037500 -0.064952 0.000000
vt -0.029706 -0.068866 0.000000
vt -0.021510 -0.071849 0.000000
vt -0.013024 -0.073861 0.000000
vt -0.004361 -0.074873 0.000000
vt 0.004361 -0.074873 0.000000
vt 0.013024 -0.073861 0.000000
vt 0.021510 -0.071849 0.000000
vt 0.029706 -0.068866 0.000000
vt 0.037500 -0.064952 0.000000
vt 0.044787 -0.060159 0.000000
vt 0.051468 -0.054553 0.000000
vt 0.057453 -0.048209 0.000000
vt 0.062662 -0.041213 0.000000
vt 0.067022 -0.033660 0.000000
vt 0.070477 -0.025652 0.000000
vt 0.072978 -0.017296 0.000000
vt 0.074493 -0.008707 0.000000
vt 0.075000 0.000000 0.000000
vt 0.074493 0.008707 0.000000
vt 0.072978 0.017296 0.000000
vt 0.070477 0.025652 0.000000
vt 0.067022 0.033660 0.000000
vt 0.062662 0.041213 0.000000
vt 0.057453 0.048209 0.000000
vt 0.051468 0.054553 0.000000
vt 0.044787 0.060159 0.000000
vt 0.037500 0.064952 0.000000
vt 0.029706 0.068866 0.000000
vt 0.021510 0.071849 0.000000
vt 0.013024 0.073861 0.000000
vt 0.004361 0.074873 0.000000
vt -0.004361 0.074873 0.000000
vt -0.013024 0.073861 0.000000
vt -0.021510 0.071849 0.000000
vt -0.029706 0.068866 0.000000
vt -0.037500 0.064952 0.000000
vt -0.044787 0.060159 0.000000
vt -0.051468 0.054553 0.000000
vt -0.057453 0.048209 0.000000
vt -0.062662 0.041213 0.000000
vt -0.067022 0.033660 0.000000
vt -0.070477 0.025652 0.000000
vt -0.072978 0.017296 0.000000
vt -0.074493 0.008707 0.000000
vt -0.050000 0.000000 0.000000
vt -0.049491 0.007116 0.000000
vt -0.047975 0.014087 0.000000
vt -0.045482 0.020771 0.000000
vt -0.042063 0.027032 0.000000
vt -0.037787 0.032743 0.000000
vt -0.032743 0.037787 0.000000
vt -0.027032 0.042063 0.000000
vt -0.020771 0.045482 0.000000
vt -0.014087 0.047975 0.000000
vt -0.007116 0.049491 0.000000
vt 0.000000 0.050000 0.000000
vt 0.007116 0.049491 0.000000
vt 0.014087 0.047975 0.000000
vt 0.020771 0.045482 0.000000
vt 0.027032 0.042063 0.000000
vt 0.032743 0.037787 0.000000
vt 0.037787 0.032743 0.000000
vt 0.042063 0.027032 0.000000
vt 0.045482 0.020771 0.000000
vt 0.047975 0.014087 0.000000
vt 0.049491 0.007116 0.000000
vt 0.050000 0.000000 0.000000
vt 0.049491 -0.007116 0.000000
vt 0.047975 -0.014087 0.000000
vt 0.045482 -0.020771 0.000000
vt 0.042063 -0.027032 0.000000
vt 0.037787 -0.032743 0.000000
vt 0.032743 -0.037787 0.000000
vt 0.027032 -0.042063 0.000000
vt 0.020771 -0.045482 0.000000
vt 0.014087 -0.047975 0.000000
vt 0.007116 -0.049491 0.000000
vt 0.000000 -0.050000 0.000000
vt -0.007116 -0.049491 0.000000
vt -0.014087 -0.047975 0.000000
vt -0.020771 -0.045482 0.000000
vt -0.027032 -0.042063 0.000000
vt -0.032743 -0.037787 0.000000
vt -0.037787 -0.032743 0.000000
vt -0.042063 -0.027032 0.000000
vt -0.045482 -0.020771 0.000000
vt -0.047975 -0.014087 0.000000
vt -0.049491 -0.007116 0.000000
vt -0.825000 -0.687500 0.000000
vt -0.825507 -0.678793 0.000000
vt -0.827022 -0.670204 0.000000
vt -0.829523 -0.661848 0.000000
vt -0.832978 -0.653840 0.000000
vt -0.837338 -0.646287 0.000000
vt -0.842547 -0.639291 0.000000
vt -0.848532 -0.632947 0.000000
vt -0.855213 -0.627341 0.000000
vt -0.862500 -0.622548 0.000000
vt -0.870294 -0.618634 0.000000
vt -0.878490 -0.615651 0.000000
vt -0.886976 -0.613639 0.000000
vt -0.895639 -0.612627 0.000000
vt -0.904361 -0.612627 0.000000
vt -0.913024 -0.613639 0.000000
vt -0.921510 -0.615651 0.000000
vt -0.929706 -0.618634 0.000000
vt -0.937500 -0.622548 0.000000
vt -0.944787 -0.627341 0.000000
vt -0.951468 -0.632947 0.000000
vt -0.957453 -0.639291 0.000000
vt -0.962662 -0.646287 0.000000
vt -0.967022 -0.653840 0.000000
vt -0.970477 -0.661848 0.000000
vt -0.972978 -0.670204 0.000000
vt -0.974493 -0.678793 0.000000
vt -0.975000 -0.687500 0.000000
vt -0.974493 -0.696207 0.000000
vt -0.972978 -0.704796 0.000000
vt -0.970477 -0.713152 0.000000
vt -0.967022 -0.721160 0.000000
vt -0.962662 -0.728713 0.000000
vt -0.957453 -0.735709 0.000000
vt -0.951468 -0.742053 0.000000
vt -0.944787 -0.747659 0.000000
vt -0.937500 -0.752452 0.000000
vt -0.929706 -0.756366 0.000000
vt -0.921510 -0.759349 0.000000
vt -0.913024 -0.761361 0.000000
vt -0.904361 -0.762373 0.000000
vt -0.895639 -0.762373 0.000000
vt -0.886976 -0.761361 0.000000
vt -0.878490 -0.759349 0.000000
vt -0.870294 -0.756366 0.000000
vt -0.862500 -0.752452 0.000000
vt -0.855213 -0.747659 0.000000
vt -0.848532 -0.742053 0.000000
vt -0.842547 -0.735709 0.000000
vt -0.837338 -0.728713 0.000000
vt -0.832978 -0.721160 0.000000
vt -0.829523 -0.713152 0.000000
vt -0.827022 -0.704796 0.000000
vt -0.825507 -0.696207 0.000000
vt -0.850000 -0.687500 0.000000
vt -0.850509 -0.694616 0.000000
vt -0.852025 -0.701587 0.000000
vt -0.854518 -0.708271 0.000000
vt -0.857937 -0.714532 0.000000
vt -0.862212 -0.720243 0.000000
vt -0.867257 -0.725287 0.000000
vt -0.872968 -0.729563 0.000000
vt -0.879229 -0.732982 0.000000
vt -0.885913 -0.735475 0.000000
vt -0.892884 -0.736991 0.000000
vt -0.900000 -0.737500 0.000000
vt -0.907116 -0.736991 0.000000
vt -0.914087 -0.735475 0.000000
vt -0.920771 -0.732982 0.000000
vt -0.927032 -0.729563 0.000000
vt -0.932743 -0.725287 0.000000
vt -0.937787 -0.720243 0.000000
vt -0.942063 -0.714532 0.000000
vt -0.945482 -0.708271 0.000000
vt -0.947975 -0.701587 0.000000
vt -0.949491 -0.694616 0.000000
vt -0.950000 -0.687500 0.000000
vt -0.949491 -0.680384 0.000000
vt -0.947975 -0.673413 0.000000
vt -0.945482 -0.666729 0.000000
vt -0.942063 -0.660468 0.000000
vt -0.937787 -0.654757 0.000000
vt -0.932743 -0.649713 0.000000
vt -0.927032 -0.645437 0.000000
vt -0.920771 -0.642018 0.000000
vt -0.914087 -0.639525 0.000000
vt -0.907116 -0.638009 0.000000
vt -0.900000 -0.637500 0.000000
vt -0.892884 -0.638009 0.000000
vt -0.885913 -0.639525 0.000000
vt -0.879229 -0.642018 0.000000
vt -0.872968 -0.645437 0.000000
vt -0.867257 -0.649713 0.000000
vt -0.862212 -0.654757 0.000000
vt -0.857937 -0.660468 0.000000
vt -0.854518 -0.666729 0.000000
vt -0.852025 -0.673413 0.000000
vt -0.850509 -0.680384 0.000000
vn 0.000000 -2.540000 0.000000
vn 0.361480 -2.514146 0.000000
vn 0.715601 -2.437112 0.000000
vn 1.055154 -2.310465 0.000000
vn 1.373228 -2.136784 0.000000
vn 1.663346 -1.919604 0.000000
vn 1.919604 -1.663346 0.000000
vn 2.136784 -1.373228 0.000000
vn 2.310465 -1.055154 0.000000
vn 2.437112 -0.715601 0.000000
vn 2.514146 -0.361480 0.000000
vn 2.540000 0.000000 0.000000
vn 2.514146 0.361480 0.000000
vn 2.437112 0.715601 0.000000
vn 2.310465 1.055154 0.000000
vn 2.136784 1.373228 0.000000
vn 1.919604 1.663346 0.000000
vn 1.663346 1.919604 0.000000
vn 1.373228 2.136784 0.000000
vn 1.055154 2.310465 0.000000
vn 0.715601 2.437112 0.000000
vn 0.361480 2.514146 0.000000
vn 0.000000 2.540000 -0.000000
vn -0.361480 2.514146 -0.000000
vn -0.715601 2.437112 -0.000000
vn -1.055154 2.310465 -0.000000
vn -1.373228 2.136784 -0.000000
vn -1.663346 1.919604 -0.000000
vn -1.919604 1.663346 -0.000000
vn -2.136784 1.373228 -0.000000
vn -2.310465 1.055154 -0.000000
vn -2.437112 0.715601 -0.000000
vn -2.514146 0.361480 -0.000000
vn -2.540000 -0.000000 -0.000000
vn -2.514146 -0.361480 -0.000000
vn -2.437112 -0.715601 -0.000000
vn -2.310465 -1.055154 -0.000000
vn -2.136784 -1.373228 -0.000000
vn -1.919604 -1.663346 -0.000000
vn -1.663346 -1.919604 -0.000000
vn -1.373228 -2.136784 -0.000000
vn -1.055154 -2.310465 -0.000000
vn -0.715601 -2.437112 -0.000000
vn -0.361480 -2.514146 -0.000000
vn 0.000000 -2.540000 0.000000
vn -0.361480 -2.514146 -0.000000
vn -0.715601 -2.437112 -0.000000
vn -1.055154 -2.310465 -0.000000
vn -1.373228 -2.136784 -0.000000
vn -1.663346 -1.919604 -0.000000
vn -1.919604 -1.663346 -0.000000
vn -2.136784 -1.373228 -0.000000
vn -2.310465 -1.055154 -0.000000
vn -2.437112 -0.715601 -0.000000
vn -2.514146 -0.361480 -0.000000
vn -2.540000 -0.000000 -0.000000
vn -2.514146 0.361480 -0.000000
vn -2.437112 0.715601 -0.000000
vn -2.310465 1.055154 -0.000000
vn -2.136784 1.373228 -0.000000
vn -1.919604 1.663346 -0.000000
vn -1.663346 1.919604 -0.000000
vn -1.373228 2.136784 -0.000000
vn -1.055154 2.310465 -0.000000
vn -0.715601 2.437112 -0.000000
vn -0.361480 2.514146 -0.000000
vn 0.000000 2.540000 -0.000000
vn 0.361480 2.514146 0.000000
vn 0.715601 2.437112 0.000000
vn 1.055154 2.310465 0.000000
vn 1.373228 2.136784 0.000000
vn 1.663346 1.919604 0.000000
vn 1.919604 1.663346 0.000000
vn 2.136784 1.373228 0.000000
vn 2.310465 1.055154 0.000000
vn 2.437112 0.715601 0.000000
vn 2.514146 0.361480 0.000000
vn 2.540000 0.000000 0.000000
vn 2.514146 -0.361480 0.000000
vn 2.437112 -0.715601 0.000000
vn 2.310465 -1.055154 0.000000
vn 2.136784 -1.373228 0.000000
vn 1.919604 -1.663346 0.000000
vn 1.663346 -1.919604 0.000000
vn 1.373228 -2.136784 0.000000
vn 1.055154 -2.310465 0.000000
vn 0.715601 -2.437112 0.000000
vn 0.361480 -2.514146 0.000000
vn 0.000000 -2.540000 0.000000
vn 0.000000 -2.540000 0.000000
vn 0.000000 2.540000 -0.000000
vn 0.294876 2.522825 0.000000
vn 0.585764 2.471534 0.000000
vn 0.868731 2.386819 0.000000
vn 1.139950 2.269827 0.000000
vn 1.395753 2.122139 0.000000
vn 1.632681 1.945753 0.000000
vn 1.847529 1.743054 0.000000
vn 2.037393 1.516783 0.000000
vn 2.199704 1.270000 0.000000
vn 2.332269 1.006043 0.000000
vn 2.433293 0.728480 0.000000
vn 2.501412 0.441066 0.000000
vn 2.535703 0.147688 0.000000
vn 2.535703 -0.147688 0.000000
vn 2.501412 -0.441066 0.000000
vn 2.433293 -0.728480 0.000000
vn 2.332269 -1.006043 0.000000
vn 2.199704 -1.270000 0.000000
vn 2.037393 -1.516783 0.000000
vn 1.847529 -1.743054 0.000000
vn 1.632681 -1.945753 0.000000
vn 1.395753 -2.122139 0.000000
vn 1.139950 -2.269827 0.000000
vn 0.868731 -2.386819 0.000000
vn 0.585764 -2.471534 0.000000
vn 0.294876 -2.522825 0.000000
vn 0.000000 -2.540000 0.000000
vn -0.294876 -2.522825 -0.000000
vn -0.585764 -2.471534 -0.000000
vn -0.868731 -2.386819 -0.000000
vn -1.139950 -2.269827 -0.000000
vn -1.395753 -2.122139 -0.000000
vn -1.632681 -1.945753 -0.000000
vn -1.847529 -1.743054 -0.000000
vn -2.037393 -1.516783 -0.000000
vn -2.199704 -1.270000 -0.000000
vn -2.332269 -1.006043 -0.000000
vn -2.433293 -0.728480 -0.000000
vn -2.501412 -0.441066 -0.000000
vn -2.535703 -0.147688 -0.000000
vn -2.535703 0.147688 -0.000000
vn -2.501412 0.441066 -0.000000
vn -2.433293 0.728480 -0.000000
vn -2.332269 1.006043 -0.000000
vn -2.199704 1.270000 -0.000000
vn -2.037393 1.516783 -0.000000
vn -1.847529 1.743054 -0.000000
vn -1.632681 1.945753 -0.000000
vn -1.395753 2.122139 -0.000000
vn -1.139950 2.269827 -0.000000
vn -0.868731 2.386819 -0.000000
vn -0.585764 2.471534 -0.000000
vn -0.294876 2.522825 -0.000000
vn 0.000000 2.540000 -0.000000
vn -0.294876 2.522825 -0.000000
vn -0.585764 2.471534 -0.000000
vn -0.868731 2.386819 -0.000000
vn -1.139950 2.269827 -0.000000
vn -1.395753 2.122139 -0.000000
vn -1.632681 1.945753 -0.000000
vn -1.847529 1.743054 -0.000000
vn -2.037393 1.516783 -0.000000
vn -2.199704 1.270000 -0.000000
vn -2.332269 1.006043 -0.000000
vn -2.433293 0.728480 -0.000000
vn -2.501412 0.441066 -0.000000
vn -2.535703 0.147688 -0.000000
vn -2.535703 -0.147688 -0.000000
vn -2.501412 -0.441066 -0.000000
vn -2.433293 -0.728480 -0.000000
vn -2.332269 -1.006043 -0.000000
vn -2.199704 -1.270000 -0.000000
vn -2.037393 -1.516783 -0.000000
vn -1.847529 -1.743054 -0.000000
vn -1.632681 -1.945753 -0.000000
vn -1.395753 -2.122139 -0.000000
vn -1.139950 -2.269827 -0.000000
vn -0.868731 -2.386819 -0.000000
vn -0.585764 -2.471534 -0.000000
vn -0.294876 -2.522825 -0.000000
vn 0.000000 -2.540000 0.000000
vn 0.294876 -2.522825 0.000000
vn 0.585764 -2.471534 0.000000
vn 0.868731 -2.386819 0.000000
vn 1.139950 -2.269827 0.000000
vn 1.395753 -2.122139 0.000000
vn 1.632681 -1.945753 0.000000
vn 1.847529 -1.743054 0.000000
vn 2.037393 -1.516783 0.000000
vn 2.199704 -1.270000 0.000000
vn 2.332269 -1.006043 0.000000
vn 2.433293 -0.728480 0.000000
vn 2.501412 -0.441066 0.000000
vn 2.535703 -0.147688 0.000000
vn 2.535703 0.147688 0.000000
vn 2.501412 0.441066 0.000000
vn 2.433293 0.728480 0.000000
vn 2.332269 1.006043 0.000000
vn 2.199704 1.270000 0.000000
vn 2.037393 1.516783 0.000000
vn 1.847529 1.743054 0.000000
vn 1.632681 1.945753 0.000000
vn 1.395753 2.122139 0.000000
vn 1.139950 2.269827 0.000000
vn 0.868731 2.386819 0.000000
vn 0.585764 2.471534 0.000000
vn 0.294876 2.522825 0.000000
vn 0.000000 2.540000 -0.000000
vn 0.000000 2.540000 -0.000000
vn -0.000000 0.000000 2.540000
vn -0.000000 0.000000 2.540000
vn -0.000000 0.000000 2.540000
vn -0.000000 0.000000 2.540000
vn -0.000000 0.000000 2.540000
vn -0.000000 0.000000 2.540000
vn -0.000000 0.000000 2.540000
vn -0.000000 0.000000 2.540000
vn -0.000000 0.000000 2.540000
vn -0.000000 0.000000 2.540000
vn -0.000000 0.000000 2.540000
vn -0.000000 0.000000 2.540000
vn -0.000000 0.000000 2.540000
vn -0.000000 0.000000 2.540000
vn -0.000000 0.000000 2.540000
vn -0.000000 0.000000 2.540000
vn -0.000000 0.000000 2.540000
vn -0.000000 0.000000 2.540000
vn -0.000000 0.000000 2.540000
vn -0.000000 0.000000 2.540000
vn -0.000000 0.000000 2.540000
vn -0.000000 0.000000 2.540000
vn -0.000000 0.000000 2.540000
vn -0.000000 0.000000 2.540000
vn -0.000000 0.000000 2.540000
vn -0.000000 0.000000 2.540000
vn -0.000000 0.000000 2.540000
vn -0.000000 0.000000 2.540000
vn -0.000000 0.000000 2.540000
vn -0.000000 0.000000 2.540000
vn -0.000000 0.000000 2.540000
vn -0.000000 0.000000 2.540000
vn -0.000000 0.000000 2.540000
vn -0.000000 0.000000 2.540000
vn -0.000000 0.000000 2.540000
vn -0.000000 0.000000 2.540000
vn -0.000000 0.000000 2.540000
vn -0.000000 0.000000 2.540000
vn -0.000000 0.000000 2.540000
vn -0.000000 0.000000 2.540000
vn -0.000000 0.000000 2.540000
vn -0.000000 0.000000 2.540000
vn -0.000000 0.000000 2.540000
vn -0.000000 0.000000 2.540000
vn -0.000000 0.000000 2.540000
vn -0.000000 0.000000 2.540000
vn -0.000000 0.000000 2.540000
vn -0.000000 0.000000 2.540000
vn -0.000000 0.000000 2.540000
vn -0.000000 0.000000 2.540000
vn -0.000000 0.000000 2.540000
vn -0.000000 0.000000 2.540000
vn -0.000000 0.000000 2.540000
vn -0.000000 0.000000 2.540000
vn -0.000000 0.000000 2.540000
vn -0.000000 0.000000 2.540000
vn -0.000000 0.000000 2.540000
vn -0.000000 0.000000 2.540000
vn -0.000000 0.000000 2.540000
vn -0.000000 0.000000 2.540000
vn -0.000000 0.000000 2.540000
vn -0.000000 0.000000 2.540000
vn -0.000000 0.000000 2.540000
vn -0.000000 0.000000 2.540000
vn -0.000000 0.000000 2.540000
vn -0.000000 0.000000 2.540000
vn -0.000000 0.000000 2.540000
vn -0.000000 0.000000 2.540000
vn -0.000000 0.000000 2.540000
vn -0.000000 0.000000 2.540000
vn -0.000000 0.000000 2.540000
vn -0.000000 0.000000 2.540000
vn -0.000000 0.000000 2.540000
vn -0.000000 0.000000 2.540000
vn -0.000000 0.000000 2.540000
vn -0.000000 0.000000 2.540000
vn -0.000000 0.000000 2.540000
vn -0.000000 0.000000 2.540000
vn -0.000000 0.000000 2.540000
vn -0.000000 0.000000 2.540000
vn -0.000000 0.000000 2.540000
vn -0.000000 0.000000 2.540000
vn -0.000000 0.000000 2.540000
vn -0.000000 0.000000 2.540000
vn -0.000000 0.000000 2.540000
vn -0.000000 0.000000 2.540000
vn -0.000000 0.000000 2.540000
vn -0.000000 0.000000 2.540000
vn -0.000000 0.000000 2.540000
vn -0.000000 0.000000 2.540000
vn -0.000000 0.000000 2.540000
vn -0.000000 0.000000 2.540000
vn -0.000000 0.000000 2.540000
vn -0.000000 0.000000 2.540000
vn -0.000000 0.000000 2.540000
vn -0.000000 0.000000 2.540000
vn -0.000000 0.000000 2.540000
vn -0.000000 0.000000 2.540000
vn 0.000000 -0.000000 -2.540000
vn 0.000000 -0.000000 -2.540000
vn 0.000000 -0.000000 -2.540000
vn 0.000000 -0.000000 -2.540000
vn 0.000000 -0.000000 -2.540000
vn 0.000000 -0.000000 -2.540000
vn 0.000000 -0.000000 -2.540000
vn 0.000000 -0.000000 -2.540000
vn 0.000000 -0.000000 -2.540000
vn 0.000000 -0.000000 -2.540000
vn 0.000000 -0.000000 -2.540000
vn 0.000000 -0.000000 -2.540000
vn 0.000000 -0.000000 -2.540000
vn 0.000000 -0.000000 -2.540000
vn 0.000000 -0.000000 -2.540000
vn 0.000000 -0.000000 -2.540000
vn 0.000000 -0.000000 -2.540000
vn 0.000000 -0.000000 -2.540000
vn 0.000000 -0.000000 -2.540000
vn 0.000000 -0.000000 -2.540000
vn 0.000000 -0.000000 -2.540000
vn 0.000000 -0.000000 -2.540000
vn 0.000000 -0.000000 -2.540000
vn 0.000000 -0.000000 -2.540000
vn 0.000000 -0.000000 -2.540000
vn 0.000000 -0.000000 -2.540000
vn 0.000000 -0.000000 -2.540000
vn 0.000000 -0.000000 -2.540000
vn 0.000000 -0.000000 -2.540000
vn 0.000000 -0.000000 -2.540000
vn 0.000000 -0.000000 -2.540000
vn 0.000000 -0.000000 -2.540000
vn 0.000000 -0.000000 -2.540000
vn 0.000000 -0.000000 -2.540000
vn 0.000000 -0.000000 -2.540000
vn 0.000000 -0.000000 -2.540000
vn 0.000000 -0.000000 -2.540000
vn 0.000000 -0.000000 -2.540000
vn 0.000000 -0.000000 -2.540000
vn 0.000000 -0.000000 -2.540000
vn 0.000000 -0.000000 -2.540000
vn 0.000000 -0.000000 -2.540000
vn 0.000000 -0.000000 -2.540000
vn 0.000000 -0.000000 -2.540000
vn 0.000000 -0.000000 -2.540000
vn 0.000000 -0.000000 -2.540000
vn 0.000000 -0.000000 -2.540000
vn 0.000000 -0.000000 -2.540000
vn 0.000000 -0.000000 -2.540000
vn 0.000000 -0.000000 -2.540000
vn 0.000000 -0.000000 -2.540000
vn 0.000000 -0.000000 -2.540000
vn 0.000000 -0.000000 -2.540000
vn 0.000000 -0.000000 -2.540000
vn 0.000000 -0.000000 -2.540000
vn 0.000000 -0.000000 -2.540000
vn 0.000000 -0.000000 -2.540000
vn 0.000000 -0.000000 -2.540000
vn 0.000000 -0.000000 -2.540000
vn 0.000000 -0.000000 -2.540000
vn 0.000000 -0.000000 -2.540000
vn 0.000000 -0.000000 -2.540000
vn 0.000000 -0.000000 -2.540000
vn 0.000000 -0.000000 -2.540000
vn 0.000000 -0.000000 -2.540000
vn 0.000000 -0.000000 -2.540000
vn 0.000000 -0.000000 -2.540000
vn 0.000000 -0.000000 -2.540000
vn 0.000000 -0.000000 -2.540000
vn 0.000000 -0.000000 -2.540000
vn 0.000000 -0.000000 -2.540000
vn 0.000000 -0.000000 -2.540000
vn 0.000000 -0.000000 -2.540000
vn 0.000000 -0.000000 -2.540000
vn 0.000000 -0.000000 -2.540000
vn 0.000000 -0.000000 -2.540000
vn 0.000000 -0.000000 -2.540000
vn 0.000000 -0.000000 -2.540000
vn 0.000000 -0.000000 -2.540000
vn 0.000000 -0.000000 -2.540000
vn 0.000000 -0.000000 -2.540000
vn 0.000000 -0.000000 -2.540000
vn 0.000000 -0.000000 -2.540000
vn 0.000000 -0.000000 -2.540000
vn 0.000000 -0.000000 -2.540000
vn 0.000000 -0.000000 -2.540000
vn 0.000000 -0.000000 -2.540000
vn 0.000000 -0.000000 -2.540000
vn 0.000000 -0.000000 -2.540000
vn 0.000000 -0.000000 -2.540000
vn 0.000000 -0.000000 -2.540000
vn 0.000000 -0.000000 -2.540000
vn 0.000000 -0.000000 -2.540000
vn 0.000000 -0.000000 -2.540000
vn 0.000000 -0.000000 -2.540000
vn 0.000000 -0.000000 -2.540000
vn 0.000000 -0.000000 -2.540000
vn 0.000000 -0.000000 -2.540000
usemtl 244,229,167
f 674/1566/1566 673/1652/1652 672/1565/1565
f 672/1565/1565 673/1652/1652 671/1653/1653
f 672/1654/1654 671/1609/1609 676/1608/1608
f 676/1608/1608 671/1609/1609 675/1610/1610
f 676/1608/1608 675/1610/1610 680/1607/1607
f 680/1607/1607 675/1610/1610 679/1611/1611
f 680/1607/1607 679/1611/1611 684/1606/1606
f 684/1606/1606 679/1611/1611 683/1612/1612
f 684/1606/1606 683/1612/1612 692/1605/1605
f 692/1605/1605 683/1612/1612 691/1613/1613
f 692/1605/1605 691/1613/1613 696/1604/1604
f 696/1604/1604 691/1613/1613 695/1614/1614
f 696/1604/1604 695/1614/1614 704/1603/1603
f 704/1603/1603 695/1614/1614 703/1615/1615
f 704/1603/1603 703/1615/1615 712/1602/1602
f 712/1602/1602 703/1615/1615 711/1616/1616
f 712/1602/1602 711/1616/1616 720/1601/1601
f 720/1601/1601 711/1616/1616 719/1617/1617
f 720/1601/1601 719/1617/1617 724/1600/1600
f 724/1600/1600 719/1617/1617 723/1618/1618
f 724/1600/1600 723/1618/1618 732/1599/1599
f 732/1599/1599 723/1618/1618 731/1619/1619
f 732/1599/1599 731/1619/1619 740/1598/1598
f 740/1598/1598 731/1619/1619 739/1620/1620
f 740/1598/1598 739/1620/1620 748/1597/1597
f 748/1597/1597 739/1620/1620 747/1621/1621
f 748/1597/1597 747/1621/1621 756/1596/1596
f 756/1596/1596 747/1621/1621 755/1622/1622
f 756/1596/1596 755/1622/1622 760/1595/1595
f 760/1595/1595 755/1622/1622 759/1623/1623
f 760/1595/1595 759/1623/1623 768/1594/1594
f 768/1594/1594 759/1623/1623 767/1624/1624
f 768/1594/1594 767/1624/1624 776/1593/1593
f 776/1593/1593 767/1624/1624 775/1625/1625
f 776/1593/1593 775/1625/1625 784/1592/1592
f 784/1592/1592 775/1625/1625 783/1626/1626
f 784/1592/1592 783/1626/1626 788/1591/1591
f 788/1591/1591 783/1626/1626 787/1627/1627
f 788/1591/1591 787/1627/1627 796/1590/1590
f 796/1590/1590 787/1627/1627 795/1628/1628
f 796/1590/1590 795/1628/1628 800/1589/1589
f 800/1589/1589 795/1628/1628 799/1629/1629
f 800/1589/1589 799/1629/1629 804/1588/1588
f 804/1588/1588 799/1629/1629 803/1630/1630
f 804/1588/1588 803/1630/1630 806/1587/1587
f 806/1587/1587 803/1630/1630 805/1631/1631
f 806/1587/1587 805/1631/1631 802/1586/1586
f 802/1586/1586 805/1631/1631 801/1632/1632
f 802/1586/1586 801/1632/1632 798/1585/1585
f 798/1585/1585 801/1632/1632 797/1633/1633
f 798/1585/1585 797/1633/1633 794/1584/1584
f 794/1584/1584 797/1633/1633 793/1634/1634
f 794/1584/1584 793/1634/1634 786/1583/1583
f 786/1583/1583 793/1634/1634 785/1635/1635
f 786/1583/1583 785/1635/1635 782/1582/1582
f 782/1582/1582 785/1635/1635 781/1636/1636
f 782/1582/1582 781/1636/1636 774/1581/1581
f 774/1581/1581 781/1636/1636 773/1637/1637
f 774/1581/1581 773/1637/1637 766/1580/1580
f 766/1580/1580 773/1637/1637 765/1638/1638
f 766/1580/1580 765/1638/1638 758/1579/1579
f 758/1579/1579 765/1638/1638 757/1639/1639
f 758/1579/1579 757/1639/1639 754/1578/1578
f 754/1578/1578 757/1639/1639 753/1640/1640
f 754/1578/1578 753/1640/1640 746/1577/1577
f 746/1577/1577 753/1640/1640 745/1641/1641
f 746/1577/1577 745/1641/1641 738/1576/1576
f 738/1576/1576 745/1641/1641 737/1642/1642
f 738/1576/1576 737/1642/1642 730/1575/1575
f 730/1575/1575 737/1642/1642 729/1643/1643
f 730/1575/1575 729/1643/1643 722/1574/1574
f 722/1574/1574 729/1643/1643 721/1644/1644
f 722/1574/1574 721/1644/1644 718/1573/1573
f 718/1573/1573 721/1644/1644 717/1645/1645
f 718/1573/1573 717/1645/1645 710/1572/1572
f 710/1572/1572 717/1645/1645 709/1646/1646
f 710/1572/1572 709/1646/1646 702/1571/1571
f 702/1571/1571 709/1646/1646 701/1647/1647
f 702/1571/1571 701/1647/1647 694/1570/1570
f 694/1570/1570 701/1647/1647 693/1648/1648
f 694/1570/1570 693/1648/1648 690/1569/1569
f 690/1569/1569 693/1648/1648 689/1649/1649
f 690/1569/1569 689/1649/1649 682/1568/1568
f 682/1568/1568 689/1649/1649 681/1650/1650
f 682/1568/1568 681/1650/1650 678/1567/1567
f 678/1567/1567 681/1650/1650 677/1651/1651
f 678/1567/1567 677/1651/1651 674/1566/1566
f 674/1566/1566 677/1651/1651 673/1652/1652
f 646/1656/1656 645/1762/1762 642/1655/1655
f 642/1655/1655 645/1762/1762 641/1763/1763
f 642/1764/1764 641/1709/1709 644/1708/1708
f 644/1708/1708 641/1709/1709 643/1710/1710
f 644/1708/1708 643/1710/1710 648/1707/1707
f 648/1707/1707 643/1710/1710 647/1711/1711
f 648/1707/1707 647/1711/1711 652/1706/1706
f 652/1706/1706 647/1711/1711 651/1712/1712
f 652/1706/1706 651/1712/1712 656/1705/1705
f 656/1705/1705 651/1712/1712 655/1713/1713
f 656/1705/1705 655/1713/1713 660/1704/1704
f 660/1704/1704 655/1713/1713 659/1714/1714
f 660/1704/1704 659/1714/1714 664/1703/1703
f 664/1703/1703 659/1714/1714 663/1715/1715
f 664/1703/1703 663/1715/1715 668/1702/1702
f 668/1702/1702 663/1715/1715 667/1716/1716
f 668/1702/1702 667/1716/1716 686/1701/1701
f 686/1701/1701 667/1716/1716 685/1717/1717
f 686/1701/1701 685/1717/1717 698/1700/1700
f 698/1700/1700 685/1717/1717 697/1718/1718
f 698/1700/1700 697/1718/1718 706/1699/1699
f 706/1699/1699 697/1718/1718 705/1719/1719
f 706/1699/1699 705/1719/1719 714/1698/1698
f 714/1698/1698 705/1719/1719 713/1720/1720
f 714/1698/1698 713/1720/1720 726/1697/1697
f 726/1697/1697 713/1720/1720 725/1721/1721
f 726/1697/1697 725/1721/1721 734/1696/1696
f 734/1696/1696 725/1721/1721 733/1722/1722
f 734/1696/1696 733/1722/1722 742/1695/1695
f 742/1695/1695 733/1722/1722 741/1723/1723
f 742/1695/1695 741/1723/1723 750/1694/1694
f 750/1694/1694 741/1723/1723 749/1724/1724
f 750/1694/1694 749/1724/1724 762/1693/1693
f 762/1693/1693 749/1724/1724 761/1725/1725
f 762/1693/1693 761/1725/1725 770/1692/1692
f 770/1692/1692 761/1725/1725 769/1726/1726
f 770/1692/1692 769/1726/1726 778/1691/1691
f 778/1691/1691 769/1726/1726 777/1727/1727
f 778/1691/1691 777/1727/1727 790/1690/1690
f 790/1690/1690 777/1727/1727 789/1728/1728
f 790/1690/1690 789/1728/1728 808/1689/1689
f 808/1689/1689 789/1728/1728 807/1729/1729
f 808/1689/1689 807/1729/1729 812/1688/1688
f 812/1688/1688 807/1729/1729 811/1730/1730
f 812/1688/1688 811/1730/1730 816/1687/1687
f 816/1687/1687 811/1730/1730 815/1731/1731
f 816/1687/1687 815/1731/1731 820/1686/1686
f 820/1686/1686 815/1731/1731 819/1732/1732
f 820/1686/1686 819/1732/1732 824/1685/1685
f 824/1685/1685 819/1732/1732 823/1733/1733
f 824/1685/1685 823/1733/1733 828/1684/1684
f 828/1684/1684 823/1733/1733 827/1734/1734
f 828/1684/1684 827/1734/1734 832/1683/1683
f 832/1683/1683 827/1734/1734 831/1735/1735
f 832/1683/1683 831/1735/1735 836/1682/1682
f 836/1682/1682 831/1735/1735 835/1736/1736
f 836/1682/1682 835/1736/1736 834/1681/1681
f 834/1681/1681 835/1736/1736 833/1737/1737
f 834/1681/1681 833/1737/1737 830/1680/1680
f 830/1680/1680 833/1737/1737 829/1738/1738
f 830/1680/1680 829/1738/1738 826/1679/1679
f 826/1679/1679 829/1738/1738 825/1739/1739
f 826/1679/1679 825/1739/1739 822/1678/1678
f 822/1678/1678 825/1739/1739 821/1740/1740
f 822/1678/1678 821/1740/1740 818/1677/1677
f 818/1677/1677 821/1740/1740 817/1741/1741
f 818/1677/1677 817/1741/1741 814/1676/1676
f 814/1676/1676 817/1741/1741 813/1742/1742
f 814/1676/1676 813/1742/1742 810/1675/1675
f 810/1675/1675 813/1742/1742 809/1743/1743
f 810/1675/1675 809/1743/1743 792/1674/1674
f 792/1674/1674 809/1743/1743 791/1744/1744
f 792/1674/1674 791/1744/1744 780/1673/1673
f 780/1673/1673 791/1744/1744 779/1745/1745
f 780/1673/1673 779/1745/1745 772/1672/1672
f 772/1672/1672 779/1745/1745 771/1746/1746
f 772/1672/1672 771/1746/1746 764/1671/1671
f 764/1671/1671 771/1746/1746 763/1747/1747
f 764/1671/1671 763/1747/1747 752/1670/1670
f 752/1670/1670 763/1747/1747 751/1748/1748
f 752/1670/1670 751/1748/1748 744/1669/1669
f 744/1669/1669 751/1748/1748 743/1749/1749
f 744/1669/1669 743/1749/1749 736/1668/1668
f 736/1668/1668 743/1749/1749 735/1750/1750
f 736/1668/1668 735/1750/1750 728/1667/1667
f 728/1667/1667 735/1750/1750 727/1751/1751
f 728/1667/1667 727/1751/1751 716/1666/1666
f 716/1666/1666 727/1751/1751 715/1752/1752
f 716/1666/1666 715/1752/1752 708/1665/1665
f 708/1665/1665 715/1752/1752 707/1753/1753
f 708/1665/1665 707/1753/1753 700/1664/1664
f 700/1664/1664 707/1753/1753 699/1754/1754
f 700/1664/1664 699/1754/1754 688/1663/1663
f 688/1663/1663 699/1754/1754 687/1755/1755
f 688/1663/1663 687/1755/1755 670/1662/1662
f 670/1662/1662 687/1755/1755 669/1756/1756
f 670/1662/1662 669/1756/1756 666/1661/1661
f 666/1661/1661 669/1756/1756 665/1757/1757
f 666/1661/1661 665/1757/1757 662/1660/1660
f 662/1660/1660 665/1757/1757 661/1758/1758
f 662/1660/1660 661/1758/1758 658/1659/1659
f 658/1659/1659 661/1758/1758 657/1759/1759
f 658/1659/1659 657/1759/1759 654/1658/1658
f 654/1658/1658 657/1759/1759 653/1760/1760
f 654/1658/1658 653/1760/1760 650/1657/1657
f 650/1657/1657 653/1760/1760 649/1761/1761
f 650/1657/1657 649/1761/1761 646/1656/1656
f 646/1656/1656 649/1761/1761 645/1762/1762
f 646/1818/1818 642/1765/1765 672/1819/1819
f 672/1819/1819 642/1765/1765 644/1766/1766
f 672/1819/1819 644/1766/1766 674/1862/1862
f 674/1862/1862 644/1766/1766 648/1767/1767
f 674/1862/1862 648/1767/1767 678/1861/1861
f 678/1861/1861 648/1767/1767 652/1768/1768
f 678/1861/1861 652/1768/1768 682/1860/1860
f 682/1860/1860 652/1768/1768 656/1769/1769
f 682/1860/1860 656/1769/1769 690/1859/1859
f 690/1859/1859 656/1769/1769 660/1770/1770
f 690/1859/1859 660/1770/1770 664/1771/1771
f 690/1859/1859 664/1771/1771 694/1858/1858
f 694/1858/1858 664/1771/1771 668/1772/1772
f 694/1858/1858 668/1772/1772 702/1857/1857
f 702/1857/1857 668/1772/1772 686/1773/1773
f 702/1857/1857 686/1773/1773 710/1856/1856
f 710/1856/1856 686/1773/1773 698/1774/1774
f 710/1856/1856 698/1774/1774 718/1855/1855
f 718/1855/1855 698/1774/1774 706/1775/1775
f 718/1855/1855 706/1775/1775 722/1854/1854
f 722/1854/1854 706/1775/1775 714/1776/1776
f 722/1854/1854 714/1776/1776 726/1777/1777
f 722/1854/1854 726/1777/1777 730/1853/1853
f 730/1853/1853 726/1777/1777 734/1778/1778
f 730/1853/1853 734/1778/1778 738/1852/1852
f 738/1852/1852 734/1778/1778 742/1779/1779
f 738/1852/1852 742/1779/1779 746/1851/1851
f 746/1851/1851 742/1779/1779 750/1780/1780
f 746/1851/1851 750/1780/1780 754/1850/1850
f 754/1850/1850 750/1780/1780 762/1781/1781
f 754/1850/1850 762/1781/1781 770/1782/1782
f 754/1850/1850 770/1782/1782 758/1849/1849
f 758/1849/1849 770/1782/1782 778/1783/1783
f 758/1849/1849 778/1783/1783 766/1848/1848
f 766/1848/1848 778/1783/1783 790/1784/1784
f 766/1848/1848 790/1784/1784 774/1847/1847
f 774/1847/1847 790/1784/1784 808/1785/1785
f 774/1847/1847 808/1785/1785 782/1846/1846
f 782/1846/1846 808/1785/1785 812/1786/1786
f 782/1846/1846 812/1786/1786 786/1845/1845
f 786/1845/1845 812/1786/1786 816/1787/1787
f 786/1845/1845 816/1787/1787 820/1788/1788
f 786/1845/1845 820/1788/1788 794/1844/1844
f 794/1844/1844 820/1788/1788 824/1789/1789
f 794/1844/1844 824/1789/1789 798/1843/1843
f 798/1843/1843 824/1789/1789 828/1790/1790
f 798/1843/1843 828/1790/1790 802/1842/1842
f 802/1842/1842 828/1790/1790 832/1791/1791
f 802/1842/1842 832/1791/1791 806/1841/1841
f 806/1841/1841 832/1791/1791 836/1792/1792
f 806/1841/1841 836/1792/1792 834/1793/1793
f 806/1841/1841 834/1793/1793 804/1840/1840
f 804/1840/1840 834/1793/1793 830/1794/1794
f 804/1840/1840 830/1794/1794 800/1839/1839
f 800/1839/1839 830/1794/1794 826/1795/1795
f 800/1839/1839 826/1795/1795 796/1838/1838
f 796/1838/1838 826/1795/1795 822/1796/1796
f 796/1838/1838 822/1796/1796 788/1837/1837
f 788/1837/1837 822/1796/1796 818/1797/1797
f 788/1837/1837 818/1797/1797 814/1798/1798
f 788/1837/1837 814/1798/1798 784/1836/1836
f 784/1836/1836 814/1798/1798 810/1799/1799
f 784/1836/1836 810/1799/1799 776/1835/1835
f 776/1835/1835 810/1799/1799 792/1800/1800
f 776/1835/1835 792/1800/1800 768/1834/1834
f 768/1834/1834 792/1800/1800 780/1801/1801
f 768/1834/1834 780/1801/1801 760/1833/1833
f 760/1833/1833 780/1801/1801 772/1802/1802
f 760/1833/1833 772/1802/1802 756/1832/1832
f 756/1832/1832 772/1802/1802 764/1803/1803
f 756/1832/1832 764/1803/1803 752/1804/1804
f 756/1832/1832 752/1804/1804 748/1831/1831
f 748/1831/1831 752/1804/1804 744/1805/1805
f 748/1831/1831 744/1805/1805 740/1830/1830
f 740/1830/1830 744/1805/1805 736/1806/1806
f 740/1830/1830 736/1806/1806 732/1829/1829
f 732/1829/1829 736/1806/1806 728/1807/1807
f 732/1829/1829 728/1807/1807 724/1828/1828
f 724/1828/1828 728/1807/1807 716/1808/1808
f 724/1828/1828 716/1808/1808 708/1809/1809
f 724/1828/1828 708/1809/1809 720/1827/1827
f 720/1827/1827 708/1809/1809 700/1810/1810
f 720/1827/1827 700/1810/1810 712/1826/1826
f 712/1826/1826 700/1810/1810 688/1811/1811
f 712/1826/1826 688/1811/1811 704/1825/1825
f 704/1825/1825 688/1811/1811 670/1812/1812
f 704/1825/1825 670/1812/1812 696/1824/1824
f 696/1824/1824 670/1812/1812 666/1813/1813
f 696/1824/1824 666/1813/1813 692/1823/1823
f 692/1823/1823 666/1813/1813 662/1814/1814
f 692/1823/1823 662/1814/1814 658/1815/1815
f 692/1823/1823 658/1815/1815 684/1822/1822
f 684/1822/1822 658/1815/1815 654/1816/1816
f 684/1822/1822 654/1816/1816 680/1821/1821
f 680/1821/1821 654/1816/1816 650/1817/1817
f 680/1821/1821 650/1817/1817 676/1820/1820
f 676/1820/1820 650/1817/1817 646/1818/1818
f 676/1820/1820 646/1818/1818 672/1819/1819
f 643/1916/1916 641/1863/1863 671/1917/1917
f 671/1917/1917 641/1863/1863 645/1864/1864
f 671/1917/1917 645/1864/1864 675/1960/1960
f 675/1960/1960 645/1864/1864 649/1865/1865
f 675/1960/1960 649/1865/1865 679/1959/1959
f 679/1959/1959 649/1865/1865 653/1866/1866
f 679/1959/1959 653/1866/1866 683/1958/1958
f 683/1958/1958 653/1866/1866 657/1867/1867
f 683/1958/1958 657/1867/1867 691/1957/1957
f 691/1957/1957 657/1867/1867 661/1868/1868
f 691/1957/1957 661/1868/1868 665/1869/1869
f 691/1957/1957 665/1869/1869 695/1956/1956
f 695/1956/1956 665/1869/1869 669/1870/1870
f 695/1956/1956 669/1870/1870 703/1955/1955
f 703/1955/1955 669/1870/1870 687/1871/1871
f 703/1955/1955 687/1871/1871 711/1954/1954
f 711/1954/1954 687/1871/1871 699/1872/1872
f 711/1954/1954 699/1872/1872 719/1953/1953
f 719/1953/1953 699/1872/1872 707/1873/1873
f 719/1953/1953 707/1873/1873 723/1952/1952
f 723/1952/1952 707/1873/1873 715/1874/1874
f 723/1952/1952 715/1874/1874 727/1875/1875
f 723/1952/1952 727/1875/1875 731/1951/1951
f 731/1951/1951 727/1875/1875 735/1876/1876
f 731/1951/1951 735/1876/1876 739/1950/1950
f 739/1950/1950 735/1876/1876 743/1877/1877
f 739/1950/1950 743/1877/1877 747/1949/1949
f 747/1949/1949 743/1877/1877 751/1878/1878
f 747/1949/1949 751/1878/1878 755/1948/1948
f 755/1948/1948 751/1878/1878 763/1879/1879
f 755/1948/1948 763/1879/1879 771/1880/1880
f 755/1948/1948 771/1880/1880 759/1947/1947
f 759/1947/1947 771/1880/1880 779/1881/1881
f 759/1947/1947 779/1881/1881 767/1946/1946
f 767/1946/1946 779/1881/1881 791/1882/1882
f 767/1946/1946 791/1882/1882 775/1945/1945
f 775/1945/1945 791/1882/1882 809/1883/1883
f 775/1945/1945 809/1883/1883 783/1944/1944
f 783/1944/1944 809/1883/1883 813/1884/1884
f 783/1944/1944 813/1884/1884 787/1943/1943
f 787/1943/1943 813/1884/1884 817/1885/1885
f 787/1943/1943 817/1885/1885 821/1886/1886
f 787/1943/1943 821/1886/1886 795/1942/1942
f 795/1942/1942 821/1886/1886 825/1887/1887
f 795/1942/1942 825/1887/1887 799/1941/1941
f 799/1941/1941 825/1887/1887 829/1888/1888
f 799/1941/1941 829/1888/1888 803/1940/1940
f 803/1940/1940 829/1888/1888 833/1889/1889
f 803/1940/1940 833/1889/1889 805/1939/1939
f 805/1939/1939 833/1889/1889 835/1890/1890
f 805/1939/1939 835/1890/1890 831/1891/1891
f 805/1939/1939 831/1891/1891 801/1938/1938
f 801/1938/1938 831/1891/1891 827/1892/1892
f 801/1938/1938 827/1892/1892 797/1937/1937
f 797/1937/1937 827/1892/1892 823/1893/1893
f 797/1937/1937 823/1893/1893 793/1936/1936
f 793/1936/1936 823/1893/1893 819/1894/1894
f 793/1936/1936 819/1894/1894 785/1935/1935
f 785/1935/1935 819/1894/1894 815/1895/1895
f 785/1935/1935 815/1895/1895 811/1896/1896
f 785/1935/1935 811/1896/1896 781/1934/1934
f 781/1934/1934 811/1896/1896 807/1897/1897
f 781/1934/1934 807/1897/1897 773/1933/1933
f 773/1933/1933 807/1897/1897 789/1898/1898
f 773/1933/1933 789/1898/1898 765/1932/1932
f 765/1932/1932 789/1898/1898 777/1899/1899
f 765/1932/1932 777/1899/1899 757/1931/1931
f 757/1931/1931 777/1899/1899 769/1900/1900
f 757/1931/1931 769/1900/1900 753/1930/1930
f 753/1930/1930 769/1900/1900 761/1901/1901
f 753/1930/1930 761/1901/1901 749/1902/1902
f 753/1930/1930 749/1902/1902 745/1929/1929
f 745/1929/1929 749/1902/1902 741/1903/1903
f 745/1929/1929 741/1903/1903 737/1928/1928
f 737/1928/1928 741/1903/1903 733/1904/1904
f 737/1928/1928 733/1904/1904 729/1927/1927
f 729/1927/1927 733/1904/1904 725/1905/1905
f 729/1927/1927 725/1905/1905 721/1926/1926
f 721/1926/1926 725/1905/1905 713/1906/1906
f 721/1926/1926 713/1906/1906 705/1907/1907
f 721/1926/1926 705/1907/1907 717/1925/1925
f 717/1925/1925 705/1907/1907 697/1908/1908
f 717/1925/1925 697/1908/1908 709/1924/1924
f 709/1924/1924 697/1908/1908 685/1909/1909
f 709/1924/1924 685/1909/1909 701/1923/1923
f 701/1923/1923 685/1909/1909 667/1910/1910
f 701/1923/1923 667/1910/1910 693/1922/1922
f 693/1922/1922 667/1910/1910 663/1911/1911
f 693/1922/1922 663/1911/1911 689/1921/1921
f 689/1921/1921 663/1911/1911 659/1912/1912
f 689/1921/1921 659/1912/1912 655/1913/1913
f 689/1921/1921 655/1913/1913 681/1920/1920
f 681/1920/1920 655/1913/1913 651/1914/1914
f 681/1920/1920 651/1914/1914 677/1919/1919
f 677/1919/1919 651/1914/1914 647/1915/1915
f 677/1919/1919 647/1915/1915 673/1918/1918
f 673/1918/1918 647/1915/1915 643/1916/1916
f 673/1918/1918 643/1916/1916 671/1917/1917
g Solid17

v 0.039370 0.054170 -0.000000
v 0.039370 0.054170 0.059055
v 0.035942 0.053971 -0.000000
v 0.035942 0.053971 0.059055
v 0.042798 0.053971 -0.000000
v 0.042798 0.053971 0.059055
v 0.032561 0.053374 -0.000000
v 0.032561 0.053374 0.059055
v 0.046180 0.053374 -0.000000
v 0.046180 0.053374 0.059055
v 0.029271 0.052390 -0.000000
v 0.029271 0.052390 0.059055
v 0.049469 0.052390 -0.000000
v 0.049469 0.052390 0.059055
v 0.026118 0.051030 -0.000000
v 0.026118 0.051030 0.059055
v 0.052622 0.051030 -0.000000
v 0.052622 0.051030 0.059055
v 0.023144 0.049313 -0.000000
v 0.023144 0.049313 0.059055
v 0.055596 0.049313 -0.000000
v 0.055596 0.049313 0.059055
v 0.020390 0.047262 -0.000000
v 0.020390 0.047262 0.059055
v 0.058350 0.047262 -0.000000
v 0.058350 0.047262 0.059055
v 0.017893 0.044906 -0.000000
v 0.017893 0.044906 0.059055
v 0.060848 0.044906 -0.000000
v 0.060848 0.044906 0.059055
v 0.039370 0.044328 -0.000000
v 0.039370 0.044328 0.059055
v 0.036569 0.044127 -0.000000
v 0.036569 0.044127 0.059055
v 0.042172 0.044127 -0.000000
v 0.042172 0.044127 0.059055
v 0.033824 0.043530 -0.000000
v 0.033824 0.043530 0.059055
v 0.044916 0.043530 -0.000000
v 0.044916 0.043530 0.059055
v 0.031193 0.042549 -0.000000
v 0.031193 0.042549 0.059055
v 0.047548 0.042549 -0.000000
v 0.047548 0.042549 0.059055
v 0.015685 0.042275 -0.000000
v 0.015685 0.042275 0.059055
v 0.063055 0.042275 -0.000000
v 0.063055 0.042275 0.059055
v 0.028728 0.041203 -0.000000
v 0.028728 0.041203 0.059055
v 0.050013 0.041203 -0.000000
v 0.050013 0.041203 0.059055
v 0.026479 0.039520 -0.000000
v 0.026479 0.039520 0.059055
v 0.052261 0.039520 -0.000000
v 0.052261 0.039520 0.059055
v 0.013798 0.039407 -0.000000
v 0.013798 0.039407 0.059055
v 0.064942 0.039407 -0.000000
v 0.064942 0.039407 0.059055
v 0.024493 0.037534 -0.000000
v 0.024493 0.037534 0.059055
v 0.054247 0.037534 -0.000000
v 0.054247 0.037534 0.059055
v 0.012257 0.036338 -0.000000
v 0.012257 0.036338 0.059055
v 0.066483 0.036338 -0.000000
v 0.066483 0.036338 0.059055
v 0.022810 0.035285 -0.000000
v 0.022810 0.035285 0.059055
v 0.055930 0.035285 -0.000000
v 0.055930 0.035285 0.059055
v 0.011083 0.033111 -0.000000
v 0.011083 0.033111 0.059055
v 0.067657 0.033111 -0.000000
v 0.067657 0.033111 0.059055
v 0.021464 0.032820 -0.000000
v 0.021464 0.032820 0.059055
v 0.057276 0.032820 -0.000000
v 0.057276 0.032820 0.059055
v 0.020482 0.030189 -0.000000
v 0.020482 0.030189 0.059055
v 0.058258 0.030189 -0.000000
v 0.058258 0.030189 0.059055
v 0.010291 0.029770 -0.000000
v 0.010291 0.029770 0.059055
v 0.068449 0.029770 -0.000000
v 0.068449 0.029770 0.059055
v 0.019885 0.027444 -0.000000
v 0.019885 0.027444 0.059055
v 0.058855 0.027444 -0.000000
v 0.058855 0.027444 0.059055
v 0.009892 0.026360 -0.000000
v 0.009892 0.026360 0.059055
v 0.068848 0.026360 -0.000000
v 0.068848 0.026360 0.059055
v 0.019685 0.024643 -0.000000
v 0.019685 0.024643 0.059055
v 0.059055 0.024643 -0.000000
v 0.059055 0.024643 0.059055
v 0.009892 0.022926 -0.000000
v 0.009892 0.022926 0.059055
v 0.068848 0.022926 -0.000000
v 0.068848 0.022926 0.059055
v 0.019885 0.021841 -0.000000
v 0.019885 0.021841 0.059055
v 0.058855 0.021841 -0.000000
v 0.058855 0.021841 0.059055
v 0.010291 0.019515 -0.000000
v 0.010291 0.019515 0.059055
v 0.068449 0.019515 -0.000000
v 0.068449 0.019515 0.059055
v 0.020482 0.019097 -0.000000
v 0.020482 0.019097 0.059055
v 0.058258 0.019097 -0.000000
v 0.058258 0.019097 0.059055
v 0.021464 0.016465 -0.000000
v 0.021464 0.016465 0.059055
v 0.057276 0.016465 -0.000000
v 0.057276 0.016465 0.059055
v 0.011083 0.016174 -0.000000
v 0.011083 0.016174 0.059055
v 0.067657 0.016174 -0.000000
v 0.067657 0.016174 0.059055
v 0.022810 0.014000 -0.000000
v 0.022810 0.014000 0.059055
v 0.055930 0.014000 -0.000000
v 0.055930 0.014000 0.059055
v 0.012257 0.012947 -0.000000
v 0.012257 0.012947 0.059055
v 0.066483 0.012947 -0.000000
v 0.066483 0.012947 0.059055
v 0.024493 0.011752 -0.000000
v 0.024493 0.011752 0.059055
v 0.054247 0.011752 -0.000000
v 0.054247 0.011752 0.059055
v 0.013798 0.009879 -0.000000
v 0.013798 0.009879 0.059055
v 0.064942 0.009879 -0.000000
v 0.064942 0.009879 0.059055
v 0.026479 0.009766 -0.000000
v 0.026479 0.009766 0.059055
v 0.052261 0.009766 -0.000000
v 0.052261 0.009766 0.059055
v 0.028728 0.008083 -0.000000
v 0.028728 0.008083 0.059055
v 0.050013 0.008083 -0.000000
v 0.050013 0.008083 0.059055
v 0.015685 0.007010 -0.000000
v 0.015685 0.007010 0.059055
v 0.063055 0.007010 -0.000000
v 0.063055 0.007010 0.059055
v 0.031193 0.006737 -0.000000
v 0.031193 0.006737 0.059055
v 0.047548 0.006737 -0.000000
v 0.047548 0.006737 0.059055
v 0.033824 0.005755 -0.000000
v 0.033824 0.005755 0.059055
v 0.044916 0.005755 -0.000000
v 0.044916 0.005755 0.059055
v 0.036569 0.005158 -0.000000
v 0.036569 0.005158 0.059055
v 0.042172 0.005158 -0.000000
v 0.042172 0.005158 0.059055
v 0.039370 0.004958 -0.000000
v 0.039370 0.004958 0.059055
v 0.017893 0.004380 -0.000000
v 0.017893 0.004380 0.059055
v 0.060848 0.004380 -0.000000
v 0.060848 0.004380 0.059055
v 0.020390 0.002023 -0.000000
v 0.020390 0.002023 0.059055
v 0.058350 0.002023 -0.000000
v 0.058350 0.002023 0.059055
v 0.023144 -0.000027 -0.000000
v 0.023144 -0.000027 0.059055
v 0.055596 -0.000027 -0.000000
v 0.055596 -0.000027 0.059055
v 0.026118 -0.001744 -0.000000
v 0.026118 -0.001744 0.059055
v 0.052622 -0.001744 -0.000000
v 0.052622 -0.001744 0.059055
v 0.029271 -0.003104 -0.000000
v 0.029271 -0.003104 0.059055
v 0.049469 -0.003104 -0.000000
v 0.049469 -0.003104 0.059055
v 0.032561 -0.004089 -0.000000
v 0.032561 -0.004089 0.059055
v 0.046180 -0.004089 -0.000000
v 0.046180 -0.004089 0.059055
v 0.035942 -0.004685 -0.000000
v 0.035942 -0.004685 0.059055
v 0.042798 -0.004685 -0.000000
v 0.042798 -0.004685 0.059055
v 0.039370 -0.004885 -0.000000
v 0.039370 -0.004885 0.059055
vt 0.000000 0.157080 0.000000
vt 0.000000 0.149940 0.000000
vt 0.000000 0.142800 0.000000
vt 0.000000 0.135660 0.000000
vt 0.000000 0.128520 0.000000
vt 0.000000 0.121380 0.000000
vt 0.000000 0.114240 0.000000
vt 0.000000 0.107100 0.000000
vt 0.000000 0.099960 0.000000
vt 0.000000 0.092820 0.000000
vt 0.000000 0.085680 0.000000
vt 0.000000 0.078540 0.000000
vt 0.000000 0.071400 0.000000
vt 0.000000 0.064260 0.000000
vt 0.000000 0.057120 0.000000
vt 0.000000 0.049980 0.000000
vt 0.000000 0.042840 0.000000
vt 0.000000 0.035700 0.000000
vt 0.000000 0.028560 0.000000
vt 0.000000 0.021420 0.000000
vt 0.000000 0.014280 0.000000
vt 0.000000 0.007140 0.000000
vt 0.000000 0.000000 0.000000
vt 0.000000 -0.007140 0.000000
vt 0.000000 -0.014280 0.000000
vt 0.000000 -0.021420 0.000000
vt 0.000000 -0.028560 0.000000
vt 0.000000 -0.035700 0.000000
vt 0.000000 -0.042840 0.000000
vt 0.000000 -0.049980 0.000000
vt 0.000000 -0.057120 0.000000
vt 0.000000 -0.064260 0.000000
vt 0.000000 -0.071400 0.000000
vt 0.000000 -0.078540 0.000000
vt 0.000000 -0.085680 0.000000
vt 0.000000 -0.092820 0.000000
vt 0.000000 -0.099960 0.000000
vt 0.000000 -0.107100 0.000000
vt 0.000000 -0.114240 0.000000
vt 0.000000 -0.121380 0.000000
vt 0.000000 -0.128520 0.000000
vt 0.000000 -0.135660 0.000000
vt 0.000000 -0.142800 0.000000
vt 0.000000 -0.149940 0.000000
vt 0.150000 -0.157080 0.000000
vt 0.150000 -0.149940 0.000000
vt 0.150000 -0.142800 0.000000
vt 0.150000 -0.135660 0.000000
vt 0.150000 -0.128520 0.000000
vt 0.150000 -0.121380 0.000000
vt 0.150000 -0.114240 0.000000
vt 0.150000 -0.107100 0.000000
vt 0.150000 -0.099960 0.000000
vt 0.150000 -0.092820 0.000000
vt 0.150000 -0.085680 0.000000
vt 0.150000 -0.078540 0.000000
vt 0.150000 -0.071400 0.000000
vt 0.150000 -0.064260 0.000000
vt 0.150000 -0.057120 0.000000
vt 0.150000 -0.049980 0.000000
vt 0.150000 -0.042840 0.000000
vt 0.150000 -0.035700 0.000000
vt 0.150000 -0.028560 0.000000
vt 0.150000 -0.021420 0.000000
vt 0.150000 -0.014280 0.000000
vt 0.150000 -0.007140 0.000000
vt 0.150000 0.000000 0.000000
vt 0.150000 0.007140 0.000000
vt 0.150000 0.014280 0.000000
vt 0.150000 0.021420 0.000000
vt 0.150000 0.028560 0.000000
vt 0.150000 0.035700 0.000000
vt 0.150000 0.042840 0.000000
vt 0.150000 0.049980 0.000000
vt 0.150000 0.057120 0.000000
vt 0.150000 0.064260 0.000000
vt 0.150000 0.071400 0.000000
vt 0.150000 0.078540 0.000000
vt 0.150000 0.085680 0.000000
vt 0.150000 0.092820 0.000000
vt 0.150000 0.099960 0.000000
vt 0.150000 0.107100 0.000000
vt 0.150000 0.114240 0.000000
vt 0.150000 0.121380 0.000000
vt 0.150000 0.128520 0.000000
vt 0.150000 0.135660 0.000000
vt 0.150000 0.142800 0.000000
vt 0.150000 0.149940 0.000000
vt 0.150000 0.157080 0.000000
vt 0.000000 -0.157080 0.000000
vt -0.000000 -0.235619 0.000000
vt -0.000000 -0.226893 0.000000
vt -0.000000 -0.218166 0.000000
vt -0.000000 -0.209440 0.000000
vt -0.000000 -0.200713 0.000000
vt -0.000000 -0.191986 0.000000
vt -0.000000 -0.183260 0.000000
vt -0.000000 -0.174533 0.000000
vt -0.000000 -0.165806 0.000000
vt -0.000000 -0.157080 0.000000
vt -0.000000 -0.148353 0.000000
vt -0.000000 -0.139626 0.000000
vt -0.000000 -0.130900 0.000000
vt -0.000000 -0.122173 0.000000
vt -0.000000 -0.113446 0.000000
vt -0.000000 -0.104720 0.000000
vt -0.000000 -0.095993 0.000000
vt -0.000000 -0.087266 0.000000
vt -0.000000 -0.078540 0.000000
vt -0.000000 -0.069813 0.000000
vt -0.000000 -0.061087 0.000000
vt -0.000000 -0.052360 0.000000
vt -0.000000 -0.043633 0.000000
vt -0.000000 -0.034907 0.000000
vt -0.000000 -0.026180 0.000000
vt -0.000000 -0.017453 0.000000
vt -0.000000 -0.008727 0.000000
vt -0.000000 0.000000 0.000000
vt -0.000000 0.008727 0.000000
vt -0.000000 0.017453 0.000000
vt -0.000000 0.026180 0.000000
vt -0.000000 0.034907 0.000000
vt -0.000000 0.043633 0.000000
vt -0.000000 0.052360 0.000000
vt -0.000000 0.061087 0.000000
vt -0.000000 0.069813 0.000000
vt -0.000000 0.078540 0.000000
vt -0.000000 0.087266 0.000000
vt -0.000000 0.095993 0.000000
vt -0.000000 0.104720 0.000000
vt -0.000000 0.113446 0.000000
vt -0.000000 0.122173 0.000000
vt -0.000000 0.130900 0.000000
vt -0.000000 0.139626 0.000000
vt -0.000000 0.148353 0.000000
vt -0.000000 0.157080 0.000000
vt -0.000000 0.165806 0.000000
vt -0.000000 0.174533 0.000000
vt -0.000000 0.183260 0.000000
vt -0.000000 0.191986 0.000000
vt -0.000000 0.200713 0.000000
vt -0.000000 0.209440 0.000000
vt -0.000000 0.218166 0.000000
vt -0.000000 0.226893 0.000000
vt -0.150000 0.235619 0.000000
vt -0.150000 0.226893 0.000000
vt -0.150000 0.218166 0.000000
vt -0.150000 0.209440 0.000000
vt -0.150000 0.200713 0.000000
vt -0.150000 0.191986 0.000000
vt -0.150000 0.183260 0.000000
vt -0.150000 0.174533 0.000000
vt -0.150000 0.165806 0.000000
vt -0.150000 0.157080 0.000000
vt -0.150000 0.148353 0.000000
vt -0.150000 0.139626 0.000000
vt -0.150000 0.130900 0.000000
vt -0.150000 0.122173 0.000000
vt -0.150000 0.113446 0.000000
vt -0.150000 0.104720 0.000000
vt -0.150000 0.095993 0.000000
vt -0.150000 0.087266 0.000000
vt -0.150000 0.078540 0.000000
vt -0.150000 0.069813 0.000000
vt -0.150000 0.061087 0.000000
vt -0.150000 0.052360 0.000000
vt -0.150000 0.043633 0.000000
vt -0.150000 0.034907 0.000000
vt -0.150000 0.026180 0.000000
vt -0.150000 0.017453 0.000000
vt -0.150000 0.008727 0.000000
vt -0.150000 0.000000 0.000000
vt -0.150000 -0.008727 0.000000
vt -0.150000 -0.017453 0.000000
vt -0.150000 -0.026180 0.000000
vt -0.150000 -0.034907 0.000000
vt -0.150000 -0.043633 0.000000
vt -0.150000 -0.052360 0.000000
vt -0.150000 -0.061087 0.000000
vt -0.150000 -0.069813 0.000000
vt -0.150000 -0.078540 0.000000
vt -0.150000 -0.087266 0.000000
vt -0.150000 -0.095993 0.000000
vt -0.150000 -0.104720 0.000000
vt -0.150000 -0.113446 0.000000
vt -0.150000 -0.122173 0.000000
vt -0.150000 -0.130900 0.000000
vt -0.150000 -0.139626 0.000000
vt -0.150000 -0.148353 0.000000
vt -0.150000 -0.157080 0.000000
vt -0.150000 -0.165806 0.000000
vt -0.150000 -0.174533 0.000000
vt -0.150000 -0.183260 0.000000
vt -0.150000 -0.191986 0.000000
vt -0.150000 -0.200713 0.000000
vt -0.150000 -0.209440 0.000000
vt -0.150000 -0.218166 0.000000
vt -0.150000 -0.226893 0.000000
vt -0.150000 -0.235619 0.000000
vt -0.000000 0.235619 0.000000
vt -0.075000 0.000000 0.000000
vt -0.074493 -0.008707 0.000000
vt -0.072978 -0.017296 0.000000
vt -0.070477 -0.025652 0.000000
vt -0.067022 -0.033660 0.000000
vt -0.062662 -0.041213 0.000000
vt -0.057453 -0.048209 0.000000
vt -0.051468 -0.054553 0.000000
vt -0.044787 -0.060159 0.000000
vt -0.037500 -0.064952 0.000000
vt -0.029706 -0.068866 0.000000
vt -0.021510 -0.071849 0.000000
vt -0.013024 -0.073861 0.000000
vt -0.004361 -0.074873 0.000000
vt 0.004361 -0.074873 0.000000
vt 0.013024 -0.073861 0.000000
vt 0.021510 -0.071849 0.000000
vt 0.029706 -0.068866 0.000000
vt 0.037500 -0.064952 0.000000
vt 0.044787 -0.060159 0.000000
vt 0.051468 -0.054553 0.000000
vt 0.057453 -0.048209 0.000000
vt 0.062662 -0.041213 0.000000
vt 0.067022 -0.033660 0.000000
vt 0.070477 -0.025652 0.000000
vt 0.072978 -0.017296 0.000000
vt 0.074493 -0.008707 0.000000
vt 0.075000 0.000000 0.000000
vt 0.074493 0.008707 0.000000
vt 0.072978 0.017296 0.000000
vt 0.070477 0.025652 0.000000
vt 0.067022 0.033660 0.000000
vt 0.062662 0.041213 0.000000
vt 0.057453 0.048209 0.000000
vt 0.051468 0.054553 0.000000
vt 0.044787 0.060159 0.000000
vt 0.037500 0.064952 0.000000
vt 0.029706 0.068866 0.000000
vt 0.021510 0.071849 0.000000
vt 0.013024 0.073861 0.000000
vt 0.004361 0.074873 0.000000
vt -0.004361 0.074873 0.000000
vt -0.013024 0.073861 0.000000
vt -0.021510 0.071849 0.000000
vt -0.029706 0.068866 0.000000
vt -0.037500 0.064952 0.000000
vt -0.044787 0.060159 0.000000
vt -0.051468 0.054553 0.000000
vt -0.057453 0.048209 0.000000
vt -0.062662 0.041213 0.000000
vt -0.067022 0.033660 0.000000
vt -0.070477 0.025652 0.000000
vt -0.072978 0.017296 0.000000
vt -0.074493 0.008707 0.000000
vt -0.050000 0.000000 0.000000
vt -0.049491 0.007116 0.000000
vt -0.047975 0.014087 0.000000
vt -0.045482 0.020771 0.000000
vt -0.042063 0.027032 0.000000
vt -0.037787 0.032743 0.000000
vt -0.032743 0.037787 0.000000
vt -0.027032 0.042063 0.000000
vt -0.020771 0.045482 0.000000
vt -0.014087 0.047975 0.000000
vt -0.007116 0.049491 0.000000
vt 0.000000 0.050000 0.000000
vt 0.007116 0.049491 0.000000
vt 0.014087 0.047975 0.000000
vt 0.020771 0.045482 0.000000
vt 0.027032 0.042063 0.000000
vt 0.032743 0.037787 0.000000
vt 0.037787 0.032743 0.000000
vt 0.042063 0.027032 0.000000
vt 0.045482 0.020771 0.000000
vt 0.047975 0.014087 0.000000
vt 0.049491 0.007116 0.000000
vt 0.050000 0.000000 0.000000
vt 0.049491 -0.007116 0.000000
vt 0.047975 -0.014087 0.000000
vt 0.045482 -0.020771 0.000000
vt 0.042063 -0.027032 0.000000
vt 0.037787 -0.032743 0.000000
vt 0.032743 -0.037787 0.000000
vt 0.027032 -0.042063 0.000000
vt 0.020771 -0.045482 0.000000
vt 0.014087 -0.047975 0.000000
vt 0.007116 -0.049491 0.000000
vt 0.000000 -0.050000 0.000000
vt -0.007116 -0.049491 0.000000
vt -0.014087 -0.047975 0.000000
vt -0.020771 -0.045482 0.000000
vt -0.027032 -0.042063 0.000000
vt -0.032743 -0.037787 0.000000
vt -0.037787 -0.032743 0.000000
vt -0.042063 -0.027032 0.000000
vt -0.045482 -0.020771 0.000000
vt -0.047975 -0.014087 0.000000
vt -0.049491 -0.007116 0.000000
vt 0.203571 -0.687500 0.000000
vt 0.203064 -0.678793 0.000000
vt 0.201550 -0.670204 0.000000
vt 0.199048 -0.661848 0.000000
vt 0.195594 -0.653840 0.000000
vt 0.191233 -0.646287 0.000000
vt 0.186025 -0.639291 0.000000
vt 0.180040 -0.632947 0.000000
vt 0.173358 -0.627341 0.000000
vt 0.166071 -0.622548 0.000000
vt 0.158277 -0.618634 0.000000
vt 0.150082 -0.615651 0.000000
vt 0.141595 -0.613639 0.000000
vt 0.132932 -0.612627 0.000000
vt 0.124211 -0.612627 0.000000
vt 0.115548 -0.613639 0.000000
vt 0.107061 -0.615651 0.000000
vt 0.098865 -0.618634 0.000000
vt 0.091071 -0.622548 0.000000
vt 0.083785 -0.627341 0.000000
vt 0.077103 -0.632947 0.000000
vt 0.071118 -0.639291 0.000000
vt 0.065910 -0.646287 0.000000
vt 0.061549 -0.653840 0.000000
vt 0.058094 -0.661848 0.000000
vt 0.055593 -0.670204 0.000000
vt 0.054079 -0.678793 0.000000
vt 0.053571 -0.687500 0.000000
vt 0.054079 -0.696207 0.000000
vt 0.055593 -0.704796 0.000000
vt 0.058094 -0.713152 0.000000
vt 0.061549 -0.721160 0.000000
vt 0.065910 -0.728713 0.000000
vt 0.071118 -0.735709 0.000000
vt 0.077103 -0.742053 0.000000
vt 0.083785 -0.747659 0.000000
vt 0.091071 -0.752452 0.000000
vt 0.098865 -0.756366 0.000000
vt 0.107061 -0.759349 0.000000
vt 0.115548 -0.761361 0.000000
vt 0.124211 -0.762373 0.000000
vt 0.132932 -0.762373 0.000000
vt 0.141595 -0.761361 0.000000
vt 0.150082 -0.759349 0.000000
vt 0.158277 -0.756366 0.000000
vt 0.166071 -0.752452 0.000000
vt 0.173358 -0.747659 0.000000
vt 0.180040 -0.742053 0.000000
vt 0.186025 -0.735709 0.000000
vt 0.191233 -0.728713 0.000000
vt 0.195594 -0.721160 0.000000
vt 0.199048 -0.713152 0.000000
vt 0.201550 -0.704796 0.000000
vt 0.203064 -0.696207 0.000000
vt 0.178571 -0.687500 0.000000
vt 0.178063 -0.694616 0.000000
vt 0.176546 -0.701587 0.000000
vt 0.174053 -0.708271 0.000000
vt 0.170634 -0.714532 0.000000
vt 0.166359 -0.720243 0.000000
vt 0.161314 -0.725287 0.000000
vt 0.155603 -0.729563 0.000000
vt 0.149342 -0.732982 0.000000
vt 0.142658 -0.735475 0.000000
vt 0.135687 -0.736991 0.000000
vt 0.128571 -0.737500 0.000000
vt 0.121456 -0.736991 0.000000
vt 0.114485 -0.735475 0.000000
vt 0.107801 -0.732982 0.000000
vt 0.101539 -0.729563 0.000000
vt 0.095828 -0.725287 0.000000
vt 0.090784 -0.720243 0.000000
vt 0.086509 -0.714532 0.000000
vt 0.083090 -0.708271 0.000000
vt 0.080597 -0.701587 0.000000
vt 0.079080 -0.694616 0.000000
vt 0.078571 -0.687500 0.000000
vt 0.079080 -0.680384 0.000000
vt 0.080597 -0.673413 0.000000
vt 0.083090 -0.666729 0.000000
vt 0.086509 -0.660468 0.000000
vt 0.090784 -0.654757 0.000000
vt 0.095828 -0.649713 0.000000
vt 0.101539 -0.645437 0.000000
vt 0.107801 -0.642018 0.000000
vt 0.114485 -0.639525 0.000000
vt 0.121456 -0.638009 0.000000
vt 0.128571 -0.637500 0.000000
vt 0.135687 -0.638009 0.000000
vt 0.142658 -0.639525 0.000000
vt 0.149342 -0.642018 0.000000
vt 0.155603 -0.645437 0.000000
vt 0.161314 -0.649713 0.000000
vt 0.166359 -0.654757 0.000000
vt 0.170634 -0.660468 0.000000
vt 0.174053 -0.666729 0.000000
vt 0.176546 -0.673413 0.000000
vt 0.178063 -0.680384 0.000000
vn 0.000000 -2.540000 0.000000
vn 0.361480 -2.514146 0.000000
vn 0.715601 -2.437112 0.000000
vn 1.055154 -2.310465 0.000000
vn 1.373228 -2.136784 0.000000
vn 1.663346 -1.919604 0.000000
vn 1.919604 -1.663346 0.000000
vn 2.136784 -1.373228 0.000000
vn 2.310465 -1.055154 0.000000
vn 2.437112 -0.715601 0.000000
vn 2.514146 -0.361480 0.000000
vn 2.540000 0.000000 0.000000
vn 2.514146 0.361480 0.000000
vn 2.437112 0.715601 0.000000
vn 2.310465 1.055154 0.000000
vn 2.136784 1.373228 0.000000
vn 1.919604 1.663346 0.000000
vn 1.663346 1.919604 0.000000
vn 1.373228 2.136784 0.000000
vn 1.055154 2.310465 0.000000
vn 0.715601 2.437112 0.000000
vn 0.361480 2.514146 0.000000
vn 0.000000 2.540000 -0.000000
vn -0.361480 2.514146 -0.000000
vn -0.715601 2.437112 -0.000000
vn -1.055154 2.310465 -0.000000
vn -1.373228 2.136784 -0.000000
vn -1.663346 1.919604 -0.000000
vn -1.919604 1.663346 -0.000000
vn -2.136784 1.373228 -0.000000
vn -2.310465 1.055154 -0.000000
vn -2.437112 0.715601 -0.000000
vn -2.514146 0.361480 -0.000000
vn -2.540000 -0.000000 -0.000000
vn -2.514146 -0.361480 -0.000000
vn -2.437112 -0.715601 -0.000000
vn -2.310465 -1.055154 -0.000000
vn -2.136784 -1.373228 -0.000000
vn -1.919604 -1.663346 -0.000000
vn -1.663346 -1.919604 -0.000000
vn -1.373228 -2.136784 -0.000000
vn -1.055154 -2.310465 -0.000000
vn -0.715601 -2.437112 -0.000000
vn -0.361480 -2.514146 -0.000000
vn 0.000000 -2.540000 0.000000
vn -0.361480 -2.514146 -0.000000
vn -0.715601 -2.437112 -0.000000
vn -1.055154 -2.310465 -0.000000
vn -1.373228 -2.136784 -0.000000
vn -1.663346 -1.919604 -0.000000
vn -1.919604 -1.663346 -0.000000
vn -2.136784 -1.373228 -0.000000
vn -2.310465 -1.055154 -0.000000
vn -2.437112 -0.715601 -0.000000
vn -2.514146 -0.361480 -0.000000
vn -2.540000 -0.000000 -0.000000
vn -2.514146 0.361480 -0.000000
vn -2.437112 0.715601 -0.000000
vn -2.310465 1.055154 -0.000000
vn -2.136784 1.373228 -0.000000
vn -1.919604 1.663346 -0.000000
vn -1.663346 1.919604 -0.000000
vn -1.373228 2.136784 -0.000000
vn -1.055154 2.310465 -0.000000
vn -0.715601 2.437112 -0.000000
vn -0.361480 2.514146 -0.000000
vn 0.000000 2.540000 -0.000000
vn 0.361480 2.514146 0.000000
vn 0.715601 2.437112 0.000000
vn 1.055154 2.310465 0.000000
vn 1.373228 2.136784 0.000000
vn 1.663346 1.919604 0.000000
vn 1.919604 1.663346 0.000000
vn 2.136784 1.373228 0.000000
vn 2.310465 1.055154 0.000000
vn 2.437112 0.715601 0.000000
vn 2.514146 0.361480 0.000000
vn 2.540000 0.000000 0.000000
vn 2.514146 -0.361480 0.000000
vn 2.437112 -0.715601 0.000000
vn 2.310465 -1.055154 0.000000
vn 2.136784 -1.373228 0.000000
vn 1.919604 -1.663346 0.000000
vn 1.663346 -1.919604 0.000000
vn 1.373228 -2.136784 0.000000
vn 1.055154 -2.310465 0.000000
vn 0.715601 -2.437112 0.000000
vn 0.361480 -2.514146 0.000000
vn 0.000000 -2.540000 0.000000
vn 0.000000 -2.540000 0.000000
vn 0.000000 2.540000 -0.000000
vn 0.294876 2.522825 0.000000
vn 0.585764 2.471534 0.000000
vn 0.868731 2.386819 0.000000
vn 1.139950 2.269827 0.000000
vn 1.395753 2.122139 0.000000
vn 1.632681 1.945753 0.000000
vn 1.847529 1.743054 0.000000
vn 2.037393 1.516783 0.000000
vn 2.199704 1.270000 0.000000
vn 2.332269 1.006043 0.000000
vn 2.433293 0.728480 0.000000
vn 2.501412 0.441066 0.000000
vn 2.535703 0.147688 0.000000
vn 2.535703 -0.147688 0.000000
vn 2.501412 -0.441066 0.000000
vn 2.433293 -0.728480 0.000000
vn 2.332269 -1.006043 0.000000
vn 2.199704 -1.270000 0.000000
vn 2.037393 -1.516783 0.000000
vn 1.847529 -1.743054 0.000000
vn 1.632681 -1.945753 0.000000
vn 1.395753 -2.122139 0.000000
vn 1.139950 -2.269827 0.000000
vn 0.868731 -2.386819 0.000000
vn 0.585764 -2.471534 0.000000
vn 0.294876 -2.522825 0.000000
vn 0.000000 -2.540000 0.000000
vn -0.294876 -2.522825 -0.000000
vn -0.585764 -2.471534 -0.000000
vn -0.868731 -2.386819 -0.000000
vn -1.139950 -2.269827 -0.000000
vn -1.395753 -2.122139 -0.000000
vn -1.632681 -1.945753 -0.000000
vn -1.847529 -1.743054 -0.000000
vn -2.037393 -1.516783 -0.000000
vn -2.199704 -1.270000 -0.000000
vn -2.332269 -1.006043 -0.000000
vn -2.433293 -0.728480 -0.000000
vn -2.501412 -0.441066 -0.000000
vn -2.535703 -0.147688 -0.000000
vn -2.535703 0.147688 -0.000000
vn -2.501412 0.441066 -0.000000
vn -2.433293 0.728480 -0.000000
vn -2.332269 1.006043 -0.000000
vn -2.199704 1.270000 -0.000000
vn -2.037393 1.516783 -0.000000
vn -1.847529 1.743054 -0.000000
vn -1.632681 1.945753 -0.000000
vn -1.395753 2.122139 -0.000000
vn -1.139950 2.269827 -0.000000
vn -0.868731 2.386819 -0.000000
vn -0.585764 2.471534 -0.000000
vn -0.294876 2.522825 -0.000000
vn 0.000000 2.540000 -0.000000
vn -0.294876 2.522825 -0.000000
vn -0.585764 2.471534 -0.000000
vn -0.868731 2.386819 -0.000000
vn -1.139950 2.269827 -0.000000
vn -1.395753 2.122139 -0.000000
vn -1.632681 1.945753 -0.000000
vn -1.847529 1.743054 -0.000000
vn -2.037393 1.516783 -0.000000
vn -2.199704 1.270000 -0.000000
vn -2.332269 1.006043 -0.000000
vn -2.433293 0.728480 -0.000000
vn -2.501412 0.441066 -0.000000
vn -2.535703 0.147688 -0.000000
vn -2.535703 -0.147688 -0.000000
vn -2.501412 -0.441066 -0.000000
vn -2.433293 -0.728480 -0.000000
vn -2.332269 -1.006043 -0.000000
vn -2.199704 -1.270000 -0.000000
vn -2.037393 -1.516783 -0.000000
vn -1.847529 -1.743054 -0.000000
vn -1.632681 -1.945753 -0.000000
vn -1.395753 -2.122139 -0.000000
vn -1.139950 -2.269827 -0.000000
vn -0.868731 -2.386819 -0.000000
vn -0.585764 -2.471534 -0.000000
vn -0.294876 -2.522825 -0.000000
vn 0.000000 -2.540000 0.000000
vn 0.294876 -2.522825 0.000000
vn 0.585764 -2.471534 0.000000
vn 0.868731 -2.386819 0.000000
vn 1.139950 -2.269827 0.000000
vn 1.395753 -2.122139 0.000000
vn 1.632681 -1.945753 0.000000
vn 1.847529 -1.743054 0.000000
vn 2.037393 -1.516783 0.000000
vn 2.199704 -1.270000 0.000000
vn 2.332269 -1.006043 0.000000
vn 2.433293 -0.728480 0.000000
vn 2.501412 -0.441066 0.000000
vn 2.535703 -0.147688 0.000000
vn 2.535703 0.147688 0.000000
vn 2.501412 0.441066 0.000000
vn 2.433293 0.728480 0.000000
vn 2.332269 1.006043 0.000000
vn 2.199704 1.270000 0.000000
vn 2.037393 1.516783 0.000000
vn 1.847529 1.743054 0.000000
vn 1.632681 1.945753 0.000000
vn 1.395753 2.122139 0.000000
vn 1.139950 2.269827 0.000000
vn 0.868731 2.386819 0.000000
vn 0.585764 2.471534 0.000000
vn 0.294876 2.522825 0.000000
vn 0.000000 2.540000 -0.000000
vn 0.000000 2.540000 -0.000000
vn -0.000000 0.000000 2.540000
vn -0.000000 0.000000 2.540000
vn -0.000000 0.000000 2.540000
vn -0.000000 0.000000 2.540000
vn -0.000000 0.000000 2.540000
vn -0.000000 0.000000 2.540000
vn -0.000000 0.000000 2.540000
vn -0.000000 0.000000 2.540000
vn -0.000000 0.000000 2.540000
vn -0.000000 0.000000 2.540000
vn -0.000000 0.000000 2.540000
vn -0.000000 0.000000 2.540000
vn -0.000000 0.000000 2.540000
vn -0.000000 0.000000 2.540000
vn -0.000000 0.000000 2.540000
vn -0.000000 0.000000 2.540000
vn -0.000000 0.000000 2.540000
vn -0.000000 0.000000 2.540000
vn -0.000000 0.000000 2.540000
vn -0.000000 0.000000 2.540000
vn -0.000000 0.000000 2.540000
vn -0.000000 0.000000 2.540000
vn -0.000000 0.000000 2.540000
vn -0.000000 0.000000 2.540000
vn -0.000000 0.000000 2.540000
vn -0.000000 0.000000 2.540000
vn -0.000000 0.000000 2.540000
vn -0.000000 0.000000 2.540000
vn -0.000000 0.000000 2.540000
vn -0.000000 0.000000 2.540000
vn -0.000000 0.000000 2.540000
vn -0.000000 0.000000 2.540000
vn -0.000000 0.000000 2.540000
vn -0.000000 0.000000 2.540000
vn -0.000000 0.000000 2.540000
vn -0.000000 0.000000 2.540000
vn -0.000000 0.000000 2.540000
vn -0.000000 0.000000 2.540000
vn -0.000000 0.000000 2.540000
vn -0.000000 0.000000 2.540000
vn -0.000000 0.000000 2.540000
vn -0.000000 0.000000 2.540000
vn -0.000000 0.000000 2.540000
vn -0.000000 0.000000 2.540000
vn -0.000000 0.000000 2.540000
vn -0.000000 0.000000 2.540000
vn -0.000000 0.000000 2.540000
vn -0.000000 0.000000 2.540000
vn -0.000000 0.000000 2.540000
vn -0.000000 0.000000 2.540000
vn -0.000000 0.000000 2.540000
vn -0.000000 0.000000 2.540000
vn -0.000000 0.000000 2.540000
vn -0.000000 0.000000 2.540000
vn -0.000000 0.000000 2.540000
vn -0.000000 0.000000 2.540000
vn -0.000000 0.000000 2.540000
vn -0.000000 0.000000 2.540000
vn -0.000000 0.000000 2.540000
vn -0.000000 0.000000 2.540000
vn -0.000000 0.000000 2.540000
vn -0.000000 0.000000 2.540000
vn -0.000000 0.000000 2.540000
vn -0.000000 0.000000 2.540000
vn -0.000000 0.000000 2.540000
vn -0.000000 0.000000 2.540000
vn -0.000000 0.000000 2.540000
vn -0.000000 0.000000 2.540000
vn -0.000000 0.000000 2.540000
vn -0.000000 0.000000 2.540000
vn -0.000000 0.000000 2.540000
vn -0.000000 0.000000 2.540000
vn -0.000000 0.000000 2.540000
vn -0.000000 0.000000 2.540000
vn -0.000000 0.000000 2.540000
vn -0.000000 0.000000 2.540000
vn -0.000000 0.000000 2.540000
vn -0.000000 0.000000 2.540000
vn -0.000000 0.000000 2.540000
vn -0.000000 0.000000 2.540000
vn -0.000000 0.000000 2.540000
vn -0.000000 0.000000 2.540000
vn -0.000000 0.000000 2.540000
vn -0.000000 0.000000 2.540000
vn -0.000000 0.000000 2.540000
vn -0.000000 0.000000 2.540000
vn -0.000000 0.000000 2.540000
vn -0.000000 0.000000 2.540000
vn -0.000000 0.000000 2.540000
vn -0.000000 0.000000 2.540000
vn -0.000000 0.000000 2.540000
vn -0.000000 0.000000 2.540000
vn -0.000000 0.000000 2.540000
vn -0.000000 0.000000 2.540000
vn -0.000000 0.000000 2.540000
vn -0.000000 0.000000 2.540000
vn -0.000000 0.000000 2.540000
vn -0.000000 0.000000 2.540000
vn 0.000000 -0.000000 -2.540000
vn 0.000000 -0.000000 -2.540000
vn 0.000000 -0.000000 -2.540000
vn 0.000000 -0.000000 -2.540000
vn 0.000000 -0.000000 -2.540000
vn 0.000000 -0.000000 -2.540000
vn 0.000000 -0.000000 -2.540000
vn 0.000000 -0.000000 -2.540000
vn 0.000000 -0.000000 -2.540000
vn 0.000000 -0.000000 -2.540000
vn 0.000000 -0.000000 -2.540000
vn 0.000000 -0.000000 -2.540000
vn 0.000000 -0.000000 -2.540000
vn 0.000000 -0.000000 -2.540000
vn 0.000000 -0.000000 -2.540000
vn 0.000000 -0.000000 -2.540000
vn 0.000000 -0.000000 -2.540000
vn 0.000000 -0.000000 -2.540000
vn 0.000000 -0.000000 -2.540000
vn 0.000000 -0.000000 -2.540000
vn 0.000000 -0.000000 -2.540000
vn 0.000000 -0.000000 -2.540000
vn 0.000000 -0.000000 -2.540000
vn 0.000000 -0.000000 -2.540000
vn 0.000000 -0.000000 -2.540000
vn 0.000000 -0.000000 -2.540000
vn 0.000000 -0.000000 -2.540000
vn 0.000000 -0.000000 -2.540000
vn 0.000000 -0.000000 -2.540000
vn 0.000000 -0.000000 -2.540000
vn 0.000000 -0.000000 -2.540000
vn 0.000000 -0.000000 -2.540000
vn 0.000000 -0.000000 -2.540000
vn 0.000000 -0.000000 -2.540000
vn 0.000000 -0.000000 -2.540000
vn 0.000000 -0.000000 -2.540000
vn 0.000000 -0.000000 -2.540000
vn 0.000000 -0.000000 -2.540000
vn 0.000000 -0.000000 -2.540000
vn 0.000000 -0.000000 -2.540000
vn 0.000000 -0.000000 -2.540000
vn 0.000000 -0.000000 -2.540000
vn 0.000000 -0.000000 -2.540000
vn 0.000000 -0.000000 -2.540000
vn 0.000000 -0.000000 -2.540000
vn 0.000000 -0.000000 -2.540000
vn 0.000000 -0.000000 -2.540000
vn 0.000000 -0.000000 -2.540000
vn 0.000000 -0.000000 -2.540000
vn 0.000000 -0.000000 -2.540000
vn 0.000000 -0.000000 -2.540000
vn 0.000000 -0.000000 -2.540000
vn 0.000000 -0.000000 -2.540000
vn 0.000000 -0.000000 -2.540000
vn 0.000000 -0.000000 -2.540000
vn 0.000000 -0.000000 -2.540000
vn 0.000000 -0.000000 -2.540000
vn 0.000000 -0.000000 -2.540000
vn 0.000000 -0.000000 -2.540000
vn 0.000000 -0.000000 -2.540000
vn 0.000000 -0.000000 -2.540000
vn 0.000000 -0.000000 -2.540000
vn 0.000000 -0.000000 -2.540000
vn 0.000000 -0.000000 -2.540000
vn 0.000000 -0.000000 -2.540000
vn 0.000000 -0.000000 -2.540000
vn 0.000000 -0.000000 -2.540000
vn 0.000000 -0.000000 -2.540000
vn 0.000000 -0.000000 -2.540000
vn 0.000000 -0.000000 -2.540000
vn 0.000000 -0.000000 -2.540000
vn 0.000000 -0.000000 -2.540000
vn 0.000000 -0.000000 -2.540000
vn 0.000000 -0.000000 -2.540000
vn 0.000000 -0.000000 -2.540000
vn 0.000000 -0.000000 -2.540000
vn 0.000000 -0.000000 -2.540000
vn 0.000000 -0.000000 -2.540000
vn 0.000000 -0.000000 -2.540000
vn 0.000000 -0.000000 -2.540000
vn 0.000000 -0.000000 -2.540000
vn 0.000000 -0.000000 -2.540000
vn 0.000000 -0.000000 -2.540000
vn 0.000000 -0.000000 -2.540000
vn 0.000000 -0.000000 -2.540000
vn 0.000000 -0.000000 -2.540000
vn 0.000000 -0.000000 -2.540000
vn 0.000000 -0.000000 -2.540000
vn 0.000000 -0.000000 -2.540000
vn 0.000000 -0.000000 -2.540000
vn 0.000000 -0.000000 -2.540000
vn 0.000000 -0.000000 -2.540000
vn 0.000000 -0.000000 -2.540000
vn 0.000000 -0.000000 -2.540000
vn 0.000000 -0.000000 -2.540000
vn 0.000000 -0.000000 -2.540000
vn 0.000000 -0.000000 -2.540000
vn 0.000000 -0.000000 -2.540000
f 870/1962/1962 869/2048/2048 868/1961/1961
f 868/1961/1961 869/2048/2048 867/2049/2049
f 868/2050/2050 867/2005/2005 872/2004/2004
f 872/2004/2004 867/2005/2005 871/2006/2006
f 872/2004/2004 871/2006/2006 876/2003/2003
f 876/2003/2003 871/2006/2006 875/2007/2007
f 876/2003/2003 875/2007/2007 880/2002/2002
f 880/2002/2002 875/2007/2007 879/2008/2008
f 880/2002/2002 879/2008/2008 888/2001/2001
f 888/2001/2001 879/2008/2008 887/2009/2009
f 888/2001/2001 887/2009/2009 892/2000/2000
f 892/2000/2000 887/2009/2009 891/2010/2010
f 892/2000/2000 891/2010/2010 900/1999/1999
f 900/1999/1999 891/2010/2010 899/2011/2011
f 900/1999/1999 899/2011/2011 908/1998/1998
f 908/1998/1998 899/2011/2011 907/2012/2012
f 908/1998/1998 907/2012/2012 916/1997/1997
f 916/1997/1997 907/2012/2012 915/2013/2013
f 916/1997/1997 915/2013/2013 920/1996/1996
f 920/1996/1996 915/2013/2013 919/2014/2014
f 920/1996/1996 919/2014/2014 928/1995/1995
f 928/1995/1995 919/2014/2014 927/2015/2015
f 928/1995/1995 927/2015/2015 936/1994/1994
f 936/1994/1994 927/2015/2015 935/2016/2016
f 936/1994/1994 935/2016/2016 944/1993/1993
f 944/1993/1993 935/2016/2016 943/2017/2017
f 944/1993/1993 943/2017/2017 952/1992/1992
f 952/1992/1992 943/2017/2017 951/2018/2018
f 952/1992/1992 951/2018/2018 956/1991/1991
f 956/1991/1991 951/2018/2018 955/2019/2019
f 956/1991/1991 955/2019/2019 964/1990/1990
f 964/1990/1990 955/2019/2019 963/2020/2020
f 964/1990/1990 963/2020/2020 972/1989/1989
f 972/1989/1989 963/2020/2020 971/2021/2021
f 972/1989/1989 971/2021/2021 980/1988/1988
f 980/1988/1988 971/2021/2021 979/2022/2022
f 980/1988/1988 979/2022/2022 984/1987/1987
f 984/1987/1987 979/2022/2022 983/2023/2023
f 984/1987/1987 983/2023/2023 992/1986/1986
f 992/1986/1986 983/2023/2023 991/2024/2024
f 992/1986/1986 991/2024/2024 996/1985/1985
f 996/1985/1985 991/2024/2024 995/2025/2025
f 996/1985/1985 995/2025/2025 1000/1984/1984
f 1000/1984/1984 995/2025/2025 999/2026/2026
f 1000/1984/1984 999/2026/2026 1002/1983/1983
f 1002/1983/1983 999/2026/2026 1001/2027/2027
f 1002/1983/1983 1001/2027/2027 998/1982/1982
f 998/1982/1982 1001/2027/2027 997/2028/2028
f 998/1982/1982 997/2028/2028 994/1981/1981
f 994/1981/1981 997/2028/2028 993/2029/2029
f 994/1981/1981 993/2029/2029 990/1980/1980
f 990/1980/1980 993/2029/2029 989/2030/2030
f 990/1980/1980 989/2030/2030 982/1979/1979
f 982/1979/1979 989/2030/2030 981/2031/2031
f 982/1979/1979 981/2031/2031 978/1978/1978
f 978/1978/1978 981/2031/2031 977/2032/2032
f 978/1978/1978 977/2032/2032 970/1977/1977
f 970/1977/1977 977/2032/2032 969/2033/2033
f 970/1977/1977 969/2033/2033 962/1976/1976
f 962/1976/1976 969/2033/2033 961/2034/2034
f 962/1976/1976 961/2034/2034 954/1975/1975
f 954/1975/1975 961/2034/2034 953/2035/2035
f 954/1975/1975 953/2035/2035 950/1974/1974
f 950/1974/1974 953/2035/2035 949/2036/2036
f 950/1974/1974 949/2036/2036 942/1973/1973
f 942/1973/1973 949/2036/2036 941/2037/2037
f 942/1973/1973 941/2037/2037 934/1972/1972
f 934/1972/1972 941/2037/2037 933/2038/2038
f 934/1972/1972 933/2038/2038 926/1971/1971
f 926/1971/1971 933/2038/2038 925/2039/2039
f 926/1971/1971 925/2039/2039 918/1970/1970
f 918/1970/1970 925/2039/2039 917/2040/2040
f 918/1970/1970 917/2040/2040 914/1969/1969
f 914/1969/1969 917/2040/2040 913/2041/2041
f 914/1969/1969 913/2041/2041 906/1968/1968
f 906/1968/1968 913/2041/2041 905/2042/2042
f 906/1968/1968 905/2042/2042 898/1967/1967
f 898/1967/1967 905/2042/2042 897/2043/2043
f 898/1967/1967 897/2043/2043 890/1966/1966
f 890/1966/1966 897/2043/2043 889/2044/2044
f 890/1966/1966 889/2044/2044 886/1965/1965
f 886/1965/1965 889/2044/2044 885/2045/2045
f 886/1965/1965 885/2045/2045 878/1964/1964
f 878/1964/1964 885/2045/2045 877/2046/2046
f 878/1964/1964 877/2046/2046 874/1963/1963
f 874/1963/1963 877/2046/2046 873/2047/2047
f 874/1963/1963 873/2047/2047 870/1962/1962
f 870/1962/1962 873/2047/2047 869/2048/2048
f 842/2052/2052 841/2158/2158 838/2051/2051
f 838/2051/2051 841/2158/2158 837/2159/2159
f 838/2160/2160 837/2105/2105 840/2104/2104
f 840/2104/2104 837/2105/2105 839/2106/2106
f 840/2104/2104 839/2106/2106 844/2103/2103
f 844/2103/2103 839/2106/2106 843/2107/2107
f 844/2103/2103 843/2107/2107 848/2102/2102
f 848/2102/2102 843/2107/2107 847/2108/2108
f 848/2102/2102 847/2108/2108 852/2101/2101
f 852/2101/2101 847/2108/2108 851/2109/2109
f 852/2101/2101 851/2109/2109 856/2100/2100
f 856/2100/2100 851/2109/2109 855/2110/2110
f 856/2100/2100 855/2110/2110 860/2099/2099
f 860/2099/2099 855/2110/2110 859/2111/2111
f 860/2099/2099 859/2111/2111 864/2098/2098
f 864/2098/2098 859/2111/2111 863/2112/2112
f 864/2098/2098 863/2112/2112 882/2097/2097
f 882/2097/2097 863/2112/2112 881/2113/2113
f 882/2097/2097 881/2113/2113 894/2096/2096
f 894/2096/2096 881/2113/2113 893/2114/2114
f 894/2096/2096 893/2114/2114 902/2095/2095
f 902/2095/2095 893/2114/2114 901/2115/2115
f 902/2095/2095 901/2115/2115 910/2094/2094
f 910/2094/2094 901/2115/2115 909/2116/2116
f 910/2094/2094 909/2116/2116 922/2093/2093
f 922/2093/2093 909/2116/2116 921/2117/2117
f 922/2093/2093 921/2117/2117 930/2092/2092
f 930/2092/2092 921/2117/2117 929/2118/2118
f 930/2092/2092 929/2118/2118 938/2091/2091
f 938/2091/2091 929/2118/2118 937/2119/2119
f 938/2091/2091 937/2119/2119 946/2090/2090
f 946/2090/2090 937/2119/2119 945/2120/2120
f 946/2090/2090 945/2120/2120 958/2089/2089
f 958/2089/2089 945/2120/2120 957/2121/2121
f 958/2089/2089 957/2121/2121 966/2088/2088
f 966/2088/2088 957/2121/2121 965/2122/2122
f 966/2088/2088 965/2122/2122 974/2087/2087
f 974/2087/2087 965/2122/2122 973/2123/2123
f 974/2087/2087 973/2123/2123 986/2086/2086
f 986/2086/2086 973/2123/2123 985/2124/2124
f 986/2086/2086 985/2124/2124 1004/2085/2085
f 1004/2085/2085 985/2124/2124 1003/2125/2125
f 1004/2085/2085 1003/2125/2125 1008/2084/2084
f 1008/2084/2084 1003/2125/2125 1007/2126/2126
f 1008/2084/2084 1007/2126/2126 1012/2083/2083
f 1012/2083/2083 1007/2126/2126 1011/2127/2127
f 1012/2083/2083 1011/2127/2127 1016/2082/2082
f 1016/2082/2082 1011/2127/2127 1015/2128/2128
f 1016/2082/2082 1015/2128/2128 1020/2081/2081
f 1020/2081/2081 1015/2128/2128 1019/2129/2129
f 1020/2081/2081 1019/2129/2129 1024/2080/2080
f 1024/2080/2080 1019/2129/2129 1023/2130/2130
f 1024/2080/2080 1023/2130/2130 1028/2079/2079
f 1028/2079/2079 1023/2130/2130 1027/2131/2131
f 1028/2079/2079 1027/2131/2131 1032/2078/2078
f 1032/2078/2078 1027/2131/2131 1031/2132/2132
f 1032/2078/2078 1031/2132/2132 1030/2077/2077
f 1030/2077/2077 1031/2132/2132 1029/2133/2133
f 1030/2077/2077 1029/2133/2133 1026/2076/2076
f 1026/2076/2076 1029/2133/2133 1025/2134/2134
f 1026/2076/2076 1025/2134/2134 1022/2075/2075
f 1022/2075/2075 1025/2134/2134 1021/2135/2135
f 1022/2075/2075 1021/2135/2135 1018/2074/2074
f 1018/2074/2074 1021/2135/2135 1017/2136/2136
f 1018/2074/2074 1017/2136/2136 1014/2073/2073
f 1014/2073/2073 1017/2136/2136 1013/2137/2137
f 1014/2073/2073 1013/2137/2137 1010/2072/2072
f 1010/2072/2072 1013/2137/2137 1009/2138/2138
f 1010/2072/2072 1009/2138/2138 1006/2071/2071
f 1006/2071/2071 1009/2138/2138 1005/2139/2139
f 1006/2071/2071 1005/2139/2139 988/2070/2070
f 988/2070/2070 1005/2139/2139 987/2140/2140
f 988/2070/2070 987/2140/2140 976/2069/2069
f 976/2069/2069 987/2140/2140 975/2141/2141
f 976/2069/2069 975/2141/2141 968/2068/2068
f 968/2068/2068 975/2141/2141 967/2142/2142
f 968/2068/2068 967/2142/2142 960/2067/2067
f 960/2067/2067 967/2142/2142 959/2143/2143
f 960/2067/2067 959/2143/2143 948/2066/2066
f 948/2066/2066 959/2143/2143 947/2144/2144
f 948/2066/2066 947/2144/2144 940/2065/2065
f 940/2065/2065 947/2144/2144 939/2145/2145
f 940/2065/2065 939/2145/2145 932/2064/2064
f 932/2064/2064 939/2145/2145 931/2146/2146
f 932/2064/2064 931/2146/2146 924/2063/2063
f 924/2063/2063 931/2146/2146 923/2147/2147
f 924/2063/2063 923/2147/2147 912/2062/2062
f 912/2062/2062 923/2147/2147 911/2148/2148
f 912/2062/2062 911/2148/2148 904/2061/2061
f 904/2061/2061 911/2148/2148 903/2149/2149
f 904/2061/2061 903/2149/2149 896/2060/2060
f 896/2060/2060 903/2149/2149 895/2150/2150
f 896/2060/2060 895/2150/2150 884/2059/2059
f 884/2059/2059 895/2150/2150 883/2151/2151
f 884/2059/2059 883/2151/2151 866/2058/2058
f 866/2058/2058 883/2151/2151 865/2152/2152
f 866/2058/2058 865/2152/2152 862/2057/2057
f 862/2057/2057 865/2152/2152 861/2153/2153
f 862/2057/2057 861/2153/2153 858/2056/2056
f 858/2056/2056 861/2153/2153 857/2154/2154
f 858/2056/2056 857/2154/2154 854/2055/2055
f 854/2055/2055 857/2154/2154 853/2155/2155
f 854/2055/2055 853/2155/2155 850/2054/2054
f 850/2054/2054 853/2155/2155 849/2156/2156
f 850/2054/2054 849/2156/2156 846/2053/2053
f 846/2053/2053 849/2156/2156 845/2157/2157
f 846/2053/2053 845/2157/2157 842/2052/2052
f 842/2052/2052 845/2157/2157 841/2158/2158
f 842/2214/2214 838/2161/2161 868/2215/2215
f 868/2215/2215 838/2161/2161 840/2162/2162
f 868/2215/2215 840/2162/2162 870/2258/2258
f 870/2258/2258 840/2162/2162 844/2163/2163
f 870/2258/2258 844/2163/2163 874/2257/2257
f 874/2257/2257 844/2163/2163 848/2164/2164
f 874/2257/2257 848/2164/2164 878/2256/2256
f 878/2256/2256 848/2164/2164 852/2165/2165
f 878/2256/2256 852/2165/2165 886/2255/2255
f 886/2255/2255 852/2165/2165 856/2166/2166
f 886/2255/2255 856/2166/2166 860/2167/2167
f 886/2255/2255 860/2167/2167 890/2254/2254
f 890/2254/2254 860/2167/2167 864/2168/2168
f 890/2254/2254 864/2168/2168 898/2253/2253
f 898/2253/2253 864/2168/2168 882/2169/2169
f 898/2253/2253 882/2169/2169 906/2252/2252
f 906/2252/2252 882/2169/2169 894/2170/2170
f 906/2252/2252 894/2170/2170 914/2251/2251
f 914/2251/2251 894/2170/2170 902/2171/2171
f 914/2251/2251 902/2171/2171 918/2250/2250
f 918/2250/2250 902/2171/2171 910/2172/2172
f 918/2250/2250 910/2172/2172 922/2173/2173
f 918/2250/2250 922/2173/2173 926/2249/2249
f 926/2249/2249 922/2173/2173 930/2174/2174
f 926/2249/2249 930/2174/2174 934/2248/2248
f 934/2248/2248 930/2174/2174 938/2175/2175
f 934/2248/2248 938/2175/2175 942/2247/2247
f 942/2247/2247 938/2175/2175 946/2176/2176
f 942/2247/2247 946/2176/2176 950/2246/2246
f 950/2246/2246 946/2176/2176 958/2177/2177
f 950/2246/2246 958/2177/2177 966/2178/2178
f 950/2246/2246 966/2178/2178 954/2245/2245
f 954/2245/2245 966/2178/2178 974/2179/2179
f 954/2245/2245 974/2179/2179 962/2244/2244
f 962/2244/2244 974/2179/2179 986/2180/2180
f 962/2244/2244 986/2180/2180 970/2243/2243
f 970/2243/2243 986/2180/2180 1004/2181/2181
f 970/2243/2243 1004/2181/2181 978/2242/2242
f 978/2242/2242 1004/2181/2181 1008/2182/2182
f 978/2242/2242 1008/2182/2182 982/2241/2241
f 982/2241/2241 1008/2182/2182 1012/2183/2183
f 982/2241/2241 1012/2183/2183 1016/2184/2184
f 982/2241/2241 1016/2184/2184 990/2240/2240
f 990/2240/2240 1016/2184/2184 1020/2185/2185
f 990/2240/2240 1020/2185/2185 994/2239/2239
f 994/2239/2239 1020/2185/2185 1024/2186/2186
f 994/2239/2239 1024/2186/2186 998/2238/2238
f 998/2238/2238 1024/2186/2186 1028/2187/2187
f 998/2238/2238 1028/2187/2187 1002/2237/2237
f 1002/2237/2237 1028/2187/2187 1032/2188/2188
f 1002/2237/2237 1032/2188/2188 1030/2189/2189
f 1002/2237/2237 1030/2189/2189 1000/2236/2236
f 1000/2236/2236 1030/2189/2189 1026/2190/2190
f 1000/2236/2236 1026/2190/2190 996/2235/2235
f 996/2235/2235 1026/2190/2190 1022/2191/2191
f 996/2235/2235 1022/2191/2191 992/2234/2234
f 992/2234/2234 1022/2191/2191 1018/2192/2192
f 992/2234/2234 1018/2192/2192 984/2233/2233
f 984/2233/2233 1018/2192/2192 1014/2193/2193
f 984/2233/2233 1014/2193/2193 1010/2194/2194
f 984/2233/2233 1010/2194/2194 980/2232/2232
f 980/2232/2232 1010/2194/2194 1006/2195/2195
f 980/2232/2232 1006/2195/2195 972/2231/2231
f 972/2231/2231 1006/2195/2195 988/2196/2196
f 972/2231/2231 988/2196/2196 964/2230/2230
f 964/2230/2230 988/2196/2196 976/2197/2197
f 964/2230/2230 976/2197/2197 956/2229/2229
f 956/2229/2229 976/2197/2197 968/2198/2198
f 956/2229/2229 968/2198/2198 952/2228/2228
f 952/2228/2228 968/2198/2198 960/2199/2199
f 952/2228/2228 960/2199/2199 948/2200/2200
f 952/2228/2228 948/2200/2200 944/2227/2227
f 944/2227/2227 948/2200/2200 940/2201/2201
f 944/2227/2227 940/2201/2201 936/2226/2226
f 936/2226/2226 940/2201/2201 932/2202/2202
f 936/2226/2226 932/2202/2202 928/2225/2225
f 928/2225/2225 932/2202/2202 924/2203/2203
f 928/2225/2225 924/2203/2203 920/2224/2224
f 920/2224/2224 924/2203/2203 912/2204/2204
f 920/2224/2224 912/2204/2204 904/2205/2205
f 920/2224/2224 904/2205/2205 916/2223/2223
f 916/2223/2223 904/2205/2205 896/2206/2206
f 916/2223/2223 896/2206/2206 908/2222/2222
f 908/2222/2222 896/2206/2206 884/2207/2207
f 908/2222/2222 884/2207/2207 900/2221/2221
f 900/2221/2221 884/2207/2207 866/2208/2208
f 900/2221/2221 866/2208/2208 892/2220/2220
f 892/2220/2220 866/2208/2208 862/2209/2209
f 892/2220/2220 862/2209/2209 888/2219/2219
f 888/2219/2219 862/2209/2209 858/2210/2210
f 888/2219/2219 858/2210/2210 854/2211/2211
f 888/2219/2219 854/2211/2211 880/2218/2218
f 880/2218/2218 854/2211/2211 850/2212/2212
f 880/2218/2218 850/2212/2212 876/2217/2217
f 876/2217/2217 850/2212/2212 846/2213/2213
f 876/2217/2217 846/2213/2213 872/2216/2216
f 872/2216/2216 846/2213/2213 842/2214/2214
f 872/2216/2216 842/2214/2214 868/2215/2215
f 839/2312/2312 837/2259/2259 867/2313/2313
f 867/2313/2313 837/2259/2259 841/2260/2260
f 867/2313/2313 841/2260/2260 871/2356/2356
f 871/2356/2356 841/2260/2260 845/2261/2261
f 871/2356/2356 845/2261/2261 875/2355/2355
f 875/2355/2355 845/2261/2261 849/2262/2262
f 875/2355/2355 849/2262/2262 879/2354/2354
f 879/2354/2354 849/2262/2262 853/2263/2263
f 879/2354/2354 853/2263/2263 887/2353/2353
f 887/2353/2353 853/2263/2263 857/2264/2264
f 887/2353/2353 857/2264/2264 861/2265/2265
f 887/2353/2353 861/2265/2265 891/2352/2352
f 891/2352/2352 861/2265/2265 865/2266/2266
f 891/2352/2352 865/2266/2266 899/2351/2351
f 899/2351/2351 865/2266/2266 883/2267/2267
f 899/2351/2351 883/2267/2267 907/2350/2350
f 907/2350/2350 883/2267/2267 895/2268/2268
f 907/2350/2350 895/2268/2268 915/2349/2349
f 915/2349/2349 895/2268/2268 903/2269/2269
f 915/2349/2349 903/2269/2269 919/2348/2348
f 919/2348/2348 903/2269/2269 911/2270/2270
f 919/2348/2348 911/2270/2270 923/2271/2271
f 919/2348/2348 923/2271/2271 927/2347/2347
f 927/2347/2347 923/2271/2271 931/2272/2272
f 927/2347/2347 931/2272/2272 935/2346/2346
f 935/2346/2346 931/2272/2272 939/2273/2273
f 935/2346/2346 939/2273/2273 943/2345/2345
f 943/2345/2345 939/2273/2273 947/2274/2274
f 943/2345/2345 947/2274/2274 951/2344/2344
f 951/2344/2344 947/2274/2274 959/2275/2275
f 951/2344/2344 959/2275/2275 967/2276/2276
f 951/2344/2344 967/2276/2276 955/2343/2343
f 955/2343/2343 967/2276/2276 975/2277/2277
f 955/2343/2343 975/2277/2277 963/2342/2342
f 963/2342/2342 975/2277/2277 987/2278/2278
f 963/2342/2342 987/2278/2278 971/2341/2341
f 971/2341/2341 987/2278/2278 1005/2279/2279
f 971/2341/2341 1005/2279/2279 979/2340/2340
f 979/2340/2340 1005/2279/2279 1009/2280/2280
f 979/2340/2340 1009/2280/2280 983/2339/2339
f 983/2339/2339 1009/2280/2280 1013/2281/2281
f 983/2339/2339 1013/2281/2281 1017/2282/2282
f 983/2339/2339 1017/2282/2282 991/2338/2338
f 991/2338/2338 1017/2282/2282 1021/2283/2283
f 991/2338/2338 1021/2283/2283 995/2337/2337
f 995/2337/2337 1021/2283/2283 1025/2284/2284
f 995/2337/2337 1025/2284/2284 999/2336/2336
f 999/2336/2336 1025/2284/2284 1029/2285/2285
f 999/2336/2336 1029/2285/2285 1001/2335/2335
f 1001/2335/2335 1029/2285/2285 1031/2286/2286
f 1001/2335/2335 1031/2286/2286 1027/2287/2287
f 1001/2335/2335 1027/2287/2287 997/2334/2334
f 997/2334/2334 1027/2287/2287 1023/2288/2288
f 997/2334/2334 1023/2288/2288 993/2333/2333
f 993/2333/2333 1023/2288/2288 1019/2289/2289
f 993/2333/2333 1019/2289/2289 989/2332/2332
f 989/2332/2332 1019/2289/2289 1015/2290/2290
f 989/2332/2332 1015/2290/2290 981/2331/2331
f 981/2331/2331 1015/2290/2290 1011/2291/2291
f 981/2331/2331 1011/2291/2291 1007/2292/2292
f 981/2331/2331 1007/2292/2292 977/2330/2330
f 977/2330/2330 1007/2292/2292 1003/2293/2293
f 977/2330/2330 1003/2293/2293 969/2329/2329
f 969/2329/2329 1003/2293/2293 985/2294/2294
f 969/2329/2329 985/2294/2294 961/2328/2328
f 961/2328/2328 985/2294/2294 973/2295/2295
f 961/2328/2328 973/2295/2295 953/2327/2327
f 953/2327/2327 973/2295/2295 965/2296/2296
f 953/2327/2327 965/2296/2296 949/2326/2326
f 949/2326/2326 965/2296/2296 957/2297/2297
f 949/2326/2326 957/2297/2297 945/2298/2298
f 949/2326/2326 945/2298/2298 941/2325/2325
f 941/2325/2325 945/2298/2298 937/2299/2299
f 941/2325/2325 937/2299/2299 933/2324/2324
f 933/2324/2324 937/2299/2299 929/2300/2300
f 933/2324/2324 929/2300/2300 925/2323/2323
f 925/2323/2323 929/2300/2300 921/2301/2301
f 925/2323/2323 921/2301/2301 917/2322/2322
f 917/2322/2322 921/2301/2301 909/2302/2302
f 917/2322/2322 909/2302/2302 901/2303/2303
f 917/2322/2322 901/2303/2303 913/2321/2321
f 913/2321/2321 901/2303/2303 893/2304/2304
f 913/2321/2321 893/2304/2304 905/2320/2320
f 905/2320/2320 893/2304/2304 881/2305/2305
f 905/2320/2320 881/2305/2305 897/2319/2319
f 897/2319/2319 881/2305/2305 863/2306/2306
f 897/2319/2319 863/2306/2306 889/2318/2318
f 889/2318/2318 863/2306/2306 859/2307/2307
f 889/2318/2318 859/2307/2307 885/2317/2317
f 885/2317/2317 859/2307/2307 855/2308/2308
f 885/2317/2317 855/2308/2308 851/2309/2309
f 885/2317/2317 851/2309/2309 877/2316/2316
f 877/2316/2316 851/2309/2309 847/2310/2310
f 877/2316/2316 847/2310/2310 873/2315/2315
f 873/2315/2315 847/2310/2310 843/2311/2311
f 873/2315/2315 843/2311/2311 869/2314/2314
f 869/2314/2314 843/2311/2311 839/2312/2312
f 869/2314/2314 839/2312/2312 867/2313/2313
g Solid18

v 0.009843 0.357882 -0.000000
v 0.009843 0.357882 0.059055
v 0.068898 0.357882 -0.000000
v 0.068898 0.357882 0.059055
v 0.039370 0.348040 -0.000000
v 0.039370 0.348040 0.059055
v 0.036569 0.347839 -0.000000
v 0.036569 0.347839 0.059055
v 0.042172 0.347839 -0.000000
v 0.042172 0.347839 0.059055
v 0.033824 0.347242 -0.000000
v 0.033824 0.347242 0.059055
v 0.044916 0.347242 -0.000000
v 0.044916 0.347242 0.059055
v 0.031193 0.346261 -0.000000
v 0.031193 0.346261 0.059055
v 0.047548 0.346261 -0.000000
v 0.047548 0.346261 0.059055
v 0.028728 0.344915 -0.000000
v 0.028728 0.344915 0.059055
v 0.050013 0.344915 -0.000000
v 0.050013 0.344915 0.059055
v 0.026479 0.343232 -0.000000
v 0.026479 0.343232 0.059055
v 0.052261 0.343232 -0.000000
v 0.052261 0.343232 0.059055
v 0.024493 0.341246 -0.000000
v 0.024493 0.341246 0.059055
v 0.054247 0.341246 -0.000000
v 0.054247 0.341246 0.059055
v 0.022810 0.338997 -0.000000
v 0.022810 0.338997 0.059055
v 0.055930 0.338997 -0.000000
v 0.055930 0.338997 0.059055
v 0.021464 0.336532 -0.000000
v 0.021464 0.336532 0.059055
v 0.057276 0.336532 -0.000000
v 0.057276 0.336532 0.059055
v 0.020482 0.333901 -0.000000
v 0.020482 0.333901 0.059055
v 0.058258 0.333901 -0.000000
v 0.058258 0.333901 0.059055
v 0.019885 0.331156 -0.000000
v 0.019885 0.331156 0.059055
v 0.058855 0.331156 -0.000000
v 0.058855 0.331156 0.059055
v 0.019685 0.328355 -0.000000
v 0.019685 0.328355 0.059055
v 0.059055 0.328355 -0.000000
v 0.059055 0.328355 0.059055
v 0.019885 0.325553 -0.000000
v 0.019885 0.325553 0.059055
v 0.058855 0.325553 -0.000000
v 0.058855 0.325553 0.059055
v 0.020482 0.322809 -0.000000
v 0.020482 0.322809 0.059055
v 0.058258 0.322809 -0.000000
v 0.058258 0.322809 0.059055
v 0.021464 0.320177 -0.000000
v 0.021464 0.320177 0.059055
v 0.057276 0.320177 -0.000000
v 0.057276 0.320177 0.059055
v 0.022810 0.317712 -0.000000
v 0.022810 0.317712 0.059055
v 0.055930 0.317712 -0.000000
v 0.055930 0.317712 0.059055
v 0.024493 0.315464 -0.000000
v 0.024493 0.315464 0.059055
v 0.054247 0.315464 -0.000000
v 0.054247 0.315464 0.059055
v 0.026479 0.313478 -0.000000
v 0.026479 0.313478 0.059055
v 0.052261 0.313478 -0.000000
v 0.052261 0.313478 0.059055
v 0.028728 0.311795 -0.000000
v 0.028728 0.311795 0.059055
v 0.050013 0.311795 -0.000000
v 0.050013 0.311795 0.059055
v 0.031193 0.310449 -0.000000
v 0.031193 0.310449 0.059055
v 0.047548 0.310449 -0.000000
v 0.047548 0.310449 0.059055
v 0.033824 0.309467 -0.000000
v 0.033824 0.309467 0.059055
v 0.044916 0.309467 -0.000000
v 0.044916 0.309467 0.059055
v 0.036569 0.308870 -0.000000
v 0.036569 0.308870 0.059055
v 0.042172 0.308870 -0.000000
v 0.042172 0.308870 0.059055
v 0.039370 0.308670 -0.000000
v 0.039370 0.308670 0.059055
v 0.009843 0.298827 -0.000000
v 0.009843 0.298827 0.059055
v 0.068898 0.298827 -0.000000
v 0.068898 0.298827 0.059055
vt 0.150000 0.150000 0.000000
vt 0.000000 0.150000 0.000000
vt 0.000000 0.000000 0.000000
vt 0.150000 0.000000 0.000000
vt 0.150000 0.150000 0.000000
vt 0.000000 0.150000 0.000000
vt 0.000000 0.000000 0.000000
vt 0.150000 0.000000 0.000000
vt 0.000000 0.157080 0.000000
vt 0.000000 0.149940 0.000000
vt 0.000000 0.142800 0.000000
vt 0.000000 0.135660 0.000000
vt 0.000000 0.128520 0.000000
vt 0.000000 0.121380 0.000000
vt 0.000000 0.114240 0.000000
vt 0.000000 0.107100 0.000000
vt 0.000000 0.099960 0.000000
vt 0.000000 0.092820 0.000000
vt 0.000000 0.085680 0.000000
vt 0.000000 0.078540 0.000000
vt 0.000000 0.071400 0.000000
vt 0.000000 0.064260 0.000000
vt 0.000000 0.057120 0.000000
vt 0.000000 0.049980 0.000000
vt 0.000000 0.042840 0.000000
vt 0.000000 0.035700 0.000000
vt 0.000000 0.028560 0.000000
vt 0.000000 0.021420 0.000000
vt 0.000000 0.014280 0.000000
vt 0.000000 0.007140 0.000000
vt 0.000000 0.000000 0.000000
vt 0.000000 -0.007140 0.000000
vt 0.000000 -0.014280 0.000000
vt 0.000000 -0.021420 0.000000
vt 0.000000 -0.028560 0.000000
vt 0.000000 -0.035700 0.000000
vt 0.000000 -0.042840 0.000000
vt 0.000000 -0.049980 0.000000
vt 0.000000 -0.057120 0.000000
vt 0.000000 -0.064260 0.000000
vt 0.000000 -0.071400 0.000000
vt 0.000000 -0.078540 0.000000
vt 0.000000 -0.085680 0.000000
vt 0.000000 -0.092820 0.000000
vt 0.000000 -0.099960 0.000000
vt 0.000000 -0.107100 0.000000
vt 0.000000 -0.114240 0.000000
vt 0.000000 -0.121380 0.000000
vt 0.000000 -0.128520 0.000000
vt 0.000000 -0.135660 0.000000
vt 0.000000 -0.142800 0.000000
vt 0.000000 -0.149940 0.000000
vt 0.150000 -0.157080 0.000000
vt 0.150000 -0.149940 0.000000
vt 0.150000 -0.142800 0.000000
vt 0.150000 -0.135660 0.000000
vt 0.150000 -0.128520 0.000000
vt 0.150000 -0.121380 0.000000
vt 0.150000 -0.114240 0.000000
vt 0.150000 -0.107100 0.000000
vt 0.150000 -0.099960 0.000000
vt 0.150000 -0.092820 0.000000
vt 0.150000 -0.085680 0.000000
vt 0.150000 -0.078540 0.000000
vt 0.150000 -0.071400 0.000000
vt 0.150000 -0.064260 0.000000
vt 0.150000 -0.057120 0.000000
vt 0.150000 -0.049980 0.000000
vt 0.150000 -0.042840 0.000000
vt 0.150000 -0.035700 0.000000
vt 0.150000 -0.028560 0.000000
vt 0.150000 -0.021420 0.000000
vt 0.150000 -0.014280 0.000000
vt 0.150000 -0.007140 0.000000
vt 0.150000 0.000000 0.000000
vt 0.150000 0.007140 0.000000
vt 0.150000 0.014280 0.000000
vt 0.150000 0.021420 0.000000
vt 0.150000 0.028560 0.000000
vt 0.150000 0.035700 0.000000
vt 0.150000 0.042840 0.000000
vt 0.150000 0.049980 0.000000
vt 0.150000 0.057120 0.000000
vt 0.150000 0.064260 0.000000
vt 0.150000 0.071400 0.000000
vt 0.150000 0.078540 0.000000
vt 0.150000 0.085680 0.000000
vt 0.150000 0.092820 0.000000
vt 0.150000 0.099960 0.000000
vt 0.150000 0.107100 0.000000
vt 0.150000 0.114240 0.000000
vt 0.150000 0.121380 0.000000
vt 0.150000 0.128520 0.000000
vt 0.150000 0.135660 0.000000
vt 0.150000 0.142800 0.000000
vt 0.150000 0.149940 0.000000
vt 0.150000 0.157080 0.000000
vt 0.000000 -0.157080 0.000000
vt 0.150000 0.150000 0.000000
vt 0.000000 0.150000 0.000000
vt 0.000000 0.000000 0.000000
vt 0.150000 0.000000 0.000000
vt 0.150000 0.150000 0.000000
vt 0.000000 0.150000 0.000000
vt 0.000000 0.000000 0.000000
vt 0.150000 0.000000 0.000000
vt 0.075000 -0.075000 0.000000
vt 0.075000 0.075000 0.000000
vt -0.075000 0.075000 0.000000
vt -0.075000 -0.075000 0.000000
vt -0.050000 0.000000 0.000000
vt -0.049491 0.007116 0.000000
vt -0.047975 0.014087 0.000000
vt -0.045482 0.020771 0.000000
vt -0.042063 0.027032 0.000000
vt -0.037787 0.032743 0.000000
vt -0.032743 0.037787 0.000000
vt -0.027032 0.042063 0.000000
vt -0.020771 0.045482 0.000000
vt -0.014087 0.047975 0.000000
vt -0.007116 0.049491 0.000000
vt 0.000000 0.050000 0.000000
vt 0.007116 0.049491 0.000000
vt 0.014087 0.047975 0.000000
vt 0.020771 0.045482 0.000000
vt 0.027032 0.042063 0.000000
vt 0.032743 0.037787 0.000000
vt 0.037787 0.032743 0.000000
vt 0.042063 0.027032 0.000000
vt 0.045482 0.020771 0.000000
vt 0.047975 0.014087 0.000000
vt 0.049491 0.007116 0.000000
vt 0.050000 0.000000 0.000000
vt 0.049491 -0.007116 0.000000
vt 0.047975 -0.014087 0.000000
vt 0.045482 -0.020771 0.000000
vt 0.042063 -0.027032 0.000000
vt 0.037787 -0.032743 0.000000
vt 0.032743 -0.037787 0.000000
vt 0.027032 -0.042063 0.000000
vt 0.020771 -0.045482 0.000000
vt 0.014087 -0.047975 0.000000
vt 0.007116 -0.049491 0.000000
vt 0.000000 -0.050000 0.000000
vt -0.007116 -0.049491 0.000000
vt -0.014087 -0.047975 0.000000
vt -0.020771 -0.045482 0.000000
vt -0.027032 -0.042063 0.000000
vt -0.032743 -0.037787 0.000000
vt -0.037787 -0.032743 0.000000
vt -0.042063 -0.027032 0.000000
vt -0.045482 -0.020771 0.000000
vt -0.047975 -0.014087 0.000000
vt -0.049491 -0.007116 0.000000
vt 0.975000 -0.612500 0.000000
vt 0.825000 -0.612500 0.000000
vt 0.825000 -0.762500 0.000000
vt 0.975000 -0.762500 0.000000
vt 0.950000 -0.687500 0.000000
vt 0.949491 -0.694616 0.000000
vt 0.947975 -0.701587 0.000000
vt 0.945482 -0.708271 0.000000
vt 0.942063 -0.714532 0.000000
vt 0.937788 -0.720243 0.000000
vt 0.932743 -0.725287 0.000000
vt 0.927032 -0.729563 0.000000
vt 0.920771 -0.732982 0.000000
vt 0.914087 -0.735475 0.000000
vt 0.907116 -0.736991 0.000000
vt 0.900000 -0.737500 0.000000
vt 0.892884 -0.736991 0.000000
vt 0.885913 -0.735475 0.000000
vt 0.879229 -0.732982 0.000000
vt 0.872968 -0.729563 0.000000
vt 0.867257 -0.725287 0.000000
vt 0.862213 -0.720243 0.000000
vt 0.857937 -0.714532 0.000000
vt 0.854518 -0.708271 0.000000
vt 0.852025 -0.701587 0.000000
vt 0.850509 -0.694616 0.000000
vt 0.850000 -0.687500 0.000000
vt 0.850509 -0.680384 0.000000
vt 0.852025 -0.673413 0.000000
vt 0.854518 -0.666729 0.000000
vt 0.857937 -0.660468 0.000000
vt 0.862213 -0.654757 0.000000
vt 0.867257 -0.649713 0.000000
vt 0.872968 -0.645437 0.000000
vt 0.879229 -0.642018 0.000000
vt 0.885913 -0.639525 0.000000
vt 0.892884 -0.638009 0.000000
vt 0.900000 -0.637500 0.000000
vt 0.907116 -0.638009 0.000000
vt 0.914087 -0.639525 0.000000
vt 0.920771 -0.642018 0.000000
vt 0.927032 -0.645437 0.000000
vt 0.932743 -0.649713 0.000000
vt 0.937788 -0.654757 0.000000
vt 0.942063 -0.660468 0.000000
vt 0.945482 -0.666729 0.000000
vt 0.947975 -0.673413 0.000000
vt 0.949491 -0.680384 0.000000
vn -2.540000 -0.000000 -0.000000
vn -2.540000 -0.000000 -0.000000
vn -2.540000 -0.000000 -0.000000
vn -2.540000 -0.000000 -0.000000
vn 0.000000 -2.540000 0.000000
vn 0.000000 -2.540000 0.000000
vn 0.000000 -2.540000 0.000000
vn 0.000000 -2.540000 0.000000
vn 0.000000 -2.540000 0.000000
vn 0.361480 -2.514146 0.000000
vn 0.715601 -2.437112 0.000000
vn 1.055154 -2.310465 0.000000
vn 1.373228 -2.136784 0.000000
vn 1.663346 -1.919604 0.000000
vn 1.919604 -1.663346 0.000000
vn 2.136784 -1.373228 0.000000
vn 2.310465 -1.055154 0.000000
vn 2.437112 -0.715601 0.000000
vn 2.514146 -0.361480 0.000000
vn 2.540000 0.000000 0.000000
vn 2.514146 0.361480 0.000000
vn 2.437112 0.715601 0.000000
vn 2.310465 1.055154 0.000000
vn 2.136784 1.373228 0.000000
vn 1.919604 1.663346 0.000000
vn 1.663346 1.919604 0.000000
vn 1.373228 2.136784 0.000000
vn 1.055154 2.310465 0.000000
vn 0.715601 2.437112 0.000000
vn 0.361480 2.514146 0.000000
vn 0.000000 2.540000 -0.000000
vn -0.361480 2.514146 -0.000000
vn -0.715601 2.437112 -0.000000
vn -1.055154 2.310465 -0.000000
vn -1.373228 2.136784 -0.000000
vn -1.663346 1.919604 -0.000000
vn -1.919604 1.663346 -0.000000
vn -2.136784 1.373228 -0.000000
vn -2.310465 1.055154 -0.000000
vn -2.437112 0.715601 -0.000000
vn -2.514146 0.361480 -0.000000
vn -2.540000 -0.000000 -0.000000
vn -2.514146 -0.361480 -0.000000
vn -2.437112 -0.715601 -0.000000
vn -2.310465 -1.055154 -0.000000
vn -2.136784 -1.373228 -0.000000
vn -1.919604 -1.663346 -0.000000
vn -1.663346 -1.919604 -0.000000
vn -1.373228 -2.136784 -0.000000
vn -1.055154 -2.310465 -0.000000
vn -0.715601 -2.437112 -0.000000
vn -0.361480 -2.514146 -0.000000
vn 0.000000 -2.540000 0.000000
vn -0.361480 -2.514146 -0.000000
vn -0.715601 -2.437112 -0.000000
vn -1.055154 -2.310465 -0.000000
vn -1.373228 -2.136784 -0.000000
vn -1.663346 -1.919604 -0.000000
vn -1.919604 -1.663346 -0.000000
vn -2.136784 -1.373228 -0.000000
vn -2.310465 -1.055154 -0.000000
vn -2.437112 -0.715601 -0.000000
vn -2.514146 -0.361480 -0.000000
vn -2.540000 -0.000000 -0.000000
vn -2.514146 0.361480 -0.000000
vn -2.437112 0.715601 -0.000000
vn -2.310465 1.055154 -0.000000
vn -2.136784 1.373228 -0.000000
vn -1.919604 1.663346 -0.000000
vn -1.663346 1.919604 -0.000000
vn -1.373228 2.136784 -0.000000
vn -1.055154 2.310465 -0.000000
vn -0.715601 2.437112 -0.000000
vn -0.361480 2.514146 -0.000000
vn 0.000000 2.540000 -0.000000
vn 0.361480 2.514146 0.000000
vn 0.715601 2.437112 0.000000
vn 1.055154 2.310465 0.000000
vn 1.373228 2.136784 0.000000
vn 1.663346 1.919604 0.000000
vn 1.919604 1.663346 0.000000
vn 2.136784 1.373228 0.000000
vn 2.310465 1.055154 0.000000
vn 2.437112 0.715601 0.000000
vn 2.514146 0.361480 0.000000
vn 2.540000 0.000000 0.000000
vn 2.514146 -0.361480 0.000000
vn 2.437112 -0.715601 0.000000
vn 2.310465 -1.055154 0.000000
vn 2.136784 -1.373228 0.000000
vn 1.919604 -1.663346 0.000000
vn 1.663346 -1.919604 0.000000
vn 1.373228 -2.136784 0.000000
vn 1.055154 -2.310465 0.000000
vn 0.715601 -2.437112 0.000000
vn 0.361480 -2.514146 0.000000
vn 0.000000 -2.540000 0.000000
vn 0.000000 -2.540000 0.000000
vn 2.540000 0.000000 0.000000
vn 2.540000 0.000000 0.000000
vn 2.540000 0.000000 0.000000
vn 2.540000 0.000000 0.000000
vn 0.000000 2.540000 -0.000000
vn 0.000000 2.540000 -0.000000
vn 0.000000 2.540000 -0.000000
vn 0.000000 2.540000 -0.000000
vn -0.000000 0.000000 2.540000
vn -0.000000 0.000000 2.540000
vn -0.000000 0.000000 2.540000
vn -0.000000 0.000000 2.540000
vn -0.000000 0.000000 2.540000
vn -0.000000 0.000000 2.540000
vn -0.000000 0.000000 2.540000
vn -0.000000 0.000000 2.540000
vn -0.000000 0.000000 2.540000
vn -0.000000 0.000000 2.540000
vn -0.000000 0.000000 2.540000
vn -0.000000 0.000000 2.540000
vn -0.000000 0.000000 2.540000
vn -0.000000 0.000000 2.540000
vn -0.000000 0.000000 2.540000
vn -0.000000 0.000000 2.540000
vn -0.000000 0.000000 2.540000
vn -0.000000 0.000000 2.540000
vn -0.000000 0.000000 2.540000
vn -0.000000 0.000000 2.540000
vn -0.000000 0.000000 2.540000
vn -0.000000 0.000000 2.540000
vn -0.000000 0.000000 2.540000
vn -0.000000 0.000000 2.540000
vn -0.000000 0.000000 2.540000
vn -0.000000 0.000000 2.540000
vn -0.000000 0.000000 2.540000
vn -0.000000 0.000000 2.540000
vn -0.000000 0.000000 2.540000
vn -0.000000 0.000000 2.540000
vn -0.000000 0.000000 2.540000
vn -0.000000 0.000000 2.540000
vn -0.000000 0.000000 2.540000
vn -0.000000 0.000000 2.540000
vn -0.000000 0.000000 2.540000
vn -0.000000 0.000000 2.540000
vn -0.000000 0.000000 2.540000
vn -0.000000 0.000000 2.540000
vn -0.000000 0.000000 2.540000
vn -0.000000 0.000000 2.540000
vn -0.000000 0.000000 2.540000
vn -0.000000 0.000000 2.540000
vn -0.000000 0.000000 2.540000
vn -0.000000 0.000000 2.540000
vn -0.000000 0.000000 2.540000
vn -0.000000 0.000000 2.540000
vn -0.000000 0.000000 2.540000
vn -0.000000 0.000000 2.540000
vn 0.000000 -0.000000 -2.540000
vn 0.000000 -0.000000 -2.540000
vn 0.000000 -0.000000 -2.540000
vn 0.000000 -0.000000 -2.540000
vn 0.000000 -0.000000 -2.540000
vn 0.000000 -0.000000 -2.540000
vn 0.000000 -0.000000 -2.540000
vn 0.000000 -0.000000 -2.540000
vn 0.000000 -0.000000 -2.540000
vn 0.000000 -0.000000 -2.540000
vn 0.000000 -0.000000 -2.540000
vn 0.000000 -0.000000 -2.540000
vn 0.000000 -0.000000 -2.540000
vn 0.000000 -0.000000 -2.540000
vn 0.000000 -0.000000 -2.540000
vn 0.000000 -0.000000 -2.540000
vn 0.000000 -0.000000 -2.540000
vn 0.000000 -0.000000 -2.540000
vn 0.000000 -0.000000 -2.540000
vn 0.000000 -0.000000 -2.540000
vn 0.000000 -0.000000 -2.540000
vn 0.000000 -0.000000 -2.540000
vn 0.000000 -0.000000 -2.540000
vn 0.000000 -0.000000 -2.540000
vn 0.000000 -0.000000 -2.540000
vn 0.000000 -0.000000 -2.540000
vn 0.000000 -0.000000 -2.540000
vn 0.000000 -0.000000 -2.540000
vn 0.000000 -0.000000 -2.540000
vn 0.000000 -0.000000 -2.540000
vn 0.000000 -0.000000 -2.540000
vn 0.000000 -0.000000 -2.540000
vn 0.000000 -0.000000 -2.540000
vn 0.000000 -0.000000 -2.540000
vn 0.000000 -0.000000 -2.540000
vn 0.000000 -0.000000 -2.540000
vn 0.000000 -0.000000 -2.540000
vn 0.000000 -0.000000 -2.540000
vn 0.000000 -0.000000 -2.540000
vn 0.000000 -0.000000 -2.540000
vn 0.000000 -0.000000 -2.540000
vn 0.000000 -0.000000 -2.540000
vn 0.000000 -0.000000 -2.540000
vn 0.000000 -0.000000 -2.540000
vn 0.000000 -0.000000 -2.540000
vn 0.000000 -0.000000 -2.540000
vn 0.000000 -0.000000 -2.540000
vn 0.000000 -0.000000 -2.540000
f 1033/2357/2357 1125/2358/2358 1034/2360/2360
f 1034/2360/2360 1125/2358/2358 1126/2359/2359
f 1125/2361/2361 1127/2362/2362 1126/2364/2364
f 1126/2364/2364 1127/2362/2362 1128/2363/2363
f 1040/2366/2366 1039/2452/2452 1038/2365/2365
f 1038/2365/2365 1039/2452/2452 1037/2453/2453
f 1038/2454/2454 1037/2409/2409 1042/2408/2408
f 1042/2408/2408 1037/2409/2409 1041/2410/2410
f 1042/2408/2408 1041/2410/2410 1046/2407/2407
f 1046/2407/2407 1041/2410/2410 1045/2411/2411
f 1046/2407/2407 1045/2411/2411 1050/2406/2406
f 1050/2406/2406 1045/2411/2411 1049/2412/2412
f 1050/2406/2406 1049/2412/2412 1054/2405/2405
f 1054/2405/2405 1049/2412/2412 1053/2413/2413
f 1054/2405/2405 1053/2413/2413 1058/2404/2404
f 1058/2404/2404 1053/2413/2413 1057/2414/2414
f 1058/2404/2404 1057/2414/2414 1062/2403/2403
f 1062/2403/2403 1057/2414/2414 1061/2415/2415
f 1062/2403/2403 1061/2415/2415 1066/2402/2402
f 1066/2402/2402 1061/2415/2415 1065/2416/2416
f 1066/2402/2402 1065/2416/2416 1070/2401/2401
f 1070/2401/2401 1065/2416/2416 1069/2417/2417
f 1070/2401/2401 1069/2417/2417 1074/2400/2400
f 1074/2400/2400 1069/2417/2417 1073/2418/2418
f 1074/2400/2400 1073/2418/2418 1078/2399/2399
f 1078/2399/2399 1073/2418/2418 1077/2419/2419
f 1078/2399/2399 1077/2419/2419 1082/2398/2398
f 1082/2398/2398 1077/2419/2419 1081/2420/2420
f 1082/2398/2398 1081/2420/2420 1086/2397/2397
f 1086/2397/2397 1081/2420/2420 1085/2421/2421
f 1086/2397/2397 1085/2421/2421 1090/2396/2396
f 1090/2396/2396 1085/2421/2421 1089/2422/2422
f 1090/2396/2396 1089/2422/2422 1094/2395/2395
f 1094/2395/2395 1089/2422/2422 1093/2423/2423
f 1094/2395/2395 1093/2423/2423 1098/2394/2394
f 1098/2394/2394 1093/2423/2423 1097/2424/2424
f 1098/2394/2394 1097/2424/2424 1102/2393/2393
f 1102/2393/2393 1097/2424/2424 1101/2425/2425
f 1102/2393/2393 1101/2425/2425 1106/2392/2392
f 1106/2392/2392 1101/2425/2425 1105/2426/2426
f 1106/2392/2392 1105/2426/2426 1110/2391/2391
f 1110/2391/2391 1105/2426/2426 1109/2427/2427
f 1110/2391/2391 1109/2427/2427 1114/2390/2390
f 1114/2390/2390 1109/2427/2427 1113/2428/2428
f 1114/2390/2390 1113/2428/2428 1118/2389/2389
f 1118/2389/2389 1113/2428/2428 1117/2429/2429
f 1118/2389/2389 1117/2429/2429 1122/2388/2388
f 1122/2388/2388 1117/2429/2429 1121/2430/2430
f 1122/2388/2388 1121/2430/2430 1124/2387/2387
f 1124/2387/2387 1121/2430/2430 1123/2431/2431
f 1124/2387/2387 1123/2431/2431 1120/2386/2386
f 1120/2386/2386 1123/2431/2431 1119/2432/2432
f 1120/2386/2386 1119/2432/2432 1116/2385/2385
f 1116/2385/2385 1119/2432/2432 1115/2433/2433
f 1116/2385/2385 1115/2433/2433 1112/2384/2384
f 1112/2384/2384 1115/2433/2433 1111/2434/2434
f 1112/2384/2384 1111/2434/2434 1108/2383/2383
f 1108/2383/2383 1111/2434/2434 1107/2435/2435
f 1108/2383/2383 1107/2435/2435 1104/2382/2382
f 1104/2382/2382 1107/2435/2435 1103/2436/2436
f 1104/2382/2382 1103/2436/2436 1100/2381/2381
f 1100/2381/2381 1103/2436/2436 1099/2437/2437
f 1100/2381/2381 1099/2437/2437 1096/2380/2380
f 1096/2380/2380 1099/2437/2437 1095/2438/2438
f 1096/2380/2380 1095/2438/2438 1092/2379/2379
f 1092/2379/2379 1095/2438/2438 1091/2439/2439
f 1092/2379/2379 1091/2439/2439 1088/2378/2378
f 1088/2378/2378 1091/2439/2439 1087/2440/2440
f 1088/2378/2378 1087/2440/2440 1084/2377/2377
f 1084/2377/2377 1087/2440/2440 1083/2441/2441
f 1084/2377/2377 1083/2441/2441 1080/2376/2376
f 1080/2376/2376 1083/2441/2441 1079/2442/2442
f 1080/2376/2376 1079/2442/2442 1076/2375/2375
f 1076/2375/2375 1079/2442/2442 1075/2443/2443
f 1076/2375/2375 1075/2443/2443 1072/2374/2374
f 1072/2374/2374 1075/2443/2443 1071/2444/2444
f 1072/2374/2374 1071/2444/2444 1068/2373/2373
f 1068/2373/2373 1071/2444/2444 1067/2445/2445
f 1068/2373/2373 1067/2445/2445 1064/2372/2372
f 1064/2372/2372 1067/2445/2445 1063/2446/2446
f 1064/2372/2372 1063/2446/2446 1060/2371/2371
f 1060/2371/2371 1063/2446/2446 1059/2447/2447
f 1060/2371/2371 1059/2447/2447 1056/2370/2370
f 1056/2370/2370 1059/2447/2447 1055/2448/2448
f 1056/2370/2370 1055/2448/2448 1052/2369/2369
f 1052/2369/2369 1055/2448/2448 1051/2449/2449
f 1052/2369/2369 1051/2449/2449 1048/2368/2368
f 1048/2368/2368 1051/2449/2449 1047/2450/2450
f 1048/2368/2368 1047/2450/2450 1044/2367/2367
f 1044/2367/2367 1047/2450/2450 1043/2451/2451
f 1044/2367/2367 1043/2451/2451 1040/2366/2366
f 1040/2366/2366 1043/2451/2451 1039/2452/2452
f 1127/2455/2455 1035/2456/2456 1128/2458/2458
f 1128/2458/2458 1035/2456/2456 1036/2457/2457
f 1035/2459/2459 1033/2460/2460 1036/2462/2462
f 1036/2462/2462 1033/2460/2460 1034/2461/2461
f 1128/2464/2464 1124/2489/2489 1126/2463/2463
f 1126/2463/2463 1124/2489/2489 1120/2490/2490
f 1126/2463/2463 1120/2490/2490 1116/2491/2491
f 1036/2465/2465 1082/2478/2478 1128/2464/2464
f 1128/2464/2464 1082/2478/2478 1086/2479/2479
f 1128/2464/2464 1086/2479/2479 1090/2480/2480
f 1034/2466/2466 1038/2467/2467 1036/2465/2465
f 1036/2465/2465 1038/2467/2467 1042/2468/2468
f 1036/2465/2465 1042/2468/2468 1046/2469/2469
f 1126/2463/2463 1080/2500/2500 1034/2466/2466
f 1034/2466/2466 1080/2500/2500 1076/2501/2501
f 1034/2466/2466 1076/2501/2501 1072/2502/2502
f 1046/2469/2469 1050/2470/2470 1036/2465/2465
f 1036/2465/2465 1050/2470/2470 1054/2471/2471
f 1036/2465/2465 1054/2471/2471 1058/2472/2472
f 1058/2472/2472 1062/2473/2473 1036/2465/2465
f 1036/2465/2465 1062/2473/2473 1066/2474/2474
f 1036/2465/2465 1066/2474/2474 1070/2475/2475
f 1070/2475/2475 1074/2476/2476 1036/2465/2465
f 1036/2465/2465 1074/2476/2476 1078/2477/2477
f 1036/2465/2465 1078/2477/2477 1082/2478/2478
f 1090/2480/2480 1094/2481/2481 1128/2464/2464
f 1128/2464/2464 1094/2481/2481 1098/2482/2482
f 1128/2464/2464 1098/2482/2482 1102/2483/2483
f 1102/2483/2483 1106/2484/2484 1128/2464/2464
f 1128/2464/2464 1106/2484/2484 1110/2485/2485
f 1128/2464/2464 1110/2485/2485 1114/2486/2486
f 1114/2486/2486 1118/2487/2487 1128/2464/2464
f 1128/2464/2464 1118/2487/2487 1122/2488/2488
f 1128/2464/2464 1122/2488/2488 1124/2489/2489
f 1116/2491/2491 1112/2492/2492 1126/2463/2463
f 1126/2463/2463 1112/2492/2492 1108/2493/2493
f 1126/2463/2463 1108/2493/2493 1104/2494/2494
f 1104/2494/2494 1100/2495/2495 1126/2463/2463
f 1126/2463/2463 1100/2495/2495 1096/2496/2496
f 1126/2463/2463 1096/2496/2496 1092/2497/2497
f 1092/2497/2497 1088/2498/2498 1126/2463/2463
f 1126/2463/2463 1088/2498/2498 1084/2499/2499
f 1126/2463/2463 1084/2499/2499 1080/2500/2500
f 1072/2502/2502 1068/2503/2503 1034/2466/2466
f 1034/2466/2466 1068/2503/2503 1064/2504/2504
f 1034/2466/2466 1064/2504/2504 1060/2505/2505
f 1060/2505/2505 1056/2506/2506 1034/2466/2466
f 1034/2466/2466 1056/2506/2506 1052/2507/2507
f 1034/2466/2466 1052/2507/2507 1048/2508/2508
f 1048/2508/2508 1044/2509/2509 1034/2466/2466
f 1034/2466/2466 1044/2509/2509 1040/2510/2510
f 1034/2466/2466 1040/2510/2510 1038/2467/2467
f 1127/2512/2512 1081/2548/2548 1035/2511/2511
f 1035/2511/2511 1081/2548/2548 1077/2549/2549
f 1035/2511/2511 1077/2549/2549 1073/2550/2550
f 1125/2513/2513 1123/2537/2537 1127/2512/2512
f 1127/2512/2512 1123/2537/2537 1121/2538/2538
f 1127/2512/2512 1121/2538/2538 1117/2539/2539
f 1033/2514/2514 1079/2526/2526 1125/2513/2513
f 1125/2513/2513 1079/2526/2526 1083/2527/2527
f 1125/2513/2513 1083/2527/2527 1087/2528/2528
f 1035/2511/2511 1037/2515/2515 1033/2514/2514
f 1033/2514/2514 1037/2515/2515 1039/2516/2516
f 1033/2514/2514 1039/2516/2516 1043/2517/2517
f 1043/2517/2517 1047/2518/2518 1033/2514/2514
f 1033/2514/2514 1047/2518/2518 1051/2519/2519
f 1033/2514/2514 1051/2519/2519 1055/2520/2520
f 1055/2520/2520 1059/2521/2521 1033/2514/2514
f 1033/2514/2514 1059/2521/2521 1063/2522/2522
f 1033/2514/2514 1063/2522/2522 1067/2523/2523
f 1067/2523/2523 1071/2524/2524 1033/2514/2514
f 1033/2514/2514 1071/2524/2524 1075/2525/2525
f 1033/2514/2514 1075/2525/2525 1079/2526/2526
f 1087/2528/2528 1091/2529/2529 1125/2513/2513
f 1125/2513/2513 1091/2529/2529 1095/2530/2530
f 1125/2513/2513 1095/2530/2530 1099/2531/2531
f 1099/2531/2531 1103/2532/2532 1125/2513/2513
f 1125/2513/2513 1103/2532/2532 1107/2533/2533
f 1125/2513/2513 1107/2533/2533 1111/2534/2534
f 1111/2534/2534 1115/2535/2535 1125/2513/2513
f 1125/2513/2513 1115/2535/2535 1119/2536/2536
f 1125/2513/2513 1119/2536/2536 1123/2537/2537
f 1117/2539/2539 1113/2540/2540 1127/2512/2512
f 1127/2512/2512 1113/2540/2540 1109/2541/2541
f 1127/2512/2512 1109/2541/2541 1105/2542/2542
f 1105/2542/2542 1101/2543/2543 1127/2512/2512
f 1127/2512/2512 1101/2543/2543 1097/2544/2544
f 1127/2512/2512 1097/2544/2544 1093/2545/2545
f 1093/2545/2545 1089/2546/2546 1127/2512/2512
f 1127/2512/2512 1089/2546/2546 1085/2547/2547
f 1127/2512/2512 1085/2547/2547 1081/2548/2548
f 1073/2550/2550 1069/2551/2551 1035/2511/2511
f 1035/2511/2511 1069/2551/2551 1065/2552/2552
f 1035/2511/2511 1065/2552/2552 1061/2553/2553
f 1061/2553/2553 1057/2554/2554 1035/2511/2511
f 1035/2511/2511 1057/2554/2554 1053/2555/2555
f 1035/2511/2511 1053/2555/2555 1049/2556/2556
f 1049/2556/2556 1045/2557/2557 1035/2511/2511
f 1035/2511/2511 1045/2557/2557 1041/2558/2558
f 1035/2511/2511 1041/2558/2558 1037/2515/2515
g Solid19

v 0.039370 -0.047067 -0.000000
v 0.039370 -0.047067 0.059055
v 0.035942 -0.047267 -0.000000
v 0.035942 -0.047267 0.059055
v 0.042798 -0.047267 -0.000000
v 0.042798 -0.047267 0.059055
v 0.032561 -0.047863 -0.000000
v 0.032561 -0.047863 0.059055
v 0.046180 -0.047863 -0.000000
v 0.046180 -0.047863 0.059055
v 0.029271 -0.048848 -0.000000
v 0.029271 -0.048848 0.059055
v 0.049469 -0.048848 -0.000000
v 0.049469 -0.048848 0.059055
v 0.026118 -0.050208 -0.000000
v 0.026118 -0.050208 0.059055
v 0.052622 -0.050208 -0.000000
v 0.052622 -0.050208 0.059055
v 0.023144 -0.051925 -0.000000
v 0.023144 -0.051925 0.059055
v 0.055596 -0.051925 -0.000000
v 0.055596 -0.051925 0.059055
v 0.020390 -0.053975 -0.000000
v 0.020390 -0.053975 0.059055
v 0.058350 -0.053975 -0.000000
v 0.058350 -0.053975 0.059055
v 0.017893 -0.056332 -0.000000
v 0.017893 -0.056332 0.059055
v 0.060848 -0.056332 -0.000000
v 0.060848 -0.056332 0.059055
v 0.039370 -0.056910 -0.000000
v 0.039370 -0.056910 0.059055
v 0.036569 -0.057110 -0.000000
v 0.036569 -0.057110 0.059055
v 0.042172 -0.057110 -0.000000
v 0.042172 -0.057110 0.059055
v 0.033824 -0.057707 -0.000000
v 0.033824 -0.057707 0.059055
v 0.044916 -0.057707 -0.000000
v 0.044916 -0.057707 0.059055
v 0.031193 -0.058688 -0.000000
v 0.031193 -0.058688 0.059055
v 0.047548 -0.058688 -0.000000
v 0.047548 -0.058688 0.059055
v 0.015685 -0.058962 -0.000000
v 0.015685 -0.058962 0.059055
v 0.063055 -0.058962 -0.000000
v 0.063055 -0.058962 0.059055
v 0.028728 -0.060034 -0.000000
v 0.028728 -0.060034 0.059055
v 0.050013 -0.060034 -0.000000
v 0.050013 -0.060034 0.059055
v 0.026479 -0.061718 -0.000000
v 0.026479 -0.061718 0.059055
v 0.052261 -0.061718 -0.000000
v 0.052261 -0.061718 0.059055
v 0.013798 -0.061831 -0.000000
v 0.013798 -0.061831 0.059055
v 0.064942 -0.061831 -0.000000
v 0.064942 -0.061831 0.059055
v 0.024493 -0.063704 -0.000000
v 0.024493 -0.063704 0.059055
v 0.054247 -0.063704 -0.000000
v 0.054247 -0.063704 0.059055
v 0.012257 -0.064899 -0.000000
v 0.012257 -0.064899 0.059055
v 0.066483 -0.064899 -0.000000
v 0.066483 -0.064899 0.059055
v 0.022810 -0.065952 -0.000000
v 0.022810 -0.065952 0.059055
v 0.055930 -0.065952 -0.000000
v 0.055930 -0.065952 0.059055
v 0.011083 -0.068126 -0.000000
v 0.011083 -0.068126 0.059055
v 0.067657 -0.068126 -0.000000
v 0.067657 -0.068126 0.059055
v 0.021464 -0.068417 -0.000000
v 0.021464 -0.068417 0.059055
v 0.057276 -0.068417 -0.000000
v 0.057276 -0.068417 0.059055
v 0.020482 -0.071049 -0.000000
v 0.020482 -0.071049 0.059055
v 0.058258 -0.071049 -0.000000
v 0.058258 -0.071049 0.059055
v 0.010291 -0.071467 -0.000000
v 0.010291 -0.071467 0.059055
v 0.068449 -0.071467 -0.000000
v 0.068449 -0.071467 0.059055
v 0.019885 -0.073793 -0.000000
v 0.019885 -0.073793 0.059055
v 0.058855 -0.073793 -0.000000
v 0.058855 -0.073793 0.059055
v 0.009892 -0.074878 -0.000000
v 0.009892 -0.074878 0.059055
v 0.068848 -0.074878 -0.000000
v 0.068848 -0.074878 0.059055
v 0.019685 -0.076595 -0.000000
v 0.019685 -0.076595 0.059055
v 0.059055 -0.076595 -0.000000
v 0.059055 -0.076595 0.059055
v 0.009892 -0.078311 -0.000000
v 0.009892 -0.078311 0.059055
v 0.068848 -0.078311 -0.000000
v 0.068848 -0.078311 0.059055
v 0.019885 -0.079396 -0.000000
v 0.019885 -0.079396 0.059055
v 0.058855 -0.079396 -0.000000
v 0.058855 -0.079396 0.059055
v 0.010291 -0.081722 -0.000000
v 0.010291 -0.081722 0.059055
v 0.068449 -0.081722 -0.000000
v 0.068449 -0.081722 0.059055
v 0.020482 -0.082140 -0.000000
v 0.020482 -0.082140 0.059055
v 0.058258 -0.082140 -0.000000
v 0.058258 -0.082140 0.059055
v 0.021464 -0.084772 -0.000000
v 0.021464 -0.084772 0.059055
v 0.057276 -0.084772 -0.000000
v 0.057276 -0.084772 0.059055
v 0.011083 -0.085063 -0.000000
v 0.011083 -0.085063 0.059055
v 0.067657 -0.085063 -0.000000
v 0.067657 -0.085063 0.059055
v 0.022810 -0.087237 -0.000000
v 0.022810 -0.087237 0.059055
v 0.055930 -0.087237 -0.000000
v 0.055930 -0.087237 0.059055
v 0.012257 -0.088290 -0.000000
v 0.012257 -0.088290 0.059055
v 0.066483 -0.088290 -0.000000
v 0.066483 -0.088290 0.059055
v 0.024493 -0.089486 -0.000000
v 0.024493 -0.089486 0.059055
v 0.054247 -0.089486 -0.000000
v 0.054247 -0.089486 0.059055
v 0.013798 -0.091358 -0.000000
v 0.013798 -0.091358 0.059055
v 0.064942 -0.091358 -0.000000
v 0.064942 -0.091358 0.059055
v 0.026479 -0.091472 -0.000000
v 0.026479 -0.091472 0.059055
v 0.052261 -0.091472 -0.000000
v 0.052261 -0.091472 0.059055
v 0.028728 -0.093155 -0.000000
v 0.028728 -0.093155 0.059055
v 0.050013 -0.093155 -0.000000
v 0.050013 -0.093155 0.059055
v 0.015685 -0.094227 -0.000000
v 0.015685 -0.094227 0.059055
v 0.063055 -0.094227 -0.000000
v 0.063055 -0.094227 0.059055
v 0.031193 -0.094501 -0.000000
v 0.031193 -0.094501 0.059055
v 0.047548 -0.094501 -0.000000
v 0.047548 -0.094501 0.059055
v 0.033824 -0.095482 -0.000000
v 0.033824 -0.095482 0.059055
v 0.044916 -0.095482 -0.000000
v 0.044916 -0.095482 0.059055
v 0.036569 -0.096079 -0.000000
v 0.036569 -0.096079 0.059055
v 0.042172 -0.096079 -0.000000
v 0.042172 -0.096079 0.059055
v 0.039370 -0.096280 -0.000000
v 0.039370 -0.096280 0.059055
v 0.017893 -0.096858 -0.000000
v 0.017893 -0.096858 0.059055
v 0.060848 -0.096858 -0.000000
v 0.060848 -0.096858 0.059055
v 0.020390 -0.099214 -0.000000
v 0.020390 -0.099214 0.059055
v 0.058350 -0.099214 -0.000000
v 0.058350 -0.099214 0.059055
v 0.023144 -0.101264 -0.000000
v 0.023144 -0.101264 0.059055
v 0.055596 -0.101264 -0.000000
v 0.055596 -0.101264 0.059055
v 0.026118 -0.102981 -0.000000
v 0.026118 -0.102981 0.059055
v 0.052622 -0.102981 -0.000000
v 0.052622 -0.102981 0.059055
v 0.029271 -0.104341 -0.000000
v 0.029271 -0.104341 0.059055
v 0.049469 -0.104341 -0.000000
v 0.049469 -0.104341 0.059055
v 0.032561 -0.105326 -0.000000
v 0.032561 -0.105326 0.059055
v 0.046180 -0.105326 -0.000000
v 0.046180 -0.105326 0.059055
v 0.035942 -0.105922 -0.000000
v 0.035942 -0.105922 0.059055
v 0.042798 -0.105922 -0.000000
v 0.042798 -0.105922 0.059055
v 0.039370 -0.106122 -0.000000
v 0.039370 -0.106122 0.059055
vt 0.000000 0.157080 0.000000
vt 0.000000 0.149940 0.000000
vt 0.000000 0.142800 0.000000
vt 0.000000 0.135660 0.000000
vt 0.000000 0.128520 0.000000
vt 0.000000 0.121380 0.000000
vt 0.000000 0.114240 0.000000
vt 0.000000 0.107100 0.000000
vt 0.000000 0.099960 0.000000
vt 0.000000 0.092820 0.000000
vt 0.000000 0.085680 0.000000
vt 0.000000 0.078540 0.000000
vt 0.000000 0.071400 0.000000
vt 0.000000 0.064260 0.000000
vt 0.000000 0.057120 0.000000
vt 0.000000 0.049980 0.000000
vt 0.000000 0.042840 0.000000
vt 0.000000 0.035700 0.000000
vt 0.000000 0.028560 0.000000
vt 0.000000 0.021420 0.000000
vt 0.000000 0.014280 0.000000
vt 0.000000 0.007140 0.000000
vt 0.000000 0.000000 0.000000
vt 0.000000 -0.007140 0.000000
vt 0.000000 -0.014280 0.000000
vt 0.000000 -0.021420 0.000000
vt 0.000000 -0.028560 0.000000
vt 0.000000 -0.035700 0.000000
vt 0.000000 -0.042840 0.000000
vt 0.000000 -0.049980 0.000000
vt 0.000000 -0.057120 0.000000
vt 0.000000 -0.064260 0.000000
vt 0.000000 -0.071400 0.000000
vt 0.000000 -0.078540 0.000000
vt 0.000000 -0.085680 0.000000
vt 0.000000 -0.092820 0.000000
vt 0.000000 -0.099960 0.000000
vt 0.000000 -0.107100 0.000000
vt 0.000000 -0.114240 0.000000
vt 0.000000 -0.121380 0.000000
vt 0.000000 -0.128520 0.000000
vt 0.000000 -0.135660 0.000000
vt 0.000000 -0.142800 0.000000
vt 0.000000 -0.149940 0.000000
vt 0.150000 -0.157080 0.000000
vt 0.150000 -0.149940 0.000000
vt 0.150000 -0.142800 0.000000
vt 0.150000 -0.135660 0.000000
vt 0.150000 -0.128520 0.000000
vt 0.150000 -0.121380 0.000000
vt 0.150000 -0.114240 0.000000
vt 0.150000 -0.107100 0.000000
vt 0.150000 -0.099960 0.000000
vt 0.150000 -0.092820 0.000000
vt 0.150000 -0.085680 0.000000
vt 0.150000 -0.078540 0.000000
vt 0.150000 -0.071400 0.000000
vt 0.150000 -0.064260 0.000000
vt 0.150000 -0.057120 0.000000
vt 0.150000 -0.049980 0.000000
vt 0.150000 -0.042840 0.000000
vt 0.150000 -0.035700 0.000000
vt 0.150000 -0.028560 0.000000
vt 0.150000 -0.021420 0.000000
vt 0.150000 -0.014280 0.000000
vt 0.150000 -0.007140 0.000000
vt 0.150000 0.000000 0.000000
vt 0.150000 0.007140 0.000000
vt 0.150000 0.014280 0.000000
vt 0.150000 0.021420 0.000000
vt 0.150000 0.028560 0.000000
vt 0.150000 0.035700 0.000000
vt 0.150000 0.042840 0.000000
vt 0.150000 0.049980 0.000000
vt 0.150000 0.057120 0.000000
vt 0.150000 0.064260 0.000000
vt 0.150000 0.071400 0.000000
vt 0.150000 0.078540 0.000000
vt 0.150000 0.085680 0.000000
vt 0.150000 0.092820 0.000000
vt 0.150000 0.099960 0.000000
vt 0.150000 0.107100 0.000000
vt 0.150000 0.114240 0.000000
vt 0.150000 0.121380 0.000000
vt 0.150000 0.128520 0.000000
vt 0.150000 0.135660 0.000000
vt 0.150000 0.142800 0.000000
vt 0.150000 0.149940 0.000000
vt 0.150000 0.157080 0.000000
vt 0.000000 -0.157080 0.000000
vt -0.000000 -0.235619 0.000000
vt -0.000000 -0.226893 0.000000
vt -0.000000 -0.218166 0.000000
vt -0.000000 -0.209440 0.000000
vt -0.000000 -0.200713 0.000000
vt -0.000000 -0.191986 0.000000
vt -0.000000 -0.183260 0.000000
vt -0.000000 -0.174533 0.000000
vt -0.000000 -0.165806 0.000000
vt -0.000000 -0.157080 0.000000
vt -0.000000 -0.148353 0.000000
vt -0.000000 -0.139626 0.000000
vt -0.000000 -0.130900 0.000000
vt -0.000000 -0.122173 0.000000
vt -0.000000 -0.113446 0.000000
vt -0.000000 -0.104720 0.000000
vt -0.000000 -0.095993 0.000000
vt -0.000000 -0.087266 0.000000
vt -0.000000 -0.078540 0.000000
vt -0.000000 -0.069813 0.000000
vt -0.000000 -0.061087 0.000000
vt -0.000000 -0.052360 0.000000
vt -0.000000 -0.043633 0.000000
vt -0.000000 -0.034907 0.000000
vt -0.000000 -0.026180 0.000000
vt -0.000000 -0.017453 0.000000
vt -0.000000 -0.008727 0.000000
vt -0.000000 0.000000 0.000000
vt -0.000000 0.008727 0.000000
vt -0.000000 0.017453 0.000000
vt -0.000000 0.026180 0.000000
vt -0.000000 0.034907 0.000000
vt -0.000000 0.043633 0.000000
vt -0.000000 0.052360 0.000000
vt -0.000000 0.061087 0.000000
vt -0.000000 0.069813 0.000000
vt -0.000000 0.078540 0.000000
vt -0.000000 0.087266 0.000000
vt -0.000000 0.095993 0.000000
vt -0.000000 0.104720 0.000000
vt -0.000000 0.113446 0.000000
vt -0.000000 0.122173 0.000000
vt -0.000000 0.130900 0.000000
vt -0.000000 0.139626 0.000000
vt -0.000000 0.148353 0.000000
vt -0.000000 0.157080 0.000000
vt -0.000000 0.165806 0.000000
vt -0.000000 0.174533 0.000000
vt -0.000000 0.183260 0.000000
vt -0.000000 0.191986 0.000000
vt -0.000000 0.200713 0.000000
vt -0.000000 0.209440 0.000000
vt -0.000000 0.218166 0.000000
vt -0.000000 0.226893 0.000000
vt -0.150000 0.235619 0.000000
vt -0.150000 0.226893 0.000000
vt -0.150000 0.218166 0.000000
vt -0.150000 0.209440 0.000000
vt -0.150000 0.200713 0.000000
vt -0.150000 0.191986 0.000000
vt -0.150000 0.183260 0.000000
vt -0.150000 0.174533 0.000000
vt -0.150000 0.165806 0.000000
vt -0.150000 0.157080 0.000000
vt -0.150000 0.148353 0.000000
vt -0.150000 0.139626 0.000000
vt -0.150000 0.130900 0.000000
vt -0.150000 0.122173 0.000000
vt -0.150000 0.113446 0.000000
vt -0.150000 0.104720 0.000000
vt -0.150000 0.095993 0.000000
vt -0.150000 0.087266 0.000000
vt -0.150000 0.078540 0.000000
vt -0.150000 0.069813 0.000000
vt -0.150000 0.061087 0.000000
vt -0.150000 0.052360 0.000000
vt -0.150000 0.043633 0.000000
vt -0.150000 0.034907 0.000000
vt -0.150000 0.026180 0.000000
vt -0.150000 0.017453 0.000000
vt -0.150000 0.008727 0.000000
vt -0.150000 0.000000 0.000000
vt -0.150000 -0.008727 0.000000
vt -0.150000 -0.017453 0.000000
vt -0.150000 -0.026180 0.000000
vt -0.150000 -0.034907 0.000000
vt -0.150000 -0.043633 0.000000
vt -0.150000 -0.052360 0.000000
vt -0.150000 -0.061087 0.000000
vt -0.150000 -0.069813 0.000000
vt -0.150000 -0.078540 0.000000
vt -0.150000 -0.087266 0.000000
vt -0.150000 -0.095993 0.000000
vt -0.150000 -0.104720 0.000000
vt -0.150000 -0.113446 0.000000
vt -0.150000 -0.122173 0.000000
vt -0.150000 -0.130900 0.000000
vt -0.150000 -0.139626 0.000000
vt -0.150000 -0.148353 0.000000
vt -0.150000 -0.157080 0.000000
vt -0.150000 -0.165806 0.000000
vt -0.150000 -0.174533 0.000000
vt -0.150000 -0.183260 0.000000
vt -0.150000 -0.191986 0.000000
vt -0.150000 -0.200713 0.000000
vt -0.150000 -0.209440 0.000000
vt -0.150000 -0.218166 0.000000
vt -0.150000 -0.226893 0.000000
vt -0.150000 -0.235619 0.000000
vt -0.000000 0.235619 0.000000
vt -0.075000 0.000000 0.000000
vt -0.074493 -0.008707 0.000000
vt -0.072978 -0.017296 0.000000
vt -0.070477 -0.025652 0.000000
vt -0.067022 -0.033660 0.000000
vt -0.062662 -0.041213 0.000000
vt -0.057453 -0.048209 0.000000
vt -0.051468 -0.054553 0.000000
vt -0.044787 -0.060159 0.000000
vt -0.037500 -0.064952 0.000000
vt -0.029706 -0.068866 0.000000
vt -0.021510 -0.071849 0.000000
vt -0.013024 -0.073861 0.000000
vt -0.004361 -0.074873 0.000000
vt 0.004361 -0.074873 0.000000
vt 0.013024 -0.073861 0.000000
vt 0.021510 -0.071849 0.000000
vt 0.029706 -0.068866 0.000000
vt 0.037500 -0.064952 0.000000
vt 0.044787 -0.060159 0.000000
vt 0.051468 -0.054553 0.000000
vt 0.057453 -0.048209 0.000000
vt 0.062662 -0.041213 0.000000
vt 0.067022 -0.033660 0.000000
vt 0.070477 -0.025652 0.000000
vt 0.072978 -0.017296 0.000000
vt 0.074493 -0.008707 0.000000
vt 0.075000 0.000000 0.000000
vt 0.074493 0.008707 0.000000
vt 0.072978 0.017296 0.000000
vt 0.070477 0.025652 0.000000
vt 0.067022 0.033660 0.000000
vt 0.062662 0.041213 0.000000
vt 0.057453 0.048209 0.000000
vt 0.051468 0.054553 0.000000
vt 0.044787 0.060159 0.000000
vt 0.037500 0.064952 0.000000
vt 0.029706 0.068866 0.000000
vt 0.021510 0.071849 0.000000
vt 0.013024 0.073861 0.000000
vt 0.004361 0.074873 0.000000
vt -0.004361 0.074873 0.000000
vt -0.013024 0.073861 0.000000
vt -0.021510 0.071849 0.000000
vt -0.029706 0.068866 0.000000
vt -0.037500 0.064952 0.000000
vt -0.044787 0.060159 0.000000
vt -0.051468 0.054553 0.000000
vt -0.057453 0.048209 0.000000
vt -0.062662 0.041213 0.000000
vt -0.067022 0.033660 0.000000
vt -0.070477 0.025652 0.000000
vt -0.072978 0.017296 0.000000
vt -0.074493 0.008707 0.000000
vt -0.050000 0.000000 0.000000
vt -0.049491 0.007116 0.000000
vt -0.047975 0.014087 0.000000
vt -0.045482 0.020771 0.000000
vt -0.042063 0.027032 0.000000
vt -0.037787 0.032743 0.000000
vt -0.032743 0.037787 0.000000
vt -0.027032 0.042063 0.000000
vt -0.020771 0.045482 0.000000
vt -0.014087 0.047975 0.000000
vt -0.007116 0.049491 0.000000
vt 0.000000 0.050000 0.000000
vt 0.007116 0.049491 0.000000
vt 0.014087 0.047975 0.000000
vt 0.020771 0.045482 0.000000
vt 0.027032 0.042063 0.000000
vt 0.032743 0.037787 0.000000
vt 0.037787 0.032743 0.000000
vt 0.042063 0.027032 0.000000
vt 0.045482 0.020771 0.000000
vt 0.047975 0.014087 0.000000
vt 0.049491 0.007116 0.000000
vt 0.050000 0.000000 0.000000
vt 0.049491 -0.007116 0.000000
vt 0.047975 -0.014087 0.000000
vt 0.045482 -0.020771 0.000000
vt 0.042063 -0.027032 0.000000
vt 0.037787 -0.032743 0.000000
vt 0.032743 -0.037787 0.000000
vt 0.027032 -0.042063 0.000000
vt 0.020771 -0.045482 0.000000
vt 0.014087 -0.047975 0.000000
vt 0.007116 -0.049491 0.000000
vt 0.000000 -0.050000 0.000000
vt -0.007116 -0.049491 0.000000
vt -0.014087 -0.047975 0.000000
vt -0.020771 -0.045482 0.000000
vt -0.027032 -0.042063 0.000000
vt -0.032743 -0.037787 0.000000
vt -0.037787 -0.032743 0.000000
vt -0.042063 -0.027032 0.000000
vt -0.045482 -0.020771 0.000000
vt -0.047975 -0.014087 0.000000
vt -0.049491 -0.007116 0.000000
vt -0.053571 -0.687500 0.000000
vt -0.054079 -0.678793 0.000000
vt -0.055593 -0.670204 0.000000
vt -0.058094 -0.661848 0.000000
vt -0.061549 -0.653840 0.000000
vt -0.065910 -0.646287 0.000000
vt -0.071118 -0.639291 0.000000
vt -0.077103 -0.632947 0.000000
vt -0.083785 -0.627341 0.000000
vt -0.091071 -0.622548 0.000000
vt -0.098865 -0.618634 0.000000
vt -0.107061 -0.615651 0.000000
vt -0.115548 -0.613639 0.000000
vt -0.124211 -0.612627 0.000000
vt -0.132932 -0.612627 0.000000
vt -0.141595 -0.613639 0.000000
vt -0.150082 -0.615651 0.000000
vt -0.158277 -0.618634 0.000000
vt -0.166071 -0.622548 0.000000
vt -0.173358 -0.627341 0.000000
vt -0.180040 -0.632947 0.000000
vt -0.186025 -0.639291 0.000000
vt -0.191233 -0.646287 0.000000
vt -0.195594 -0.653840 0.000000
vt -0.199048 -0.661848 0.000000
vt -0.201550 -0.670204 0.000000
vt -0.203064 -0.678793 0.000000
vt -0.203571 -0.687500 0.000000
vt -0.203064 -0.696207 0.000000
vt -0.201550 -0.704796 0.000000
vt -0.199048 -0.713152 0.000000
vt -0.195594 -0.721160 0.000000
vt -0.191233 -0.728713 0.000000
vt -0.186025 -0.735709 0.000000
vt -0.180040 -0.742053 0.000000
vt -0.173358 -0.747659 0.000000
vt -0.166071 -0.752452 0.000000
vt -0.158277 -0.756366 0.000000
vt -0.150082 -0.759349 0.000000
vt -0.141595 -0.761361 0.000000
vt -0.132932 -0.762373 0.000000
vt -0.124211 -0.762373 0.000000
vt -0.115548 -0.761361 0.000000
vt -0.107061 -0.759349 0.000000
vt -0.098865 -0.756366 0.000000
vt -0.091071 -0.752452 0.000000
vt -0.083785 -0.747659 0.000000
vt -0.077103 -0.742053 0.000000
vt -0.071118 -0.735709 0.000000
vt -0.065910 -0.728713 0.000000
vt -0.061549 -0.721160 0.000000
vt -0.058094 -0.713152 0.000000
vt -0.055593 -0.704796 0.000000
vt -0.054079 -0.696207 0.000000
vt -0.078571 -0.687500 0.000000
vt -0.079080 -0.694616 0.000000
vt -0.080597 -0.701587 0.000000
vt -0.083090 -0.708271 0.000000
vt -0.086509 -0.714532 0.000000
vt -0.090784 -0.720243 0.000000
vt -0.095828 -0.725287 0.000000
vt -0.101539 -0.729563 0.000000
vt -0.107801 -0.732982 0.000000
vt -0.114485 -0.735475 0.000000
vt -0.121456 -0.736991 0.000000
vt -0.128571 -0.737500 0.000000
vt -0.135687 -0.736991 0.000000
vt -0.142658 -0.735475 0.000000
vt -0.149342 -0.732982 0.000000
vt -0.155603 -0.729563 0.000000
vt -0.161314 -0.725287 0.000000
vt -0.166359 -0.720243 0.000000
vt -0.170634 -0.714532 0.000000
vt -0.174053 -0.708271 0.000000
vt -0.176546 -0.701587 0.000000
vt -0.178062 -0.694616 0.000000
vt -0.178571 -0.687500 0.000000
vt -0.178062 -0.680384 0.000000
vt -0.176546 -0.673413 0.000000
vt -0.174053 -0.666729 0.000000
vt -0.170634 -0.660468 0.000000
vt -0.166359 -0.654757 0.000000
vt -0.161314 -0.649713 0.000000
vt -0.155603 -0.645437 0.000000
vt -0.149342 -0.642018 0.000000
vt -0.142658 -0.639525 0.000000
vt -0.135687 -0.638009 0.000000
vt -0.128571 -0.637500 0.000000
vt -0.121456 -0.638009 0.000000
vt -0.114485 -0.639525 0.000000
vt -0.107801 -0.642018 0.000000
vt -0.101539 -0.645437 0.000000
vt -0.095828 -0.649713 0.000000
vt -0.090784 -0.654757 0.000000
vt -0.086509 -0.660468 0.000000
vt -0.083090 -0.666729 0.000000
vt -0.080597 -0.673413 0.000000
vt -0.079080 -0.680384 0.000000
vn 0.000000 -2.540000 0.000000
vn 0.361480 -2.514146 0.000000
vn 0.715601 -2.437112 0.000000
vn 1.055154 -2.310465 0.000000
vn 1.373228 -2.136784 0.000000
vn 1.663346 -1.919604 0.000000
vn 1.919604 -1.663346 0.000000
vn 2.136784 -1.373228 0.000000
vn 2.310465 -1.055154 0.000000
vn 2.437112 -0.715601 0.000000
vn 2.514146 -0.361480 0.000000
vn 2.540000 0.000000 0.000000
vn 2.514146 0.361480 0.000000
vn 2.437112 0.715601 0.000000
vn 2.310465 1.055154 0.000000
vn 2.136784 1.373228 0.000000
vn 1.919604 1.663346 0.000000
vn 1.663346 1.919604 0.000000
vn 1.373228 2.136784 0.000000
vn 1.055154 2.310465 0.000000
vn 0.715601 2.437112 0.000000
vn 0.361480 2.514146 0.000000
vn 0.000000 2.540000 -0.000000
vn -0.361480 2.514146 -0.000000
vn -0.715601 2.437112 -0.000000
vn -1.055154 2.310465 -0.000000
vn -1.373228 2.136784 -0.000000
vn -1.663346 1.919604 -0.000000
vn -1.919604 1.663346 -0.000000
vn -2.136784 1.373228 -0.000000
vn -2.310465 1.055154 -0.000000
vn -2.437112 0.715601 -0.000000
vn -2.514146 0.361480 -0.000000
vn -2.540000 -0.000000 -0.000000
vn -2.514146 -0.361480 -0.000000
vn -2.437112 -0.715601 -0.000000
vn -2.310465 -1.055154 -0.000000
vn -2.136784 -1.373228 -0.000000
vn -1.919604 -1.663346 -0.000000
vn -1.663346 -1.919604 -0.000000
vn -1.373228 -2.136784 -0.000000
vn -1.055154 -2.310465 -0.000000
vn -0.715601 -2.437112 -0.000000
vn -0.361480 -2.514146 -0.000000
vn 0.000000 -2.540000 0.000000
vn -0.361480 -2.514146 -0.000000
vn -0.715601 -2.437112 -0.000000
vn -1.055154 -2.310465 -0.000000
vn -1.373228 -2.136784 -0.000000
vn -1.663346 -1.919604 -0.000000
vn -1.919604 -1.663346 -0.000000
vn -2.136784 -1.373228 -0.000000
vn -2.310465 -1.055154 -0.000000
vn -2.437112 -0.715601 -0.000000
vn -2.514146 -0.361480 -0.000000
vn -2.540000 -0.000000 -0.000000
vn -2.514146 0.361480 -0.000000
vn -2.437112 0.715601 -0.000000
vn -2.310465 1.055154 -0.000000
vn -2.136784 1.373228 -0.000000
vn -1.919604 1.663346 -0.000000
vn -1.663346 1.919604 -0.000000
vn -1.373228 2.136784 -0.000000
vn -1.055154 2.310465 -0.000000
vn -0.715601 2.437112 -0.000000
vn -0.361480 2.514146 -0.000000
vn 0.000000 2.540000 -0.000000
vn 0.361480 2.514146 0.000000
vn 0.715601 2.437112 0.000000
vn 1.055154 2.310465 0.000000
vn 1.373228 2.136784 0.000000
vn 1.663346 1.919604 0.000000
vn 1.919604 1.663346 0.000000
vn 2.136784 1.373228 0.000000
vn 2.310465 1.055154 0.000000
vn 2.437112 0.715601 0.000000
vn 2.514146 0.361480 0.000000
vn 2.540000 0.000000 0.000000
vn 2.514146 -0.361480 0.000000
vn 2.437112 -0.715601 0.000000
vn 2.310465 -1.055154 0.000000
vn 2.136784 -1.373228 0.000000
vn 1.919604 -1.663346 0.000000
vn 1.663346 -1.919604 0.000000
vn 1.373228 -2.136784 0.000000
vn 1.055154 -2.310465 0.000000
vn 0.715601 -2.437112 0.000000
vn 0.361480 -2.514146 0.000000
vn 0.000000 -2.540000 0.000000
vn 0.000000 -2.540000 0.000000
vn 0.000000 2.540000 -0.000000
vn 0.294876 2.522825 0.000000
vn 0.585764 2.471534 0.000000
vn 0.868731 2.386819 0.000000
vn 1.139950 2.269827 0.000000
vn 1.395753 2.122139 0.000000
vn 1.632681 1.945753 0.000000
vn 1.847529 1.743054 0.000000
vn 2.037393 1.516783 0.000000
vn 2.199704 1.270000 0.000000
vn 2.332269 1.006043 0.000000
vn 2.433293 0.728480 0.000000
vn 2.501412 0.441066 0.000000
vn 2.535703 0.147688 0.000000
vn 2.535703 -0.147688 0.000000
vn 2.501412 -0.441066 0.000000
vn 2.433293 -0.728480 0.000000
vn 2.332269 -1.006043 0.000000
vn 2.199704 -1.270000 0.000000
vn 2.037393 -1.516783 0.000000
vn 1.847529 -1.743054 0.000000
vn 1.632681 -1.945753 0.000000
vn 1.395753 -2.122139 0.000000
vn 1.139950 -2.269827 0.000000
vn 0.868731 -2.386819 0.000000
vn 0.585764 -2.471534 0.000000
vn 0.294876 -2.522825 0.000000
vn 0.000000 -2.540000 0.000000
vn -0.294876 -2.522825 -0.000000
vn -0.585764 -2.471534 -0.000000
vn -0.868731 -2.386819 -0.000000
vn -1.139950 -2.269827 -0.000000
vn -1.395753 -2.122139 -0.000000
vn -1.632681 -1.945753 -0.000000
vn -1.847529 -1.743054 -0.000000
vn -2.037393 -1.516783 -0.000000
vn -2.199704 -1.270000 -0.000000
vn -2.332269 -1.006043 -0.000000
vn -2.433293 -0.728480 -0.000000
vn -2.501412 -0.441066 -0.000000
vn -2.535703 -0.147688 -0.000000
vn -2.535703 0.147688 -0.000000
vn -2.501412 0.441066 -0.000000
vn -2.433293 0.728480 -0.000000
vn -2.332269 1.006043 -0.000000
vn -2.199704 1.270000 -0.000000
vn -2.037393 1.516783 -0.000000
vn -1.847529 1.743054 -0.000000
vn -1.632681 1.945753 -0.000000
vn -1.395753 2.122139 -0.000000
vn -1.139950 2.269827 -0.000000
vn -0.868731 2.386819 -0.000000
vn -0.585764 2.471534 -0.000000
vn -0.294876 2.522825 -0.000000
vn 0.000000 2.540000 -0.000000
vn -0.294876 2.522825 -0.000000
vn -0.585764 2.471534 -0.000000
vn -0.868731 2.386819 -0.000000
vn -1.139950 2.269827 -0.000000
vn -1.395753 2.122139 -0.000000
vn -1.632681 1.945753 -0.000000
vn -1.847529 1.743054 -0.000000
vn -2.037393 1.516783 -0.000000
vn -2.199704 1.270000 -0.000000
vn -2.332269 1.006043 -0.000000
vn -2.433293 0.728480 -0.000000
vn -2.501412 0.441066 -0.000000
vn -2.535703 0.147688 -0.000000
vn -2.535703 -0.147688 -0.000000
vn -2.501412 -0.441066 -0.000000
vn -2.433293 -0.728480 -0.000000
vn -2.332269 -1.006043 -0.000000
vn -2.199704 -1.270000 -0.000000
vn -2.037393 -1.516783 -0.000000
vn -1.847529 -1.743054 -0.000000
vn -1.632681 -1.945753 -0.000000
vn -1.395753 -2.122139 -0.000000
vn -1.139950 -2.269827 -0.000000
vn -0.868731 -2.386819 -0.000000
vn -0.585764 -2.471534 -0.000000
vn -0.294876 -2.522825 -0.000000
vn 0.000000 -2.540000 0.000000
vn 0.294876 -2.522825 0.000000
vn 0.585764 -2.471534 0.000000
vn 0.868731 -2.386819 0.000000
vn 1.139950 -2.269827 0.000000
vn 1.395753 -2.122139 0.000000
vn 1.632681 -1.945753 0.000000
vn 1.847529 -1.743054 0.000000
vn 2.037393 -1.516783 0.000000
vn 2.199704 -1.270000 0.000000
vn 2.332269 -1.006043 0.000000
vn 2.433293 -0.728480 0.000000
vn 2.501412 -0.441066 0.000000
vn 2.535703 -0.147688 0.000000
vn 2.535703 0.147688 0.000000
vn 2.501412 0.441066 0.000000
vn 2.433293 0.728480 0.000000
vn 2.332269 1.006043 0.000000
vn 2.199704 1.270000 0.000000
vn 2.037393 1.516783 0.000000
vn 1.847529 1.743054 0.000000
vn 1.632681 1.945753 0.000000
vn 1.395753 2.122139 0.000000
vn 1.139950 2.269827 0.000000
vn 0.868731 2.386819 0.000000
vn 0.585764 2.471534 0.000000
vn 0.294876 2.522825 0.000000
vn 0.000000 2.540000 -0.000000
vn 0.000000 2.540000 -0.000000
vn -0.000000 0.000000 2.540000
vn -0.000000 0.000000 2.540000
vn -0.000000 0.000000 2.540000
vn -0.000000 0.000000 2.540000
vn -0.000000 0.000000 2.540000
vn -0.000000 0.000000 2.540000
vn -0.000000 0.000000 2.540000
vn -0.000000 0.000000 2.540000
vn -0.000000 0.000000 2.540000
vn -0.000000 0.000000 2.540000
vn -0.000000 0.000000 2.540000
vn -0.000000 0.000000 2.540000
vn -0.000000 0.000000 2.540000
vn -0.000000 0.000000 2.540000
vn -0.000000 0.000000 2.540000
vn -0.000000 0.000000 2.540000
vn -0.000000 0.000000 2.540000
vn -0.000000 0.000000 2.540000
vn -0.000000 0.000000 2.540000
vn -0.000000 0.000000 2.540000
vn -0.000000 0.000000 2.540000
vn -0.000000 0.000000 2.540000
vn -0.000000 0.000000 2.540000
vn -0.000000 0.000000 2.540000
vn -0.000000 0.000000 2.540000
vn -0.000000 0.000000 2.540000
vn -0.000000 0.000000 2.540000
vn -0.000000 0.000000 2.540000
vn -0.000000 0.000000 2.540000
vn -0.000000 0.000000 2.540000
vn -0.000000 0.000000 2.540000
vn -0.000000 0.000000 2.540000
vn -0.000000 0.000000 2.540000
vn -0.000000 0.000000 2.540000
vn -0.000000 0.000000 2.540000
vn -0.000000 0.000000 2.540000
vn -0.000000 0.000000 2.540000
vn -0.000000 0.000000 2.540000
vn -0.000000 0.000000 2.540000
vn -0.000000 0.000000 2.540000
vn -0.000000 0.000000 2.540000
vn -0.000000 0.000000 2.540000
vn -0.000000 0.000000 2.540000
vn -0.000000 0.000000 2.540000
vn -0.000000 0.000000 2.540000
vn -0.000000 0.000000 2.540000
vn -0.000000 0.000000 2.540000
vn -0.000000 0.000000 2.540000
vn -0.000000 0.000000 2.540000
vn -0.000000 0.000000 2.540000
vn -0.000000 0.000000 2.540000
vn -0.000000 0.000000 2.540000
vn -0.000000 0.000000 2.540000
vn -0.000000 0.000000 2.540000
vn -0.000000 0.000000 2.540000
vn -0.000000 0.000000 2.540000
vn -0.000000 0.000000 2.540000
vn -0.000000 0.000000 2.540000
vn -0.000000 0.000000 2.540000
vn -0.000000 0.000000 2.540000
vn -0.000000 0.000000 2.540000
vn -0.000000 0.000000 2.540000
vn -0.000000 0.000000 2.540000
vn -0.000000 0.000000 2.540000
vn -0.000000 0.000000 2.540000
vn -0.000000 0.000000 2.540000
vn -0.000000 0.000000 2.540000
vn -0.000000 0.000000 2.540000
vn -0.000000 0.000000 2.540000
vn -0.000000 0.000000 2.540000
vn -0.000000 0.000000 2.540000
vn -0.000000 0.000000 2.540000
vn -0.000000 0.000000 2.540000
vn -0.000000 0.000000 2.540000
vn -0.000000 0.000000 2.540000
vn -0.000000 0.000000 2.540000
vn -0.000000 0.000000 2.540000
vn -0.000000 0.000000 2.540000
vn -0.000000 0.000000 2.540000
vn -0.000000 0.000000 2.540000
vn -0.000000 0.000000 2.540000
vn -0.000000 0.000000 2.540000
vn -0.000000 0.000000 2.540000
vn -0.000000 0.000000 2.540000
vn -0.000000 0.000000 2.540000
vn -0.000000 0.000000 2.540000
vn -0.000000 0.000000 2.540000
vn -0.000000 0.000000 2.540000
vn -0.000000 0.000000 2.540000
vn -0.000000 0.000000 2.540000
vn -0.000000 0.000000 2.540000
vn -0.000000 0.000000 2.540000
vn -0.000000 0.000000 2.540000
vn -0.000000 0.000000 2.540000
vn -0.000000 0.000000 2.540000
vn -0.000000 0.000000 2.540000
vn -0.000000 0.000000 2.540000
vn -0.000000 0.000000 2.540000
vn 0.000000 -0.000000 -2.540000
vn 0.000000 -0.000000 -2.540000
vn 0.000000 -0.000000 -2.540000
vn 0.000000 -0.000000 -2.540000
vn 0.000000 -0.000000 -2.540000
vn 0.000000 -0.000000 -2.540000
vn 0.000000 -0.000000 -2.540000
vn 0.000000 -0.000000 -2.540000
vn 0.000000 -0.000000 -2.540000
vn 0.000000 -0.000000 -2.540000
vn 0.000000 -0.000000 -2.540000
vn 0.000000 -0.000000 -2.540000
vn 0.000000 -0.000000 -2.540000
vn 0.000000 -0.000000 -2.540000
vn 0.000000 -0.000000 -2.540000
vn 0.000000 -0.000000 -2.540000
vn 0.000000 -0.000000 -2.540000
vn 0.000000 -0.000000 -2.540000
vn 0.000000 -0.000000 -2.540000
vn 0.000000 -0.000000 -2.540000
vn 0.000000 -0.000000 -2.540000
vn 0.000000 -0.000000 -2.540000
vn 0.000000 -0.000000 -2.540000
vn 0.000000 -0.000000 -2.540000
vn 0.000000 -0.000000 -2.540000
vn 0.000000 -0.000000 -2.540000
vn 0.000000 -0.000000 -2.540000
vn 0.000000 -0.000000 -2.540000
vn 0.000000 -0.000000 -2.540000
vn 0.000000 -0.000000 -2.540000
vn 0.000000 -0.000000 -2.540000
vn 0.000000 -0.000000 -2.540000
vn 0.000000 -0.000000 -2.540000
vn 0.000000 -0.000000 -2.540000
vn 0.000000 -0.000000 -2.540000
vn 0.000000 -0.000000 -2.540000
vn 0.000000 -0.000000 -2.540000
vn 0.000000 -0.000000 -2.540000
vn 0.000000 -0.000000 -2.540000
vn 0.000000 -0.000000 -2.540000
vn 0.000000 -0.000000 -2.540000
vn 0.000000 -0.000000 -2.540000
vn 0.000000 -0.000000 -2.540000
vn 0.000000 -0.000000 -2.540000
vn 0.000000 -0.000000 -2.540000
vn 0.000000 -0.000000 -2.540000
vn 0.000000 -0.000000 -2.540000
vn 0.000000 -0.000000 -2.540000
vn 0.000000 -0.000000 -2.540000
vn 0.000000 -0.000000 -2.540000
vn 0.000000 -0.000000 -2.540000
vn 0.000000 -0.000000 -2.540000
vn 0.000000 -0.000000 -2.540000
vn 0.000000 -0.000000 -2.540000
vn 0.000000 -0.000000 -2.540000
vn 0.000000 -0.000000 -2.540000
vn 0.000000 -0.000000 -2.540000
vn 0.000000 -0.000000 -2.540000
vn 0.000000 -0.000000 -2.540000
vn 0.000000 -0.000000 -2.540000
vn 0.000000 -0.000000 -2.540000
vn 0.000000 -0.000000 -2.540000
vn 0.000000 -0.000000 -2.540000
vn 0.000000 -0.000000 -2.540000
vn 0.000000 -0.000000 -2.540000
vn 0.000000 -0.000000 -2.540000
vn 0.000000 -0.000000 -2.540000
vn 0.000000 -0.000000 -2.540000
vn 0.000000 -0.000000 -2.540000
vn 0.000000 -0.000000 -2.540000
vn 0.000000 -0.000000 -2.540000
vn 0.000000 -0.000000 -2.540000
vn 0.000000 -0.000000 -2.540000
vn 0.000000 -0.000000 -2.540000
vn 0.000000 -0.000000 -2.540000
vn 0.000000 -0.000000 -2.540000
vn 0.000000 -0.000000 -2.540000
vn 0.000000 -0.000000 -2.540000
vn 0.000000 -0.000000 -2.540000
vn 0.000000 -0.000000 -2.540000
vn 0.000000 -0.000000 -2.540000
vn 0.000000 -0.000000 -2.540000
vn 0.000000 -0.000000 -2.540000
vn 0.000000 -0.000000 -2.540000
vn 0.000000 -0.000000 -2.540000
vn 0.000000 -0.000000 -2.540000
vn 0.000000 -0.000000 -2.540000
vn 0.000000 -0.000000 -2.540000
vn 0.000000 -0.000000 -2.540000
vn 0.000000 -0.000000 -2.540000
vn 0.000000 -0.000000 -2.540000
vn 0.000000 -0.000000 -2.540000
vn 0.000000 -0.000000 -2.540000
vn 0.000000 -0.000000 -2.540000
vn 0.000000 -0.000000 -2.540000
vn 0.000000 -0.000000 -2.540000
vn 0.000000 -0.000000 -2.540000
vn 0.000000 -0.000000 -2.540000
f 1162/2560/2560 1161/2646/2646 1160/2559/2559
f 1160/2559/2559 1161/2646/2646 1159/2647/2647
f 1160/2648/2648 1159/2603/2603 1164/2602/2602
f 1164/2602/2602 1159/2603/2603 1163/2604/2604
f 1164/2602/2602 1163/2604/2604 1168/2601/2601
f 1168/2601/2601 1163/2604/2604 1167/2605/2605
f 1168/2601/2601 1167/2605/2605 1172/2600/2600
f 1172/2600/2600 1167/2605/2605 1171/2606/2606
f 1172/2600/2600 1171/2606/2606 1180/2599/2599
f 1180/2599/2599 1171/2606/2606 1179/2607/2607
f 1180/2599/2599 1179/2607/2607 1184/2598/2598
f 1184/2598/2598 1179/2607/2607 1183/2608/2608
f 1184/2598/2598 1183/2608/2608 1192/2597/2597
f 1192/2597/2597 1183/2608/2608 1191/2609/2609
f 1192/2597/2597 1191/2609/2609 1200/2596/2596
f 1200/2596/2596 1191/2609/2609 1199/2610/2610
f 1200/2596/2596 1199/2610/2610 1208/2595/2595
f 1208/2595/2595 1199/2610/2610 1207/2611/2611
f 1208/2595/2595 1207/2611/2611 1212/2594/2594
f 1212/2594/2594 1207/2611/2611 1211/2612/2612
f 1212/2594/2594 1211/2612/2612 1220/2593/2593
f 1220/2593/2593 1211/2612/2612 1219/2613/2613
f 1220/2593/2593 1219/2613/2613 1228/2592/2592
f 1228/2592/2592 1219/2613/2613 1227/2614/2614
f 1228/2592/2592 1227/2614/2614 1236/2591/2591
f 1236/2591/2591 1227/2614/2614 1235/2615/2615
f 1236/2591/2591 1235/2615/2615 1244/2590/2590
f 1244/2590/2590 1235/2615/2615 1243/2616/2616
f 1244/2590/2590 1243/2616/2616 1248/2589/2589
f 1248/2589/2589 1243/2616/2616 1247/2617/2617
f 1248/2589/2589 1247/2617/2617 1256/2588/2588
f 1256/2588/2588 1247/2617/2617 1255/2618/2618
f 1256/2588/2588 1255/2618/2618 1264/2587/2587
f 1264/2587/2587 1255/2618/2618 1263/2619/2619
f 1264/2587/2587 1263/2619/2619 1272/2586/2586
f 1272/2586/2586 1263/2619/2619 1271/2620/2620
f 1272/2586/2586 1271/2620/2620 1276/2585/2585
f 1276/2585/2585 1271/2620/2620 1275/2621/2621
f 1276/2585/2585 1275/2621/2621 1284/2584/2584
f 1284/2584/2584 1275/2621/2621 1283/2622/2622
f 1284/2584/2584 1283/2622/2622 1288/2583/2583
f 1288/2583/2583 1283/2622/2622 1287/2623/2623
f 1288/2583/2583 1287/2623/2623 1292/2582/2582
f 1292/2582/2582 1287/2623/2623 1291/2624/2624
f 1292/2582/2582 1291/2624/2624 1294/2581/2581
f 1294/2581/2581 1291/2624/2624 1293/2625/2625
f 1294/2581/2581 1293/2625/2625 1290/2580/2580
f 1290/2580/2580 1293/2625/2625 1289/2626/2626
f 1290/2580/2580 1289/2626/2626 1286/2579/2579
f 1286/2579/2579 1289/2626/2626 1285/2627/2627
f 1286/2579/2579 1285/2627/2627 1282/2578/2578
f 1282/2578/2578 1285/2627/2627 1281/2628/2628
f 1282/2578/2578 1281/2628/2628 1274/2577/2577
f 1274/2577/2577 1281/2628/2628 1273/2629/2629
f 1274/2577/2577 1273/2629/2629 1270/2576/2576
f 1270/2576/2576 1273/2629/2629 1269/2630/2630
f 1270/2576/2576 1269/2630/2630 1262/2575/2575
f 1262/2575/2575 1269/2630/2630 1261/2631/2631
f 1262/2575/2575 1261/2631/2631 1254/2574/2574
f 1254/2574/2574 1261/2631/2631 1253/2632/2632
f 1254/2574/2574 1253/2632/2632 1246/2573/2573
f 1246/2573/2573 1253/2632/2632 1245/2633/2633
f 1246/2573/2573 1245/2633/2633 1242/2572/2572
f 1242/2572/2572 1245/2633/2633 1241/2634/2634
f 1242/2572/2572 1241/2634/2634 1234/2571/2571
f 1234/2571/2571 1241/2634/2634 1233/2635/2635
f 1234/2571/2571 1233/2635/2635 1226/2570/2570
f 1226/2570/2570 1233/2635/2635 1225/2636/2636
f 1226/2570/2570 1225/2636/2636 1218/2569/2569
f 1218/2569/2569 1225/2636/2636 1217/2637/2637
f 1218/2569/2569 1217/2637/2637 1210/2568/2568
f 1210/2568/2568 1217/2637/2637 1209/2638/2638
f 1210/2568/2568 1209/2638/2638 1206/2567/2567
f 1206/2567/2567 1209/2638/2638 1205/2639/2639
f 1206/2567/2567 1205/2639/2639 1198/2566/2566
f 1198/2566/2566 1205/2639/2639 1197/2640/2640
f 1198/2566/2566 1197/2640/2640 1190/2565/2565
f 1190/2565/2565 1197/2640/2640 1189/2641/2641
f 1190/2565/2565 1189/2641/2641 1182/2564/2564
f 1182/2564/2564 1189/2641/2641 1181/2642/2642
f 1182/2564/2564 1181/2642/2642 1178/2563/2563
f 1178/2563/2563 1181/2642/2642 1177/2643/2643
f 1178/2563/2563 1177/2643/2643 1170/2562/2562
f 1170/2562/2562 1177/2643/2643 1169/2644/2644
f 1170/2562/2562 1169/2644/2644 1166/2561/2561
f 1166/2561/2561 1169/2644/2644 1165/2645/2645
f 1166/2561/2561 1165/2645/2645 1162/2560/2560
f 1162/2560/2560 1165/2645/2645 1161/2646/2646
f 1134/2650/2650 1133/2756/2756 1130/2649/2649
f 1130/2649/2649 1133/2756/2756 1129/2757/2757
f 1130/2758/2758 1129/2703/2703 1132/2702/2702
f 1132/2702/2702 1129/2703/2703 1131/2704/2704
f 1132/2702/2702 1131/2704/2704 1136/2701/2701
f 1136/2701/2701 1131/2704/2704 1135/2705/2705
f 1136/2701/2701 1135/2705/2705 1140/2700/2700
f 1140/2700/2700 1135/2705/2705 1139/2706/2706
f 1140/2700/2700 1139/2706/2706 1144/2699/2699
f 1144/2699/2699 1139/2706/2706 1143/2707/2707
f 1144/2699/2699 1143/2707/2707 1148/2698/2698
f 1148/2698/2698 1143/2707/2707 1147/2708/2708
f 1148/2698/2698 1147/2708/2708 1152/2697/2697
f 1152/2697/2697 1147/2708/2708 1151/2709/2709
f 1152/2697/2697 1151/2709/2709 1156/2696/2696
f 1156/2696/2696 1151/2709/2709 1155/2710/2710
f 1156/2696/2696 1155/2710/2710 1174/2695/2695
f 1174/2695/2695 1155/2710/2710 1173/2711/2711
f 1174/2695/2695 1173/2711/2711 1186/2694/2694
f 1186/2694/2694 1173/2711/2711 1185/2712/2712
f 1186/2694/2694 1185/2712/2712 1194/2693/2693
f 1194/2693/2693 1185/2712/2712 1193/2713/2713
f 1194/2693/2693 1193/2713/2713 1202/2692/2692
f 1202/2692/2692 1193/2713/2713 1201/2714/2714
f 1202/2692/2692 1201/2714/2714 1214/2691/2691
f 1214/2691/2691 1201/2714/2714 1213/2715/2715
f 1214/2691/2691 1213/2715/2715 1222/2690/2690
f 1222/2690/2690 1213/2715/2715 1221/2716/2716
f 1222/2690/2690 1221/2716/2716 1230/2689/2689
f 1230/2689/2689 1221/2716/2716 1229/2717/2717
f 1230/2689/2689 1229/2717/2717 1238/2688/2688
f 1238/2688/2688 1229/2717/2717 1237/2718/2718
f 1238/2688/2688 1237/2718/2718 1250/2687/2687
f 1250/2687/2687 1237/2718/2718 1249/2719/2719
f 1250/2687/2687 1249/2719/2719 1258/2686/2686
f 1258/2686/2686 1249/2719/2719 1257/2720/2720
f 1258/2686/2686 1257/2720/2720 1266/2685/2685
f 1266/2685/2685 1257/2720/2720 1265/2721/2721
f 1266/2685/2685 1265/2721/2721 1278/2684/2684
f 1278/2684/2684 1265/2721/2721 1277/2722/2722
f 1278/2684/2684 1277/2722/2722 1296/2683/2683
f 1296/2683/2683 1277/2722/2722 1295/2723/2723
f 1296/2683/2683 1295/2723/2723 1300/2682/2682
f 1300/2682/2682 1295/2723/2723 1299/2724/2724
f 1300/2682/2682 1299/2724/2724 1304/2681/2681
f 1304/2681/2681 1299/2724/2724 1303/2725/2725
f 1304/2681/2681 1303/2725/2725 1308/2680/2680
f 1308/2680/2680 1303/2725/2725 1307/2726/2726
f 1308/2680/2680 1307/2726/2726 1312/2679/2679
f 1312/2679/2679 1307/2726/2726 1311/2727/2727
f 1312/2679/2679 1311/2727/2727 1316/2678/2678
f 1316/2678/2678 1311/2727/2727 1315/2728/2728
f 1316/2678/2678 1315/2728/2728 1320/2677/2677
f 1320/2677/2677 1315/2728/2728 1319/2729/2729
f 1320/2677/2677 1319/2729/2729 1324/2676/2676
f 1324/2676/2676 1319/2729/2729 1323/2730/2730
f 1324/2676/2676 1323/2730/2730 1322/2675/2675
f 1322/2675/2675 1323/2730/2730 1321/2731/2731
f 1322/2675/2675 1321/2731/2731 1318/2674/2674
f 1318/2674/2674 1321/2731/2731 1317/2732/2732
f 1318/2674/2674 1317/2732/2732 1314/2673/2673
f 1314/2673/2673 1317/2732/2732 1313/2733/2733
f 1314/2673/2673 1313/2733/2733 1310/2672/2672
f 1310/2672/2672 1313/2733/2733 1309/2734/2734
f 1310/2672/2672 1309/2734/2734 1306/2671/2671
f 1306/2671/2671 1309/2734/2734 1305/2735/2735
f 1306/2671/2671 1305/2735/2735 1302/2670/2670
f 1302/2670/2670 1305/2735/2735 1301/2736/2736
f 1302/2670/2670 1301/2736/2736 1298/2669/2669
f 1298/2669/2669 1301/2736/2736 1297/2737/2737
f 1298/2669/2669 1297/2737/2737 1280/2668/2668
f 1280/2668/2668 1297/2737/2737 1279/2738/2738
f 1280/2668/2668 1279/2738/2738 1268/2667/2667
f 1268/2667/2667 1279/2738/2738 1267/2739/2739
f 1268/2667/2667 1267/2739/2739 1260/2666/2666
f 1260/2666/2666 1267/2739/2739 1259/2740/2740
f 1260/2666/2666 1259/2740/2740 1252/2665/2665
f 1252/2665/2665 1259/2740/2740 1251/2741/2741
f 1252/2665/2665 1251/2741/2741 1240/2664/2664
f 1240/2664/2664 1251/2741/2741 1239/2742/2742
f 1240/2664/2664 1239/2742/2742 1232/2663/2663
f 1232/2663/2663 1239/2742/2742 1231/2743/2743
f 1232/2663/2663 1231/2743/2743 1224/2662/2662
f 1224/2662/2662 1231/2743/2743 1223/2744/2744
f 1224/2662/2662 1223/2744/2744 1216/2661/2661
f 1216/2661/2661 1223/2744/2744 1215/2745/2745
f 1216/2661/2661 1215/2745/2745 1204/2660/2660
f 1204/2660/2660 1215/2745/2745 1203/2746/2746
f 1204/2660/2660 1203/2746/2746 1196/2659/2659
f 1196/2659/2659 1203/2746/2746 1195/2747/2747
f 1196/2659/2659 1195/2747/2747 1188/2658/2658
f 1188/2658/2658 1195/2747/2747 1187/2748/2748
f 1188/2658/2658 1187/2748/2748 1176/2657/2657
f 1176/2657/2657 1187/2748/2748 1175/2749/2749
f 1176/2657/2657 1175/2749/2749 1158/2656/2656
f 1158/2656/2656 1175/2749/2749 1157/2750/2750
f 1158/2656/2656 1157/2750/2750 1154/2655/2655
f 1154/2655/2655 1157/2750/2750 1153/2751/2751
f 1154/2655/2655 1153/2751/2751 1150/2654/2654
f 1150/2654/2654 1153/2751/2751 1149/2752/2752
f 1150/2654/2654 1149/2752/2752 1146/2653/2653
f 1146/2653/2653 1149/2752/2752 1145/2753/2753
f 1146/2653/2653 1145/2753/2753 1142/2652/2652
f 1142/2652/2652 1145/2753/2753 1141/2754/2754
f 1142/2652/2652 1141/2754/2754 1138/2651/2651
f 1138/2651/2651 1141/2754/2754 1137/2755/2755
f 1138/2651/2651 1137/2755/2755 1134/2650/2650
f 1134/2650/2650 1137/2755/2755 1133/2756/2756
f 1134/2812/2812 1130/2759/2759 1160/2813/2813
f 1160/2813/2813 1130/2759/2759 1132/2760/2760
f 1160/2813/2813 1132/2760/2760 1162/2856/2856
f 1162/2856/2856 1132/2760/2760 1136/2761/2761
f 1162/2856/2856 1136/2761/2761 1166/2855/2855
f 1166/2855/2855 1136/2761/2761 1140/2762/2762
f 1166/2855/2855 1140/2762/2762 1170/2854/2854
f 1170/2854/2854 1140/2762/2762 1144/2763/2763
f 1170/2854/2854 1144/2763/2763 1178/2853/2853
f 1178/2853/2853 1144/2763/2763 1148/2764/2764
f 1178/2853/2853 1148/2764/2764 1152/2765/2765
f 1178/2853/2853 1152/2765/2765 1182/2852/2852
f 1182/2852/2852 1152/2765/2765 1156/2766/2766
f 1182/2852/2852 1156/2766/2766 1190/2851/2851
f 1190/2851/2851 1156/2766/2766 1174/2767/2767
f 1190/2851/2851 1174/2767/2767 1198/2850/2850
f 1198/2850/2850 1174/2767/2767 1186/2768/2768
f 1198/2850/2850 1186/2768/2768 1206/2849/2849
f 1206/2849/2849 1186/2768/2768 1194/2769/2769
f 1206/2849/2849 1194/2769/2769 1210/2848/2848
f 1210/2848/2848 1194/2769/2769 1202/2770/2770
f 1210/2848/2848 1202/2770/2770 1214/2771/2771
f 1210/2848/2848 1214/2771/2771 1218/2847/2847
f 1218/2847/2847 1214/2771/2771 1222/2772/2772
f 1218/2847/2847 1222/2772/2772 1226/2846/2846
f 1226/2846/2846 1222/2772/2772 1230/2773/2773
f 1226/2846/2846 1230/2773/2773 1234/2845/2845
f 1234/2845/2845 1230/2773/2773 1238/2774/2774
f 1234/2845/2845 1238/2774/2774 1242/2844/2844
f 1242/2844/2844 1238/2774/2774 1250/2775/2775
f 1242/2844/2844 1250/2775/2775 1258/2776/2776
f 1242/2844/2844 1258/2776/2776 1246/2843/2843
f 1246/2843/2843 1258/2776/2776 1266/2777/2777
f 1246/2843/2843 1266/2777/2777 1254/2842/2842
f 1254/2842/2842 1266/2777/2777 1278/2778/2778
f 1254/2842/2842 1278/2778/2778 1262/2841/2841
f 1262/2841/2841 1278/2778/2778 1296/2779/2779
f 1262/2841/2841 1296/2779/2779 1270/2840/2840
f 1270/2840/2840 1296/2779/2779 1300/2780/2780
f 1270/2840/2840 1300/2780/2780 1274/2839/2839
f 1274/2839/2839 1300/2780/2780 1304/2781/2781
f 1274/2839/2839 1304/2781/2781 1308/2782/2782
f 1274/2839/2839 1308/2782/2782 1282/2838/2838
f 1282/2838/2838 1308/2782/2782 1312/2783/2783
f 1282/2838/2838 1312/2783/2783 1286/2837/2837
f 1286/2837/2837 1312/2783/2783 1316/2784/2784
f 1286/2837/2837 1316/2784/2784 1290/2836/2836
f 1290/2836/2836 1316/2784/2784 1320/2785/2785
f 1290/2836/2836 1320/2785/2785 1294/2835/2835
f 1294/2835/2835 1320/2785/2785 1324/2786/2786
f 1294/2835/2835 1324/2786/2786 1322/2787/2787
f 1294/2835/2835 1322/2787/2787 1292/2834/2834
f 1292/2834/2834 1322/2787/2787 1318/2788/2788
f 1292/2834/2834 1318/2788/2788 1288/2833/2833
f 1288/2833/2833 1318/2788/2788 1314/2789/2789
f 1288/2833/2833 1314/2789/2789 1284/2832/2832
f 1284/2832/2832 1314/2789/2789 1310/2790/2790
f 1284/2832/2832 1310/2790/2790 1276/2831/2831
f 1276/2831/2831 1310/2790/2790 1306/2791/2791
f 1276/2831/2831 1306/2791/2791 1302/2792/2792
f 1276/2831/2831 1302/2792/2792 1272/2830/2830
f 1272/2830/2830 1302/2792/2792 1298/2793/2793
f 1272/2830/2830 1298/2793/2793 1264/2829/2829
f 1264/2829/2829 1298/2793/2793 1280/2794/2794
f 1264/2829/2829 1280/2794/2794 1256/2828/2828
f 1256/2828/2828 1280/2794/2794 1268/2795/2795
f 1256/2828/2828 1268/2795/2795 1248/2827/2827
f 1248/2827/2827 1268/2795/2795 1260/2796/2796
f 1248/2827/2827 1260/2796/2796 1244/2826/2826
f 1244/2826/2826 1260/2796/2796 1252/2797/2797
f 1244/2826/2826 1252/2797/2797 1240/2798/2798
f 1244/2826/2826 1240/2798/2798 1236/2825/2825
f 1236/2825/2825 1240/2798/2798 1232/2799/2799
f 1236/2825/2825 1232/2799/2799 1228/2824/2824
f 1228/2824/2824 1232/2799/2799 1224/2800/2800
f 1228/2824/2824 1224/2800/2800 1220/2823/2823
f 1220/2823/2823 1224/2800/2800 1216/2801/2801
f 1220/2823/2823 1216/2801/2801 1212/2822/2822
f 1212/2822/2822 1216/2801/2801 1204/2802/2802
f 1212/2822/2822 1204/2802/2802 1196/2803/2803
f 1212/2822/2822 1196/2803/2803 1208/2821/2821
f 1208/2821/2821 1196/2803/2803 1188/2804/2804
f 1208/2821/2821 1188/2804/2804 1200/2820/2820
f 1200/2820/2820 1188/2804/2804 1176/2805/2805
f 1200/2820/2820 1176/2805/2805 1192/2819/2819
f 1192/2819/2819 1176/2805/2805 1158/2806/2806
f 1192/2819/2819 1158/2806/2806 1184/2818/2818
f 1184/2818/2818 1158/2806/2806 1154/2807/2807
f 1184/2818/2818 1154/2807/2807 1180/2817/2817
f 1180/2817/2817 1154/2807/2807 1150/2808/2808
f 1180/2817/2817 1150/2808/2808 1146/2809/2809
f 1180/2817/2817 1146/2809/2809 1172/2816/2816
f 1172/2816/2816 1146/2809/2809 1142/2810/2810
f 1172/2816/2816 1142/2810/2810 1168/2815/2815
f 1168/2815/2815 1142/2810/2810 1138/2811/2811
f 1168/2815/2815 1138/2811/2811 1164/2814/2814
f 1164/2814/2814 1138/2811/2811 1134/2812/2812
f 1164/2814/2814 1134/2812/2812 1160/2813/2813
f 1131/2910/2910 1129/2857/2857 1159/2911/2911
f 1159/2911/2911 1129/2857/2857 1133/2858/2858
f 1159/2911/2911 1133/2858/2858 1163/2954/2954
f 1163/2954/2954 1133/2858/2858 1137/2859/2859
f 1163/2954/2954 1137/2859/2859 1167/2953/2953
f 1167/2953/2953 1137/2859/2859 1141/2860/2860
f 1167/2953/2953 1141/2860/2860 1171/2952/2952
f 1171/2952/2952 1141/2860/2860 1145/2861/2861
f 1171/2952/2952 1145/2861/2861 1179/2951/2951
f 1179/2951/2951 1145/2861/2861 1149/2862/2862
f 1179/2951/2951 1149/2862/2862 1153/2863/2863
f 1179/2951/2951 1153/2863/2863 1183/2950/2950
f 1183/2950/2950 1153/2863/2863 1157/2864/2864
f 1183/2950/2950 1157/2864/2864 1191/2949/2949
f 1191/2949/2949 1157/2864/2864 1175/2865/2865
f 1191/2949/2949 1175/2865/2865 1199/2948/2948
f 1199/2948/2948 1175/2865/2865 1187/2866/2866
f 1199/2948/2948 1187/2866/2866 1207/2947/2947
f 1207/2947/2947 1187/2866/2866 1195/2867/2867
f 1207/2947/2947 1195/2867/2867 1211/2946/2946
f 1211/2946/2946 1195/2867/2867 1203/2868/2868
f 1211/2946/2946 1203/2868/2868 1215/2869/2869
f 1211/2946/2946 1215/2869/2869 1219/2945/2945
f 1219/2945/2945 1215/2869/2869 1223/2870/2870
f 1219/2945/2945 1223/2870/2870 1227/2944/2944
f 1227/2944/2944 1223/2870/2870 1231/2871/2871
f 1227/2944/2944 1231/2871/2871 1235/2943/2943
f 1235/2943/2943 1231/2871/2871 1239/2872/2872
f 1235/2943/2943 1239/2872/2872 1243/2942/2942
f 1243/2942/2942 1239/2872/2872 1251/2873/2873
f 1243/2942/2942 1251/2873/2873 1259/2874/2874
f 1243/2942/2942 1259/2874/2874 1247/2941/2941
f 1247/2941/2941 1259/2874/2874 1267/2875/2875
f 1247/2941/2941 1267/2875/2875 1255/2940/2940
f 1255/2940/2940 1267/2875/2875 1279/2876/2876
f 1255/2940/2940 1279/2876/2876 1263/2939/2939
f 1263/2939/2939 1279/2876/2876 1297/2877/2877
f 1263/2939/2939 1297/2877/2877 1271/2938/2938
f 1271/2938/2938 1297/2877/2877 1301/2878/2878
f 1271/2938/2938 1301/2878/2878 1275/2937/2937
f 1275/2937/2937 1301/2878/2878 1305/2879/2879
f 1275/2937/2937 1305/2879/2879 1309/2880/2880
f 1275/2937/2937 1309/2880/2880 1283/2936/2936
f 1283/2936/2936 1309/2880/2880 1313/2881/2881
f 1283/2936/2936 1313/2881/2881 1287/2935/2935
f 1287/2935/2935 1313/2881/2881 1317/2882/2882
f 1287/2935/2935 1317/2882/2882 1291/2934/2934
f 1291/2934/2934 1317/2882/2882 1321/2883/2883
f 1291/2934/2934 1321/2883/2883 1293/2933/2933
f 1293/2933/2933 1321/2883/2883 1323/2884/2884
f 1293/2933/2933 1323/2884/2884 1319/2885/2885
f 1293/2933/2933 1319/2885/2885 1289/2932/2932
f 1289/2932/2932 1319/2885/2885 1315/2886/2886
f 1289/2932/2932 1315/2886/2886 1285/2931/2931
f 1285/2931/2931 1315/2886/2886 1311/2887/2887
f 1285/2931/2931 1311/2887/2887 1281/2930/2930
f 1281/2930/2930 1311/2887/2887 1307/2888/2888
f 1281/2930/2930 1307/2888/2888 1273/2929/2929
f 1273/2929/2929 1307/2888/2888 1303/2889/2889
f 1273/2929/2929 1303/2889/2889 1299/2890/2890
f 1273/2929/2929 1299/2890/2890 1269/2928/2928
f 1269/2928/2928 1299/2890/2890 1295/2891/2891
f 1269/2928/2928 1295/2891/2891 1261/2927/2927
f 1261/2927/2927 1295/2891/2891 1277/2892/2892
f 1261/2927/2927 1277/2892/2892 1253/2926/2926
f 1253/2926/2926 1277/2892/2892 1265/2893/2893
f 1253/2926/2926 1265/2893/2893 1245/2925/2925
f 1245/2925/2925 1265/2893/2893 1257/2894/2894
f 1245/2925/2925 1257/2894/2894 1241/2924/2924
f 1241/2924/2924 1257/2894/2894 1249/2895/2895
f 1241/2924/2924 1249/2895/2895 1237/2896/2896
f 1241/2924/2924 1237/2896/2896 1233/2923/2923
f 1233/2923/2923 1237/2896/2896 1229/2897/2897
f 1233/2923/2923 1229/2897/2897 1225/2922/2922
f 1225/2922/2922 1229/2897/2897 1221/2898/2898
f 1225/2922/2922 1221/2898/2898 1217/2921/2921
f 1217/2921/2921 1221/2898/2898 1213/2899/2899
f 1217/2921/2921 1213/2899/2899 1209/2920/2920
f 1209/2920/2920 1213/2899/2899 1201/2900/2900
f 1209/2920/2920 1201/2900/2900 1193/2901/2901
f 1209/2920/2920 1193/2901/2901 1205/2919/2919
f 1205/2919/2919 1193/2901/2901 1185/2902/2902
f 1205/2919/2919 1185/2902/2902 1197/2918/2918
f 1197/2918/2918 1185/2902/2902 1173/2903/2903
f 1197/2918/2918 1173/2903/2903 1189/2917/2917
f 1189/2917/2917 1173/2903/2903 1155/2904/2904
f 1189/2917/2917 1155/2904/2904 1181/2916/2916
f 1181/2916/2916 1155/2904/2904 1151/2905/2905
f 1181/2916/2916 1151/2905/2905 1177/2915/2915
f 1177/2915/2915 1151/2905/2905 1147/2906/2906
f 1177/2915/2915 1147/2906/2906 1143/2907/2907
f 1177/2915/2915 1143/2907/2907 1169/2914/2914
f 1169/2914/2914 1143/2907/2907 1139/2908/2908
f 1169/2914/2914 1139/2908/2908 1165/2913/2913
f 1165/2913/2913 1139/2908/2908 1135/2909/2909
f 1165/2913/2913 1135/2909/2909 1161/2912/2912
f 1161/2912/2912 1135/2909/2909 1131/2910/2910
f 1161/2912/2912 1131/2910/2910 1159/2911/2911
g Solid20

v 0.541339 0.357882 -0.000000
v 0.541339 0.357882 0.059055
v 0.533889 0.357478 -0.000000
v 0.533889 0.357478 0.059055
v 0.548788 0.357478 -0.000000
v 0.548788 0.357478 0.059055
v 0.526528 0.356272 -0.000000
v 0.526528 0.356272 0.059055
v 0.556150 0.356272 -0.000000
v 0.556150 0.356272 0.059055
v 0.519339 0.354276 -0.000000
v 0.519339 0.354276 0.059055
v 0.563338 0.354276 -0.000000
v 0.563338 0.354276 0.059055
v 0.512409 0.351515 -0.000000
v 0.512409 0.351515 0.059055
v 0.570268 0.351515 -0.000000
v 0.570268 0.351515 0.059055
v 0.541339 0.348040 -0.000000
v 0.541339 0.348040 0.059055
v 0.505818 0.348020 -0.000000
v 0.505818 0.348020 0.059055
v 0.576859 0.348020 -0.000000
v 0.576859 0.348020 0.059055
v 0.534483 0.347641 -0.000000
v 0.534483 0.347641 0.059055
v 0.548194 0.347641 -0.000000
v 0.548194 0.347641 0.059055
v 0.527720 0.346448 -0.000000
v 0.527720 0.346448 0.059055
v 0.554958 0.346448 -0.000000
v 0.554958 0.346448 0.059055
v 0.521141 0.344478 -0.000000
v 0.521141 0.344478 0.059055
v 0.561537 0.344478 -0.000000
v 0.561537 0.344478 0.059055
v 0.499644 0.343834 -0.000000
v 0.499644 0.343834 0.059055
v 0.583034 0.343834 -0.000000
v 0.583034 0.343834 0.059055
v 0.514835 0.341758 -0.000000
v 0.514835 0.341758 0.059055
v 0.567842 0.341758 -0.000000
v 0.567842 0.341758 0.059055
v 0.493958 0.339004 -0.000000
v 0.493958 0.339004 0.059055
v 0.588719 0.339004 -0.000000
v 0.588719 0.339004 0.059055
v 0.508887 0.338325 -0.000000
v 0.508887 0.338325 0.059055
v 0.573790 0.338325 -0.000000
v 0.573790 0.338325 0.059055
v 0.503379 0.334224 -0.000000
v 0.503379 0.334224 0.059055
v 0.579298 0.334224 -0.000000
v 0.579298 0.334224 0.059055
v 0.488827 0.333588 -0.000000
v 0.488827 0.333588 0.059055
v 0.593850 0.333588 -0.000000
v 0.593850 0.333588 0.059055
v 0.498383 0.329511 -0.000000
v 0.498383 0.329511 0.059055
v 0.584294 0.329511 -0.000000
v 0.584294 0.329511 0.059055
v 0.484313 0.327649 -0.000000
v 0.484313 0.327649 0.059055
v 0.598364 0.327649 -0.000000
v 0.598364 0.327649 0.059055
v 0.493969 0.324250 -0.000000
v 0.493969 0.324250 0.059055
v 0.588708 0.324250 -0.000000
v 0.588708 0.324250 0.059055
v 0.480467 0.321257 -0.000000
v 0.480467 0.321257 0.059055
v 0.602210 0.321257 -0.000000
v 0.602210 0.321257 0.059055
v 0.490195 0.318512 -0.000000
v 0.490195 0.318512 0.059055
v 0.592482 0.318512 -0.000000
v 0.592482 0.318512 0.059055
v 0.477334 0.314486 -0.000000
v 0.477334 0.314486 0.059055
v 0.605343 0.314486 -0.000000
v 0.605343 0.314486 0.059055
v 0.487113 0.312375 -0.000000
v 0.487113 0.312375 0.059055
v 0.595564 0.312375 -0.000000
v 0.595564 0.312375 0.059055
v 0.474952 0.307417 -0.000000
v 0.474952 0.307417 0.059055
v 0.607725 0.307417 -0.000000
v 0.607725 0.307417 0.059055
v 0.484764 0.305922 -0.000000
v 0.484764 0.305922 0.059055
v 0.597913 0.305922 -0.000000
v 0.597913 0.305922 0.059055
v 0.473349 0.300131 -0.000000
v 0.473349 0.300131 0.059055
v 0.609329 0.300131 -0.000000
v 0.609329 0.300131 0.059055
v 0.483181 0.299240 -0.000000
v 0.483181 0.299240 0.059055
v 0.599497 0.299240 -0.000000
v 0.599497 0.299240 0.059055
v 0.472542 0.292715 -0.000000
v 0.472542 0.292715 0.059055
v 0.610135 0.292715 -0.000000
v 0.610135 0.292715 0.059055
v 0.482383 0.292418 -0.000000
v 0.482383 0.292418 0.059055
v 0.600294 0.292418 -0.000000
v 0.600294 0.292418 0.059055
v 0.482383 0.285551 -0.000000
v 0.482383 0.285551 0.059055
v 0.600294 0.285551 -0.000000
v 0.600294 0.285551 0.059055
v 0.472542 0.285255 -0.000000
v 0.472542 0.285255 0.059055
v 0.610135 0.285255 -0.000000
v 0.610135 0.285255 0.059055
v 0.483181 0.278730 -0.000000
v 0.483181 0.278730 0.059055
v 0.599497 0.278730 -0.000000
v 0.599497 0.278730 0.059055
v 0.473349 0.277838 -0.000000
v 0.473349 0.277838 0.059055
v 0.609329 0.277838 -0.000000
v 0.609329 0.277838 0.059055
v 0.484764 0.272048 -0.000000
v 0.484764 0.272048 0.059055
v 0.597913 0.272048 -0.000000
v 0.597913 0.272048 0.059055
v 0.474952 0.270553 -0.000000
v 0.474952 0.270553 0.059055
v 0.607725 0.270553 -0.000000
v 0.607725 0.270553 0.059055
v 0.487113 0.265594 -0.000000
v 0.487113 0.265594 0.059055
v 0.595564 0.265594 -0.000000
v 0.595564 0.265594 0.059055
v 0.477334 0.263483 -0.000000
v 0.477334 0.263483 0.059055
v 0.605343 0.263483 -0.000000
v 0.605343 0.263483 0.059055
v 0.490195 0.259457 -0.000000
v 0.490195 0.259457 0.059055
v 0.592482 0.259457 -0.000000
v 0.592482 0.259457 0.059055
v 0.480467 0.256712 -0.000000
v 0.480467 0.256712 0.059055
v 0.602210 0.256712 -0.000000
v 0.602210 0.256712 0.059055
v 0.493969 0.253719 -0.000000
v 0.493969 0.253719 0.059055
v 0.588708 0.253719 -0.000000
v 0.588708 0.253719 0.059055
v 0.484313 0.250320 -0.000000
v 0.484313 0.250320 0.059055
v 0.598364 0.250320 -0.000000
v 0.598364 0.250320 0.059055
v 0.498383 0.248459 -0.000000
v 0.498383 0.248459 0.059055
v 0.584294 0.248459 -0.000000
v 0.584294 0.248459 0.059055
v 0.488827 0.244381 -0.000000
v 0.488827 0.244381 0.059055
v 0.593850 0.244381 -0.000000
v 0.593850 0.244381 0.059055
v 0.503379 0.243746 -0.000000
v 0.503379 0.243746 0.059055
v 0.579298 0.243746 -0.000000
v 0.579298 0.243746 0.059055
v 0.508887 0.239645 -0.000000
v 0.508887 0.239645 0.059055
v 0.573790 0.239645 -0.000000
v 0.573790 0.239645 0.059055
v 0.493958 0.238965 -0.000000
v 0.493958 0.238965 0.059055
v 0.588719 0.238965 -0.000000
v 0.588719 0.238965 0.059055
v 0.514835 0.236211 -0.000000
v 0.514835 0.236211 0.059055
v 0.567842 0.236211 -0.000000
v 0.567842 0.236211 0.059055
v 0.499644 0.234136 -0.000000
v 0.499644 0.234136 0.059055
v 0.583034 0.234136 -0.000000
v 0.583034 0.234136 0.059055
v 0.521141 0.233491 -0.000000
v 0.521141 0.233491 0.059055
v 0.561537 0.233491 -0.000000
v 0.561537 0.233491 0.059055
v 0.527720 0.231521 -0.000000
v 0.527720 0.231521 0.059055
v 0.554958 0.231521 -0.000000
v 0.554958 0.231521 0.059055
v 0.534483 0.230329 -0.000000
v 0.534483 0.230329 0.059055
v 0.548194 0.230329 -0.000000
v 0.548194 0.230329 0.059055
v 0.505818 0.229949 -0.000000
v 0.505818 0.229949 0.059055
v 0.541339 0.229930 -0.000000
v 0.541339 0.229930 0.059055
v 0.576859 0.229949 -0.000000
v 0.576859 0.229949 0.059055
v 0.512409 0.226455 -0.000000
v 0.512409 0.226455 0.059055
v 0.570268 0.226455 -0.000000
v 0.570268 0.226455 0.059055
v 0.519339 0.223694 -0.000000
v 0.519339 0.223694 0.059055
v 0.563338 0.223694 -0.000000
v 0.563338 0.223694 0.059055
v 0.526528 0.221698 -0.000000
v 0.526528 0.221698 0.059055
v 0.556150 0.221698 -0.000000
v 0.556150 0.221698 0.059055
v 0.533889 0.220491 -0.000000
v 0.533889 0.220491 0.059055
v 0.548788 0.220491 -0.000000
v 0.548788 0.220491 0.059055
v 0.541339 0.220087 -0.000000
v 0.541339 0.220087 0.059055
vt 0.000000 0.471239 0.000000
vt 0.000000 0.453786 0.000000
vt 0.000000 0.436332 0.000000
vt 0.000000 0.418879 0.000000
vt 0.000000 0.401426 0.000000
vt 0.000000 0.383972 0.000000
vt 0.000000 0.366519 0.000000
vt 0.000000 0.349066 0.000000
vt 0.000000 0.331613 0.000000
vt 0.000000 0.314159 0.000000
vt 0.000000 0.296706 0.000000
vt 0.000000 0.279253 0.000000
vt 0.000000 0.261799 0.000000
vt 0.000000 0.244346 0.000000
vt 0.000000 0.226893 0.000000
vt 0.000000 0.209440 0.000000
vt 0.000000 0.191986 0.000000
vt 0.000000 0.174533 0.000000
vt 0.000000 0.157080 0.000000
vt 0.000000 0.139626 0.000000
vt 0.000000 0.122173 0.000000
vt 0.000000 0.104720 0.000000
vt 0.000000 0.087266 0.000000
vt 0.000000 0.069813 0.000000
vt 0.000000 0.052360 0.000000
vt 0.000000 0.034907 0.000000
vt 0.000000 0.017453 0.000000
vt 0.000000 0.000000 0.000000
vt 0.000000 -0.017453 0.000000
vt 0.000000 -0.034907 0.000000
vt 0.000000 -0.052360 0.000000
vt 0.000000 -0.069813 0.000000
vt 0.000000 -0.087266 0.000000
vt 0.000000 -0.104720 0.000000
vt 0.000000 -0.122173 0.000000
vt 0.000000 -0.139626 0.000000
vt 0.000000 -0.157080 0.000000
vt 0.000000 -0.174533 0.000000
vt 0.000000 -0.191986 0.000000
vt 0.000000 -0.209440 0.000000
vt 0.000000 -0.226893 0.000000
vt 0.000000 -0.244346 0.000000
vt 0.000000 -0.261799 0.000000
vt 0.000000 -0.279253 0.000000
vt 0.000000 -0.296706 0.000000
vt 0.000000 -0.314159 0.000000
vt 0.000000 -0.331613 0.000000
vt 0.000000 -0.349066 0.000000
vt 0.000000 -0.366519 0.000000
vt 0.000000 -0.383972 0.000000
vt 0.000000 -0.401426 0.000000
vt 0.000000 -0.418879 0.000000
vt 0.000000 -0.436332 0.000000
vt 0.000000 -0.453786 0.000000
vt 0.150000 -0.471239 0.000000
vt 0.150000 -0.453786 0.000000
vt 0.150000 -0.436332 0.000000
vt 0.150000 -0.418879 0.000000
vt 0.150000 -0.401426 0.000000
vt 0.150000 -0.383972 0.000000
vt 0.150000 -0.366519 0.000000
vt 0.150000 -0.349066 0.000000
vt 0.150000 -0.331613 0.000000
vt 0.150000 -0.314159 0.000000
vt 0.150000 -0.296706 0.000000
vt 0.150000 -0.279253 0.000000
vt 0.150000 -0.261799 0.000000
vt 0.150000 -0.244346 0.000000
vt 0.150000 -0.226893 0.000000
vt 0.150000 -0.209440 0.000000
vt 0.150000 -0.191986 0.000000
vt 0.150000 -0.174533 0.000000
vt 0.150000 -0.157080 0.000000
vt 0.150000 -0.139626 0.000000
vt 0.150000 -0.122173 0.000000
vt 0.150000 -0.104720 0.000000
vt 0.150000 -0.087266 0.000000
vt 0.150000 -0.069813 0.000000
vt 0.150000 -0.052360 0.000000
vt 0.150000 -0.034907 0.000000
vt 0.150000 -0.017453 0.000000
vt 0.150000 0.000000 0.000000
vt 0.150000 0.017453 0.000000
vt 0.150000 0.034907 0.000000
vt 0.150000 0.052360 0.000000
vt 0.150000 0.069813 0.000000
vt 0.150000 0.087266 0.000000
vt 0.150000 0.104720 0.000000
vt 0.150000 0.122173 0.000000
vt 0.150000 0.139626 0.000000
vt 0.150000 0.157080 0.000000
vt 0.150000 0.174533 0.000000
vt 0.150000 0.191986 0.000000
vt 0.150000 0.209440 0.000000
vt 0.150000 0.226893 0.000000
vt 0.150000 0.244346 0.000000
vt 0.150000 0.261799 0.000000
vt 0.150000 0.279253 0.000000
vt 0.150000 0.296706 0.000000
vt 0.150000 0.314159 0.000000
vt 0.150000 0.331613 0.000000
vt 0.150000 0.349066 0.000000
vt 0.150000 0.366519 0.000000
vt 0.150000 0.383972 0.000000
vt 0.150000 0.401426 0.000000
vt 0.150000 0.418879 0.000000
vt 0.150000 0.436332 0.000000
vt 0.150000 0.453786 0.000000
vt 0.150000 0.471239 0.000000
vt 0.000000 -0.471239 0.000000
vt -0.000000 -0.549779 0.000000
vt -0.000000 -0.530821 0.000000
vt -0.000000 -0.511863 0.000000
vt -0.000000 -0.492905 0.000000
vt -0.000000 -0.473947 0.000000
vt -0.000000 -0.454989 0.000000
vt -0.000000 -0.436031 0.000000
vt -0.000000 -0.417073 0.000000
vt -0.000000 -0.398116 0.000000
vt -0.000000 -0.379158 0.000000
vt -0.000000 -0.360200 0.000000
vt -0.000000 -0.341242 0.000000
vt -0.000000 -0.322284 0.000000
vt -0.000000 -0.303326 0.000000
vt -0.000000 -0.284368 0.000000
vt -0.000000 -0.265410 0.000000
vt -0.000000 -0.246453 0.000000
vt -0.000000 -0.227495 0.000000
vt -0.000000 -0.208537 0.000000
vt -0.000000 -0.189579 0.000000
vt -0.000000 -0.170621 0.000000
vt -0.000000 -0.151663 0.000000
vt -0.000000 -0.132705 0.000000
vt -0.000000 -0.113747 0.000000
vt -0.000000 -0.094789 0.000000
vt -0.000000 -0.075832 0.000000
vt -0.000000 -0.056874 0.000000
vt -0.000000 -0.037916 0.000000
vt -0.000000 -0.018958 0.000000
vt -0.000000 0.000000 0.000000
vt -0.000000 0.018958 0.000000
vt -0.000000 0.037916 0.000000
vt -0.000000 0.056874 0.000000
vt -0.000000 0.075832 0.000000
vt -0.000000 0.094789 0.000000
vt -0.000000 0.113747 0.000000
vt -0.000000 0.132705 0.000000
vt -0.000000 0.151663 0.000000
vt -0.000000 0.170621 0.000000
vt -0.000000 0.189579 0.000000
vt -0.000000 0.208537 0.000000
vt -0.000000 0.227495 0.000000
vt -0.000000 0.246453 0.000000
vt -0.000000 0.265410 0.000000
vt -0.000000 0.284368 0.000000
vt -0.000000 0.303326 0.000000
vt -0.000000 0.322284 0.000000
vt -0.000000 0.341242 0.000000
vt -0.000000 0.360200 0.000000
vt -0.000000 0.379158 0.000000
vt -0.000000 0.398116 0.000000
vt -0.000000 0.417073 0.000000
vt -0.000000 0.436031 0.000000
vt -0.000000 0.454989 0.000000
vt -0.000000 0.473947 0.000000
vt -0.000000 0.492905 0.000000
vt -0.000000 0.511863 0.000000
vt -0.000000 0.530821 0.000000
vt -0.150000 0.549779 0.000000
vt -0.150000 0.530821 0.000000
vt -0.150000 0.511863 0.000000
vt -0.150000 0.492905 0.000000
vt -0.150000 0.473947 0.000000
vt -0.150000 0.454989 0.000000
vt -0.150000 0.436031 0.000000
vt -0.150000 0.417073 0.000000
vt -0.150000 0.398116 0.000000
vt -0.150000 0.379158 0.000000
vt -0.150000 0.360200 0.000000
vt -0.150000 0.341242 0.000000
vt -0.150000 0.322284 0.000000
vt -0.150000 0.303326 0.000000
vt -0.150000 0.284368 0.000000
vt -0.150000 0.265410 0.000000
vt -0.150000 0.246453 0.000000
vt -0.150000 0.227495 0.000000
vt -0.150000 0.208537 0.000000
vt -0.150000 0.189579 0.000000
vt -0.150000 0.170621 0.000000
vt -0.150000 0.151663 0.000000
vt -0.150000 0.132705 0.000000
vt -0.150000 0.113747 0.000000
vt -0.150000 0.094789 0.000000
vt -0.150000 0.075832 0.000000
vt -0.150000 0.056874 0.000000
vt -0.150000 0.037916 0.000000
vt -0.150000 0.018958 0.000000
vt -0.150000 0.000000 0.000000
vt -0.150000 -0.018958 0.000000
vt -0.150000 -0.037916 0.000000
vt -0.150000 -0.056874 0.000000
vt -0.150000 -0.075832 0.000000
vt -0.150000 -0.094789 0.000000
vt -0.150000 -0.113747 0.000000
vt -0.150000 -0.132705 0.000000
vt -0.150000 -0.151663 0.000000
vt -0.150000 -0.170621 0.000000
vt -0.150000 -0.189579 0.000000
vt -0.150000 -0.208537 0.000000
vt -0.150000 -0.227495 0.000000
vt -0.150000 -0.246453 0.000000
vt -0.150000 -0.265410 0.000000
vt -0.150000 -0.284368 0.000000
vt -0.150000 -0.303326 0.000000
vt -0.150000 -0.322284 0.000000
vt -0.150000 -0.341242 0.000000
vt -0.150000 -0.360200 0.000000
vt -0.150000 -0.379158 0.000000
vt -0.150000 -0.398116 0.000000
vt -0.150000 -0.417073 0.000000
vt -0.150000 -0.436031 0.000000
vt -0.150000 -0.454989 0.000000
vt -0.150000 -0.473947 0.000000
vt -0.150000 -0.492905 0.000000
vt -0.150000 -0.511863 0.000000
vt -0.150000 -0.530821 0.000000
vt -0.150000 -0.549779 0.000000
vt -0.000000 0.549779 0.000000
vt -0.175000 0.000000 0.000000
vt -0.173974 -0.018921 0.000000
vt -0.170909 -0.037620 0.000000
vt -0.165839 -0.055878 0.000000
vt -0.158826 -0.073481 0.000000
vt -0.149950 -0.090222 0.000000
vt -0.139316 -0.105905 0.000000
vt -0.127049 -0.120347 0.000000
vt -0.113293 -0.133378 0.000000
vt -0.098208 -0.144846 0.000000
vt -0.081971 -0.154615 0.000000
vt -0.064774 -0.162571 0.000000
vt -0.046817 -0.168621 0.000000
vt -0.028312 -0.172695 0.000000
vt -0.009474 -0.174743 0.000000
vt 0.009474 -0.174743 0.000000
vt 0.028312 -0.172695 0.000000
vt 0.046817 -0.168621 0.000000
vt 0.064774 -0.162571 0.000000
vt 0.081971 -0.154615 0.000000
vt 0.098208 -0.144846 0.000000
vt 0.113293 -0.133378 0.000000
vt 0.127049 -0.120347 0.000000
vt 0.139316 -0.105905 0.000000
vt 0.149950 -0.090222 0.000000
vt 0.158826 -0.073481 0.000000
vt 0.165839 -0.055878 0.000000
vt 0.170909 -0.037620 0.000000
vt 0.173974 -0.018921 0.000000
vt 0.175000 0.000000 0.000000
vt 0.173974 0.018921 0.000000
vt 0.170909 0.037620 0.000000
vt 0.165839 0.055878 0.000000
vt 0.158826 0.073481 0.000000
vt 0.149950 0.090222 0.000000
vt 0.139316 0.105905 0.000000
vt 0.127049 0.120347 0.000000
vt 0.113293 0.133378 0.000000
vt 0.098208 0.144846 0.000000
vt 0.081971 0.154615 0.000000
vt 0.064774 0.162571 0.000000
vt 0.046817 0.168621 0.000000
vt 0.028312 0.172695 0.000000
vt 0.009474 0.174743 0.000000
vt -0.009474 0.174743 0.000000
vt -0.028312 0.172695 0.000000
vt -0.046817 0.168621 0.000000
vt -0.064774 0.162571 0.000000
vt -0.081971 0.154615 0.000000
vt -0.098208 0.144846 0.000000
vt -0.113293 0.133378 0.000000
vt -0.127049 0.120347 0.000000
vt -0.139316 0.105905 0.000000
vt -0.149950 0.090222 0.000000
vt -0.158826 0.073481 0.000000
vt -0.165839 0.055878 0.000000
vt -0.170909 0.037620 0.000000
vt -0.173974 0.018921 0.000000
vt -0.150000 0.000000 0.000000
vt -0.148986 0.017414 0.000000
vt -0.145957 0.034592 0.000000
vt -0.140954 0.051303 0.000000
vt -0.134045 0.067320 0.000000
vt -0.125323 0.082426 0.000000
vt -0.114907 0.096418 0.000000
vt -0.102936 0.109106 0.000000
vt -0.089574 0.120318 0.000000
vt -0.075000 0.129904 0.000000
vt -0.059412 0.137732 0.000000
vt -0.043020 0.143698 0.000000
vt -0.026047 0.147721 0.000000
vt -0.008722 0.149746 0.000000
vt 0.008722 0.149746 0.000000
vt 0.026047 0.147721 0.000000
vt 0.043020 0.143698 0.000000
vt 0.059412 0.137732 0.000000
vt 0.075000 0.129904 0.000000
vt 0.089574 0.120318 0.000000
vt 0.102936 0.109106 0.000000
vt 0.114907 0.096418 0.000000
vt 0.125323 0.082426 0.000000
vt 0.134045 0.067320 0.000000
vt 0.140954 0.051303 0.000000
vt 0.145957 0.034592 0.000000
vt 0.148986 0.017414 0.000000
vt 0.150000 0.000000 0.000000
vt 0.148986 -0.017414 0.000000
vt 0.145957 -0.034592 0.000000
vt 0.140954 -0.051303 0.000000
vt 0.134045 -0.067320 0.000000
vt 0.125323 -0.082426 0.000000
vt 0.114907 -0.096418 0.000000
vt 0.102936 -0.109106 0.000000
vt 0.089574 -0.120318 0.000000
vt 0.075000 -0.129904 0.000000
vt 0.059412 -0.137732 0.000000
vt 0.043020 -0.143698 0.000000
vt 0.026047 -0.147721 0.000000
vt 0.008722 -0.149746 0.000000
vt -0.008722 -0.149746 0.000000
vt -0.026047 -0.147721 0.000000
vt -0.043020 -0.143698 0.000000
vt -0.059412 -0.137732 0.000000
vt -0.075000 -0.129904 0.000000
vt -0.089574 -0.120318 0.000000
vt -0.102936 -0.109106 0.000000
vt -0.114907 -0.096418 0.000000
vt -0.125323 -0.082426 0.000000
vt -0.134045 -0.067320 0.000000
vt -0.140954 -0.051303 0.000000
vt -0.145957 -0.034592 0.000000
vt -0.148986 -0.017414 0.000000
vt 0.975000 0.587500 0.000000
vt 0.973974 0.606421 0.000000
vt 0.970909 0.625120 0.000000
vt 0.965839 0.643378 0.000000
vt 0.958826 0.660981 0.000000
vt 0.949950 0.677722 0.000000
vt 0.939316 0.693406 0.000000
vt 0.927049 0.707847 0.000000
vt 0.913293 0.720878 0.000000
vt 0.898208 0.732346 0.000000
vt 0.881971 0.742115 0.000000
vt 0.864774 0.750071 0.000000
vt 0.846817 0.756121 0.000000
vt 0.828312 0.760195 0.000000
vt 0.809474 0.762243 0.000000
vt 0.790526 0.762243 0.000000
vt 0.771688 0.760195 0.000000
vt 0.753183 0.756121 0.000000
vt 0.735226 0.750071 0.000000
vt 0.718028 0.742115 0.000000
vt 0.701792 0.732346 0.000000
vt 0.686707 0.720878 0.000000
vt 0.672951 0.707847 0.000000
vt 0.660684 0.693406 0.000000
vt 0.650050 0.677722 0.000000
vt 0.641174 0.660981 0.000000
vt 0.634161 0.643378 0.000000
vt 0.629091 0.625120 0.000000
vt 0.626026 0.606421 0.000000
vt 0.625000 0.587500 0.000000
vt 0.626026 0.568579 0.000000
vt 0.629091 0.549880 0.000000
vt 0.634161 0.531622 0.000000
vt 0.641174 0.514019 0.000000
vt 0.650050 0.497278 0.000000
vt 0.660684 0.481595 0.000000
vt 0.672951 0.467153 0.000000
vt 0.686707 0.454122 0.000000
vt 0.701792 0.442654 0.000000
vt 0.718028 0.432885 0.000000
vt 0.735226 0.424929 0.000000
vt 0.753183 0.418879 0.000000
vt 0.771688 0.414805 0.000000
vt 0.790526 0.412757 0.000000
vt 0.809474 0.412757 0.000000
vt 0.828312 0.414805 0.000000
vt 0.846817 0.418879 0.000000
vt 0.864774 0.424929 0.000000
vt 0.881971 0.432885 0.000000
vt 0.898208 0.442654 0.000000
vt 0.913293 0.454122 0.000000
vt 0.927049 0.467153 0.000000
vt 0.939316 0.481595 0.000000
vt 0.949950 0.497278 0.000000
vt 0.958826 0.514019 0.000000
vt 0.965839 0.531622 0.000000
vt 0.970909 0.549880 0.000000
vt 0.973974 0.568579 0.000000
vt 0.950000 0.587500 0.000000
vt 0.948986 0.570086 0.000000
vt 0.945957 0.552908 0.000000
vt 0.940954 0.536197 0.000000
vt 0.934045 0.520180 0.000000
vt 0.925323 0.505074 0.000000
vt 0.914907 0.491082 0.000000
vt 0.902936 0.478394 0.000000
vt 0.889574 0.467182 0.000000
vt 0.875000 0.457596 0.000000
vt 0.859412 0.449768 0.000000
vt 0.843020 0.443802 0.000000
vt 0.826047 0.439779 0.000000
vt 0.808722 0.437754 0.000000
vt 0.791278 0.437754 0.000000
vt 0.773953 0.439779 0.000000
vt 0.756980 0.443802 0.000000
vt 0.740588 0.449768 0.000000
vt 0.725000 0.457596 0.000000
vt 0.710426 0.467182 0.000000
vt 0.697064 0.478394 0.000000
vt 0.685093 0.491082 0.000000
vt 0.674677 0.505074 0.000000
vt 0.665955 0.520180 0.000000
vt 0.659046 0.536197 0.000000
vt 0.654043 0.552908 0.000000
vt 0.651014 0.570086 0.000000
vt 0.650000 0.587500 0.000000
vt 0.651014 0.604914 0.000000
vt 0.654043 0.622092 0.000000
vt 0.659046 0.638803 0.000000
vt 0.665955 0.654820 0.000000
vt 0.674677 0.669926 0.000000
vt 0.685093 0.683918 0.000000
vt 0.697064 0.696606 0.000000
vt 0.710426 0.707818 0.000000
vt 0.725000 0.717404 0.000000
vt 0.740588 0.725232 0.000000
vt 0.756980 0.731198 0.000000
vt 0.773953 0.735221 0.000000
vt 0.791278 0.737246 0.000000
vt 0.808722 0.737246 0.000000
vt 0.826047 0.735221 0.000000
vt 0.843020 0.731198 0.000000
vt 0.859412 0.725232 0.000000
vt 0.875000 0.717404 0.000000
vt 0.889574 0.707818 0.000000
vt 0.902936 0.696606 0.000000
vt 0.914907 0.683918 0.000000
vt 0.925323 0.669926 0.000000
vt 0.934045 0.654820 0.000000
vt 0.940954 0.638803 0.000000
vt 0.945957 0.622092 0.000000
vt 0.948986 0.604914 0.000000
vn 0.000000 -2.540000 0.000000
vn 0.294876 -2.522825 0.000000
vn 0.585764 -2.471534 0.000000
vn 0.868731 -2.386819 0.000000
vn 1.139950 -2.269827 0.000000
vn 1.395753 -2.122139 0.000000
vn 1.632681 -1.945753 0.000000
vn 1.847529 -1.743054 0.000000
vn 2.037393 -1.516783 0.000000
vn 2.199704 -1.270000 0.000000
vn 2.332269 -1.006043 0.000000
vn 2.433293 -0.728480 0.000000
vn 2.501412 -0.441066 0.000000
vn 2.535703 -0.147688 0.000000
vn 2.535703 0.147688 0.000000
vn 2.501412 0.441066 0.000000
vn 2.433293 0.728480 0.000000
vn 2.332269 1.006043 0.000000
vn 2.199704 1.270000 0.000000
vn 2.037393 1.516783 0.000000
vn 1.847529 1.743054 0.000000
vn 1.632681 1.945753 0.000000
vn 1.395753 2.122139 0.000000
vn 1.139950 2.269827 0.000000
vn 0.868731 2.386819 0.000000
vn 0.585764 2.471534 0.000000
vn 0.294876 2.522825 0.000000
vn 0.000000 2.540000 -0.000000
vn -0.294876 2.522825 -0.000000
vn -0.585764 2.471534 -0.000000
vn -0.868731 2.386819 -0.000000
vn -1.139950 2.269827 -0.000000
vn -1.395753 2.122139 -0.000000
vn -1.632681 1.945753 -0.000000
vn -1.847529 1.743054 -0.000000
vn -2.037393 1.516783 -0.000000
vn -2.199704 1.270000 -0.000000
vn -2.332269 1.006043 -0.000000
vn -2.433293 0.728480 -0.000000
vn -2.501412 0.441066 -0.000000
vn -2.535703 0.147688 -0.000000
vn -2.535703 -0.147688 -0.000000
vn -2.501412 -0.441066 -0.000000
vn -2.433293 -0.728480 -0.000000
vn -2.332269 -1.006043 -0.000000
vn -2.199704 -1.270000 -0.000000
vn -2.037393 -1.516783 -0.000000
vn -1.847529 -1.743054 -0.000000
vn -1.632681 -1.945753 -0.000000
vn -1.395753 -2.122139 -0.000000
vn -1.139950 -2.269827 -0.000000
vn -0.868731 -2.386819 -0.000000
vn -0.585764 -2.471534 -0.000000
vn -0.294876 -2.522825 -0.000000
vn 0.000000 -2.540000 0.000000
vn -0.294876 -2.522825 -0.000000
vn -0.585764 -2.471534 -0.000000
vn -0.868731 -2.386819 -0.000000
vn -1.139950 -2.269827 -0.000000
vn -1.395753 -2.122139 -0.000000
vn -1.632681 -1.945753 -0.000000
vn -1.847529 -1.743054 -0.000000
vn -2.037393 -1.516783 -0.000000
vn -2.199704 -1.270000 -0.000000
vn -2.332269 -1.006043 -0.000000
vn -2.433293 -0.728480 -0.000000
vn -2.501412 -0.441066 -0.000000
vn -2.535703 -0.147688 -0.000000
vn -2.535703 0.147688 -0.000000
vn -2.501412 0.441066 -0.000000
vn -2.433293 0.728480 -0.000000
vn -2.332269 1.006043 -0.000000
vn -2.199704 1.270000 -0.000000
vn -2.037393 1.516783 -0.000000
vn -1.847529 1.743054 -0.000000
vn -1.632681 1.945753 -0.000000
vn -1.395753 2.122139 -0.000000
vn -1.139950 2.269827 -0.000000
vn -0.868731 2.386819 -0.000000
vn -0.585764 2.471534 -0.000000
vn -0.294876 2.522825 -0.000000
vn 0.000000 2.540000 -0.000000
vn 0.294876 2.522825 0.000000
vn 0.585764 2.471534 0.000000
vn 0.868731 2.386819 0.000000
vn 1.139950 2.269827 0.000000
vn 1.395753 2.122139 0.000000
vn 1.632681 1.945753 0.000000
vn 1.847529 1.743054 0.000000
vn 2.037393 1.516783 0.000000
vn 2.199704 1.270000 0.000000
vn 2.332269 1.006043 0.000000
vn 2.433293 0.728480 0.000000
vn 2.501412 0.441066 0.000000
vn 2.535703 0.147688 0.000000
vn 2.535703 -0.147688 0.000000
vn 2.501412 -0.441066 0.000000
vn 2.433293 -0.728480 0.000000
vn 2.332269 -1.006043 0.000000
vn 2.199704 -1.270000 0.000000
vn 2.037393 -1.516783 0.000000
vn 1.847529 -1.743054 0.000000
vn 1.632681 -1.945753 0.000000
vn 1.395753 -2.122139 0.000000
vn 1.139950 -2.269827 0.000000
vn 0.868731 -2.386819 0.000000
vn 0.585764 -2.471534 0.000000
vn 0.294876 -2.522825 0.000000
vn 0.000000 -2.540000 0.000000
vn 0.000000 -2.540000 0.000000
vn 0.000000 2.540000 -0.000000
vn 0.274622 2.525110 0.000000
vn 0.546025 2.480616 0.000000
vn 0.811026 2.407039 0.000000
vn 1.066518 2.305242 0.000000
vn 1.309507 2.176417 0.000000
vn 1.537143 2.022076 0.000000
vn 1.746757 1.844029 0.000000
vn 1.935892 1.644361 0.000000
vn 2.102330 1.425415 0.000000
vn 2.244121 1.189757 0.000000
vn 2.359601 0.940151 0.000000
vn 2.447417 0.679522 0.000000
vn 2.506539 0.410926 0.000000
vn 2.536275 0.137513 0.000000
vn 2.536275 -0.137513 0.000000
vn 2.506539 -0.410926 0.000000
vn 2.447417 -0.679522 0.000000
vn 2.359601 -0.940151 0.000000
vn 2.244121 -1.189757 0.000000
vn 2.102330 -1.425415 0.000000
vn 1.935892 -1.644361 0.000000
vn 1.746757 -1.844029 0.000000
vn 1.537143 -2.022076 0.000000
vn 1.309507 -2.176417 0.000000
vn 1.066518 -2.305242 0.000000
vn 0.811026 -2.407039 0.000000
vn 0.546025 -2.480616 0.000000
vn 0.274622 -2.525110 0.000000
vn 0.000000 -2.540000 0.000000
vn -0.274622 -2.525110 -0.000000
vn -0.546025 -2.480616 -0.000000
vn -0.811026 -2.407039 -0.000000
vn -1.066518 -2.305242 -0.000000
vn -1.309507 -2.176417 -0.000000
vn -1.537143 -2.022076 -0.000000
vn -1.746757 -1.844029 -0.000000
vn -1.935892 -1.644361 -0.000000
vn -2.102330 -1.425415 -0.000000
vn -2.244121 -1.189757 -0.000000
vn -2.359601 -0.940151 -0.000000
vn -2.447417 -0.679522 -0.000000
vn -2.506539 -0.410926 -0.000000
vn -2.536275 -0.137513 -0.000000
vn -2.536275 0.137513 -0.000000
vn -2.506539 0.410926 -0.000000
vn -2.447417 0.679522 -0.000000
vn -2.359601 0.940151 -0.000000
vn -2.244121 1.189757 -0.000000
vn -2.102330 1.425415 -0.000000
vn -1.935892 1.644361 -0.000000
vn -1.746757 1.844029 -0.000000
vn -1.537143 2.022076 -0.000000
vn -1.309507 2.176417 -0.000000
vn -1.066518 2.305242 -0.000000
vn -0.811026 2.407039 -0.000000
vn -0.546025 2.480616 -0.000000
vn -0.274622 2.525110 -0.000000
vn 0.000000 2.540000 -0.000000
vn -0.274622 2.525110 -0.000000
vn -0.546025 2.480616 -0.000000
vn -0.811026 2.407039 -0.000000
vn -1.066518 2.305242 -0.000000
vn -1.309507 2.176417 -0.000000
vn -1.537143 2.022076 -0.000000
vn -1.746757 1.844029 -0.000000
vn -1.935892 1.644361 -0.000000
vn -2.102330 1.425415 -0.000000
vn -2.244121 1.189757 -0.000000
vn -2.359601 0.940151 -0.000000
vn -2.447417 0.679522 -0.000000
vn -2.506539 0.410926 -0.000000
vn -2.536275 0.137513 -0.000000
vn -2.536275 -0.137513 -0.000000
vn -2.506539 -0.410926 -0.000000
vn -2.447417 -0.679522 -0.000000
vn -2.359601 -0.940151 -0.000000
vn -2.244121 -1.189757 -0.000000
vn -2.102330 -1.425415 -0.000000
vn -1.935892 -1.644361 -0.000000
vn -1.746757 -1.844029 -0.000000
vn -1.537143 -2.022076 -0.000000
vn -1.309507 -2.176417 -0.000000
vn -1.066518 -2.305242 -0.000000
vn -0.811026 -2.407039 -0.000000
vn -0.546025 -2.480616 -0.000000
vn -0.274622 -2.525110 -0.000000
vn 0.000000 -2.540000 0.000000
vn 0.274622 -2.525110 0.000000
vn 0.546025 -2.480616 0.000000
vn 0.811026 -2.407039 0.000000
vn 1.066518 -2.305242 0.000000
vn 1.309507 -2.176417 0.000000
vn 1.537143 -2.022076 0.000000
vn 1.746757 -1.844029 0.000000
vn 1.935892 -1.644361 0.000000
vn 2.102330 -1.425415 0.000000
vn 2.244121 -1.189757 0.000000
vn 2.359601 -0.940151 0.000000
vn 2.447417 -0.679522 0.000000
vn 2.506539 -0.410926 0.000000
vn 2.536275 -0.137513 0.000000
vn 2.536275 0.137513 0.000000
vn 2.506539 0.410926 0.000000
vn 2.447417 0.679522 0.000000
vn 2.359601 0.940151 0.000000
vn 2.244121 1.189757 0.000000
vn 2.102330 1.425415 0.000000
vn 1.935892 1.644361 0.000000
vn 1.746757 1.844029 0.000000
vn 1.537143 2.022076 0.000000
vn 1.309507 2.176417 0.000000
vn 1.066518 2.305242 0.000000
vn 0.811026 2.407039 0.000000
vn 0.546025 2.480616 0.000000
vn 0.274622 2.525110 0.000000
vn 0.000000 2.540000 -0.000000
vn 0.000000 2.540000 -0.000000
vn -0.000000 0.000000 2.540000
vn -0.000000 0.000000 2.540000
vn -0.000000 0.000000 2.540000
vn -0.000000 0.000000 2.540000
vn -0.000000 0.000000 2.540000
vn -0.000000 0.000000 2.540000
vn -0.000000 0.000000 2.540000
vn -0.000000 0.000000 2.540000
vn -0.000000 0.000000 2.540000
vn -0.000000 0.000000 2.540000
vn -0.000000 0.000000 2.540000
vn -0.000000 0.000000 2.540000
vn -0.000000 0.000000 2.540000
vn -0.000000 0.000000 2.540000
vn -0.000000 0.000000 2.540000
vn -0.000000 0.000000 2.540000
vn -0.000000 0.000000 2.540000
vn -0.000000 0.000000 2.540000
vn -0.000000 0.000000 2.540000
vn -0.000000 0.000000 2.540000
vn -0.000000 0.000000 2.540000
vn -0.000000 0.000000 2.540000
vn -0.000000 0.000000 2.540000
vn -0.000000 0.000000 2.540000
vn -0.000000 0.000000 2.540000
vn -0.000000 0.000000 2.540000
vn -0.000000 0.000000 2.540000
vn -0.000000 0.000000 2.540000
vn -0.000000 0.000000 2.540000
vn -0.000000 0.000000 2.540000
vn -0.000000 0.000000 2.540000
vn -0.000000 0.000000 2.540000
vn -0.000000 0.000000 2.540000
vn -0.000000 0.000000 2.540000
vn -0.000000 0.000000 2.540000
vn -0.000000 0.000000 2.540000
vn -0.000000 0.000000 2.540000
vn -0.000000 0.000000 2.540000
vn -0.000000 0.000000 2.540000
vn -0.000000 0.000000 2.540000
vn -0.000000 0.000000 2.540000
vn -0.000000 0.000000 2.540000
vn -0.000000 0.000000 2.540000
vn -0.000000 0.000000 2.540000
vn -0.000000 0.000000 2.540000
vn -0.000000 0.000000 2.540000
vn -0.000000 0.000000 2.540000
vn -0.000000 0.000000 2.540000
vn -0.000000 0.000000 2.540000
vn -0.000000 0.000000 2.540000
vn -0.000000 0.000000 2.540000
vn -0.000000 0.000000 2.540000
vn -0.000000 0.000000 2.540000
vn -0.000000 0.000000 2.540000
vn -0.000000 0.000000 2.540000
vn -0.000000 0.000000 2.540000
vn -0.000000 0.000000 2.540000
vn -0.000000 0.000000 2.540000
vn -0.000000 0.000000 2.540000
vn -0.000000 0.000000 2.540000
vn -0.000000 0.000000 2.540000
vn -0.000000 0.000000 2.540000
vn -0.000000 0.000000 2.540000
vn -0.000000 0.000000 2.540000
vn -0.000000 0.000000 2.540000
vn -0.000000 0.000000 2.540000
vn -0.000000 0.000000 2.540000
vn -0.000000 0.000000 2.540000
vn -0.000000 0.000000 2.540000
vn -0.000000 0.000000 2.540000
vn -0.000000 0.000000 2.540000
vn -0.000000 0.000000 2.540000
vn -0.000000 0.000000 2.540000
vn -0.000000 0.000000 2.540000
vn -0.000000 0.000000 2.540000
vn -0.000000 0.000000 2.540000
vn -0.000000 0.000000 2.540000
vn -0.000000 0.000000 2.540000
vn -0.000000 0.000000 2.540000
vn -0.000000 0.000000 2.540000
vn -0.000000 0.000000 2.540000
vn -0.000000 0.000000 2.540000
vn -0.000000 0.000000 2.540000
vn -0.000000 0.000000 2.540000
vn -0.000000 0.000000 2.540000
vn -0.000000 0.000000 2.540000
vn -0.000000 0.000000 2.540000
vn -0.000000 0.000000 2.540000
vn -0.000000 0.000000 2.540000
vn -0.000000 0.000000 2.540000
vn -0.000000 0.000000 2.540000
vn -0.000000 0.000000 2.540000
vn -0.000000 0.000000 2.540000
vn -0.000000 0.000000 2.540000
vn -0.000000 0.000000 2.540000
vn -0.000000 0.000000 2.540000
vn -0.000000 0.000000 2.540000
vn -0.000000 0.000000 2.540000
vn -0.000000 0.000000 2.540000
vn -0.000000 0.000000 2.540000
vn -0.000000 0.000000 2.540000
vn -0.000000 0.000000 2.540000
vn -0.000000 0.000000 2.540000
vn -0.000000 0.000000 2.540000
vn -0.000000 0.000000 2.540000
vn -0.000000 0.000000 2.540000
vn -0.000000 0.000000 2.540000
vn -0.000000 0.000000 2.540000
vn -0.000000 0.000000 2.540000
vn -0.000000 0.000000 2.540000
vn -0.000000 0.000000 2.540000
vn -0.000000 0.000000 2.540000
vn 0.000000 -0.000000 -2.540000
vn 0.000000 -0.000000 -2.540000
vn 0.000000 -0.000000 -2.540000
vn 0.000000 -0.000000 -2.540000
vn 0.000000 -0.000000 -2.540000
vn 0.000000 -0.000000 -2.540000
vn 0.000000 -0.000000 -2.540000
vn 0.000000 -0.000000 -2.540000
vn 0.000000 -0.000000 -2.540000
vn 0.000000 -0.000000 -2.540000
vn 0.000000 -0.000000 -2.540000
vn 0.000000 -0.000000 -2.540000
vn 0.000000 -0.000000 -2.540000
vn 0.000000 -0.000000 -2.540000
vn 0.000000 -0.000000 -2.540000
vn 0.000000 -0.000000 -2.540000
vn 0.000000 -0.000000 -2.540000
vn 0.000000 -0.000000 -2.540000
vn 0.000000 -0.000000 -2.540000
vn 0.000000 -0.000000 -2.540000
vn 0.000000 -0.000000 -2.540000
vn 0.000000 -0.000000 -2.540000
vn 0.000000 -0.000000 -2.540000
vn 0.000000 -0.000000 -2.540000
vn 0.000000 -0.000000 -2.540000
vn 0.000000 -0.000000 -2.540000
vn 0.000000 -0.000000 -2.540000
vn 0.000000 -0.000000 -2.540000
vn 0.000000 -0.000000 -2.540000
vn 0.000000 -0.000000 -2.540000
vn 0.000000 -0.000000 -2.540000
vn 0.000000 -0.000000 -2.540000
vn 0.000000 -0.000000 -2.540000
vn 0.000000 -0.000000 -2.540000
vn 0.000000 -0.000000 -2.540000
vn 0.000000 -0.000000 -2.540000
vn 0.000000 -0.000000 -2.540000
vn 0.000000 -0.000000 -2.540000
vn 0.000000 -0.000000 -2.540000
vn 0.000000 -0.000000 -2.540000
vn 0.000000 -0.000000 -2.540000
vn 0.000000 -0.000000 -2.540000
vn 0.000000 -0.000000 -2.540000
vn 0.000000 -0.000000 -2.540000
vn 0.000000 -0.000000 -2.540000
vn 0.000000 -0.000000 -2.540000
vn 0.000000 -0.000000 -2.540000
vn 0.000000 -0.000000 -2.540000
vn 0.000000 -0.000000 -2.540000
vn 0.000000 -0.000000 -2.540000
vn 0.000000 -0.000000 -2.540000
vn 0.000000 -0.000000 -2.540000
vn 0.000000 -0.000000 -2.540000
vn 0.000000 -0.000000 -2.540000
vn 0.000000 -0.000000 -2.540000
vn 0.000000 -0.000000 -2.540000
vn 0.000000 -0.000000 -2.540000
vn 0.000000 -0.000000 -2.540000
vn 0.000000 -0.000000 -2.540000
vn 0.000000 -0.000000 -2.540000
vn 0.000000 -0.000000 -2.540000
vn 0.000000 -0.000000 -2.540000
vn 0.000000 -0.000000 -2.540000
vn 0.000000 -0.000000 -2.540000
vn 0.000000 -0.000000 -2.540000
vn 0.000000 -0.000000 -2.540000
vn 0.000000 -0.000000 -2.540000
vn 0.000000 -0.000000 -2.540000
vn 0.000000 -0.000000 -2.540000
vn 0.000000 -0.000000 -2.540000
vn 0.000000 -0.000000 -2.540000
vn 0.000000 -0.000000 -2.540000
vn 0.000000 -0.000000 -2.540000
vn 0.000000 -0.000000 -2.540000
vn 0.000000 -0.000000 -2.540000
vn 0.000000 -0.000000 -2.540000
vn 0.000000 -0.000000 -2.540000
vn 0.000000 -0.000000 -2.540000
vn 0.000000 -0.000000 -2.540000
vn 0.000000 -0.000000 -2.540000
vn 0.000000 -0.000000 -2.540000
vn 0.000000 -0.000000 -2.540000
vn 0.000000 -0.000000 -2.540000
vn 0.000000 -0.000000 -2.540000
vn 0.000000 -0.000000 -2.540000
vn 0.000000 -0.000000 -2.540000
vn 0.000000 -0.000000 -2.540000
vn 0.000000 -0.000000 -2.540000
vn 0.000000 -0.000000 -2.540000
vn 0.000000 -0.000000 -2.540000
vn 0.000000 -0.000000 -2.540000
vn 0.000000 -0.000000 -2.540000
vn 0.000000 -0.000000 -2.540000
vn 0.000000 -0.000000 -2.540000
vn 0.000000 -0.000000 -2.540000
vn 0.000000 -0.000000 -2.540000
vn 0.000000 -0.000000 -2.540000
vn 0.000000 -0.000000 -2.540000
vn 0.000000 -0.000000 -2.540000
vn 0.000000 -0.000000 -2.540000
vn 0.000000 -0.000000 -2.540000
vn 0.000000 -0.000000 -2.540000
vn 0.000000 -0.000000 -2.540000
vn 0.000000 -0.000000 -2.540000
vn 0.000000 -0.000000 -2.540000
vn 0.000000 -0.000000 -2.540000
vn 0.000000 -0.000000 -2.540000
vn 0.000000 -0.000000 -2.540000
vn 0.000000 -0.000000 -2.540000
vn 0.000000 -0.000000 -2.540000
vn 0.000000 -0.000000 -2.540000
vn 0.000000 -0.000000 -2.540000
f 1350/2956/2956 1349/3062/3062 1344/2955/2955
f 1344/2955/2955 1349/3062/3062 1343/3063/3063
f 1344/3064/3064 1343/3009/3009 1352/3008/3008
f 1352/3008/3008 1343/3009/3009 1351/3010/3010
f 1352/3008/3008 1351/3010/3010 1356/3007/3007
f 1356/3007/3007 1351/3010/3010 1355/3011/3011
f 1356/3007/3007 1355/3011/3011 1360/3006/3006
f 1360/3006/3006 1355/3011/3011 1359/3012/3012
f 1360/3006/3006 1359/3012/3012 1368/3005/3005
f 1368/3005/3005 1359/3012/3012 1367/3013/3013
f 1368/3005/3005 1367/3013/3013 1376/3004/3004
f 1376/3004/3004 1367/3013/3013 1375/3014/3014
f 1376/3004/3004 1375/3014/3014 1380/3003/3003
f 1380/3003/3003 1375/3014/3014 1379/3015/3015
f 1380/3003/3003 1379/3015/3015 1388/3002/3002
f 1388/3002/3002 1379/3015/3015 1387/3016/3016
f 1388/3002/3002 1387/3016/3016 1396/3001/3001
f 1396/3001/3001 1387/3016/3016 1395/3017/3017
f 1396/3001/3001 1395/3017/3017 1404/3000/3000
f 1404/3000/3000 1395/3017/3017 1403/3018/3018
f 1404/3000/3000 1403/3018/3018 1412/2999/2999
f 1412/2999/2999 1403/3018/3018 1411/3019/3019
f 1412/2999/2999 1411/3019/3019 1420/2998/2998
f 1420/2998/2998 1411/3019/3019 1419/3020/3020
f 1420/2998/2998 1419/3020/3020 1428/2997/2997
f 1428/2997/2997 1419/3020/3020 1427/3021/3021
f 1428/2997/2997 1427/3021/3021 1436/2996/2996
f 1436/2996/2996 1427/3021/3021 1435/3022/3022
f 1436/2996/2996 1435/3022/3022 1440/2995/2995
f 1440/2995/2995 1435/3022/3022 1439/3023/3023
f 1440/2995/2995 1439/3023/3023 1448/2994/2994
f 1448/2994/2994 1439/3023/3023 1447/3024/3024
f 1448/2994/2994 1447/3024/3024 1456/2993/2993
f 1456/2993/2993 1447/3024/3024 1455/3025/3025
f 1456/2993/2993 1455/3025/3025 1464/2992/2992
f 1464/2992/2992 1455/3025/3025 1463/3026/3026
f 1464/2992/2992 1463/3026/3026 1472/2991/2991
f 1472/2991/2991 1463/3026/3026 1471/3027/3027
f 1472/2991/2991 1471/3027/3027 1480/2990/2990
f 1480/2990/2990 1471/3027/3027 1479/3028/3028
f 1480/2990/2990 1479/3028/3028 1488/2989/2989
f 1488/2989/2989 1479/3028/3028 1487/3029/3029
f 1488/2989/2989 1487/3029/3029 1496/2988/2988
f 1496/2988/2988 1487/3029/3029 1495/3030/3030
f 1496/2988/2988 1495/3030/3030 1500/2987/2987
f 1500/2987/2987 1495/3030/3030 1499/3031/3031
f 1500/2987/2987 1499/3031/3031 1508/2986/2986
f 1508/2986/2986 1499/3031/3031 1507/3032/3032
f 1508/2986/2986 1507/3032/3032 1516/2985/2985
f 1516/2985/2985 1507/3032/3032 1515/3033/3033
f 1516/2985/2985 1515/3033/3033 1520/2984/2984
f 1520/2984/2984 1515/3033/3033 1519/3034/3034
f 1520/2984/2984 1519/3034/3034 1524/2983/2983
f 1524/2983/2983 1519/3034/3034 1523/3035/3035
f 1524/2983/2983 1523/3035/3035 1528/2982/2982
f 1528/2982/2982 1523/3035/3035 1527/3036/3036
f 1528/2982/2982 1527/3036/3036 1522/2981/2981
f 1522/2981/2981 1527/3036/3036 1521/3037/3037
f 1522/2981/2981 1521/3037/3037 1518/2980/2980
f 1518/2980/2980 1521/3037/3037 1517/3038/3038
f 1518/2980/2980 1517/3038/3038 1514/2979/2979
f 1514/2979/2979 1517/3038/3038 1513/3039/3039
f 1514/2979/2979 1513/3039/3039 1506/2978/2978
f 1506/2978/2978 1513/3039/3039 1505/3040/3040
f 1506/2978/2978 1505/3040/3040 1498/2977/2977
f 1498/2977/2977 1505/3040/3040 1497/3041/3041
f 1498/2977/2977 1497/3041/3041 1494/2976/2976
f 1494/2976/2976 1497/3041/3041 1493/3042/3042
f 1494/2976/2976 1493/3042/3042 1486/2975/2975
f 1486/2975/2975 1493/3042/3042 1485/3043/3043
f 1486/2975/2975 1485/3043/3043 1478/2974/2974
f 1478/2974/2974 1485/3043/3043 1477/3044/3044
f 1478/2974/2974 1477/3044/3044 1470/2973/2973
f 1470/2973/2973 1477/3044/3044 1469/3045/3045
f 1470/2973/2973 1469/3045/3045 1462/2972/2972
f 1462/2972/2972 1469/3045/3045 1461/3046/3046
f 1462/2972/2972 1461/3046/3046 1454/2971/2971
f 1454/2971/2971 1461/3046/3046 1453/3047/3047
f 1454/2971/2971 1453/3047/3047 1446/2970/2970
f 1446/2970/2970 1453/3047/3047 1445/3048/3048
f 1446/2970/2970 1445/3048/3048 1438/2969/2969
f 1438/2969/2969 1445/3048/3048 1437/3049/3049
f 1438/2969/2969 1437/3049/3049 1434/2968/2968
f 1434/2968/2968 1437/3049/3049 1433/3050/3050
f 1434/2968/2968 1433/3050/3050 1426/2967/2967
f 1426/2967/2967 1433/3050/3050 1425/3051/3051
f 1426/2967/2967 1425/3051/3051 1418/2966/2966
f 1418/2966/2966 1425/3051/3051 1417/3052/3052
f 1418/2966/2966 1417/3052/3052 1410/2965/2965
f 1410/2965/2965 1417/3052/3052 1409/3053/3053
f 1410/2965/2965 1409/3053/3053 1402/2964/2964
f 1402/2964/2964 1409/3053/3053 1401/3054/3054
f 1402/2964/2964 1401/3054/3054 1394/2963/2963
f 1394/2963/2963 1401/3054/3054 1393/3055/3055
f 1394/2963/2963 1393/3055/3055 1386/2962/2962
f 1386/2962/2962 1393/3055/3055 1385/3056/3056
f 1386/2962/2962 1385/3056/3056 1378/2961/2961
f 1378/2961/2961 1385/3056/3056 1377/3057/3057
f 1378/2961/2961 1377/3057/3057 1374/2960/2960
f 1374/2960/2960 1377/3057/3057 1373/3058/3058
f 1374/2960/2960 1373/3058/3058 1366/2959/2959
f 1366/2959/2959 1373/3058/3058 1365/3059/3059
f 1366/2959/2959 1365/3059/3059 1358/2958/2958
f 1358/2958/2958 1365/3059/3059 1357/3060/3060
f 1358/2958/2958 1357/3060/3060 1354/2957/2957
f 1354/2957/2957 1357/3060/3060 1353/3061/3061
f 1354/2957/2957 1353/3061/3061 1350/2956/2956
f 1350/2956/2956 1353/3061/3061 1349/3062/3062
f 1330/3066/3066 1329/3180/3180 1326/3065/3065
f 1326/3065/3065 1329/3180/3180 1325/3181/3181
f 1326/3182/3182 1325/3123/3123 1328/3122/3122
f 1328/3122/3122 1325/3123/3123 1327/3124/3124
f 1328/3122/3122 1327/3124/3124 1332/3121/3121
f 1332/3121/3121 1327/3124/3124 1331/3125/3125
f 1332/3121/3121 1331/3125/3125 1336/3120/3120
f 1336/3120/3120 1331/3125/3125 1335/3126/3126
f 1336/3120/3120 1335/3126/3126 1340/3119/3119
f 1340/3119/3119 1335/3126/3126 1339/3127/3127
f 1340/3119/3119 1339/3127/3127 1346/3118/3118
f 1346/3118/3118 1339/3127/3127 1345/3128/3128
f 1346/3118/3118 1345/3128/3128 1362/3117/3117
f 1362/3117/3117 1345/3128/3128 1361/3129/3129
f 1362/3117/3117 1361/3129/3129 1370/3116/3116
f 1370/3116/3116 1361/3129/3129 1369/3130/3130
f 1370/3116/3116 1369/3130/3130 1382/3115/3115
f 1382/3115/3115 1369/3130/3130 1381/3131/3131
f 1382/3115/3115 1381/3131/3131 1390/3114/3114
f 1390/3114/3114 1381/3131/3131 1389/3132/3132
f 1390/3114/3114 1389/3132/3132 1398/3113/3113
f 1398/3113/3113 1389/3132/3132 1397/3133/3133
f 1398/3113/3113 1397/3133/3133 1406/3112/3112
f 1406/3112/3112 1397/3133/3133 1405/3134/3134
f 1406/3112/3112 1405/3134/3134 1414/3111/3111
f 1414/3111/3111 1405/3134/3134 1413/3135/3135
f 1414/3111/3111 1413/3135/3135 1422/3110/3110
f 1422/3110/3110 1413/3135/3135 1421/3136/3136
f 1422/3110/3110 1421/3136/3136 1430/3109/3109
f 1430/3109/3109 1421/3136/3136 1429/3137/3137
f 1430/3109/3109 1429/3137/3137 1442/3108/3108
f 1442/3108/3108 1429/3137/3137 1441/3138/3138
f 1442/3108/3108 1441/3138/3138 1450/3107/3107
f 1450/3107/3107 1441/3138/3138 1449/3139/3139
f 1450/3107/3107 1449/3139/3139 1458/3106/3106
f 1458/3106/3106 1449/3139/3139 1457/3140/3140
f 1458/3106/3106 1457/3140/3140 1466/3105/3105
f 1466/3105/3105 1457/3140/3140 1465/3141/3141
f 1466/3105/3105 1465/3141/3141 1474/3104/3104
f 1474/3104/3104 1465/3141/3141 1473/3142/3142
f 1474/3104/3104 1473/3142/3142 1482/3103/3103
f 1482/3103/3103 1473/3142/3142 1481/3143/3143
f 1482/3103/3103 1481/3143/3143 1490/3102/3102
f 1490/3102/3102 1481/3143/3143 1489/3144/3144
f 1490/3102/3102 1489/3144/3144 1502/3101/3101
f 1502/3101/3101 1489/3144/3144 1501/3145/3145
f 1502/3101/3101 1501/3145/3145 1510/3100/3100
f 1510/3100/3100 1501/3145/3145 1509/3146/3146
f 1510/3100/3100 1509/3146/3146 1526/3099/3099
f 1526/3099/3099 1509/3146/3146 1525/3147/3147
f 1526/3099/3099 1525/3147/3147 1532/3098/3098
f 1532/3098/3098 1525/3147/3147 1531/3148/3148
f 1532/3098/3098 1531/3148/3148 1536/3097/3097
f 1536/3097/3097 1531/3148/3148 1535/3149/3149
f 1536/3097/3097 1535/3149/3149 1540/3096/3096
f 1540/3096/3096 1535/3149/3149 1539/3150/3150
f 1540/3096/3096 1539/3150/3150 1544/3095/3095
f 1544/3095/3095 1539/3150/3150 1543/3151/3151
f 1544/3095/3095 1543/3151/3151 1548/3094/3094
f 1548/3094/3094 1543/3151/3151 1547/3152/3152
f 1548/3094/3094 1547/3152/3152 1546/3093/3093
f 1546/3093/3093 1547/3152/3152 1545/3153/3153
f 1546/3093/3093 1545/3153/3153 1542/3092/3092
f 1542/3092/3092 1545/3153/3153 1541/3154/3154
f 1542/3092/3092 1541/3154/3154 1538/3091/3091
f 1538/3091/3091 1541/3154/3154 1537/3155/3155
f 1538/3091/3091 1537/3155/3155 1534/3090/3090
f 1534/3090/3090 1537/3155/3155 1533/3156/3156
f 1534/3090/3090 1533/3156/3156 1530/3089/3089
f 1530/3089/3089 1533/3156/3156 1529/3157/3157
f 1530/3089/3089 1529/3157/3157 1512/3088/3088
f 1512/3088/3088 1529/3157/3157 1511/3158/3158
f 1512/3088/3088 1511/3158/3158 1504/3087/3087
f 1504/3087/3087 1511/3158/3158 1503/3159/3159
f 1504/3087/3087 1503/3159/3159 1492/3086/3086
f 1492/3086/3086 1503/3159/3159 1491/3160/3160
f 1492/3086/3086 1491/3160/3160 1484/3085/3085
f 1484/3085/3085 1491/3160/3160 1483/3161/3161
f 1484/3085/3085 1483/3161/3161 1476/3084/3084
f 1476/3084/3084 1483/3161/3161 1475/3162/3162
f 1476/3084/3084 1475/3162/3162 1468/3083/3083
f 1468/3083/3083 1475/3162/3162 1467/3163/3163
f 1468/3083/3083 1467/3163/3163 1460/3082/3082
f 1460/3082/3082 1467/3163/3163 1459/3164/3164
f 1460/3082/3082 1459/3164/3164 1452/3081/3081
f 1452/3081/3081 1459/3164/3164 1451/3165/3165
f 1452/3081/3081 1451/3165/3165 1444/3080/3080
f 1444/3080/3080 1451/3165/3165 1443/3166/3166
f 1444/3080/3080 1443/3166/3166 1432/3079/3079
f 1432/3079/3079 1443/3166/3166 1431/3167/3167
f 1432/3079/3079 1431/3167/3167 1424/3078/3078
f 1424/3078/3078 1431/3167/3167 1423/3168/3168
f 1424/3078/3078 1423/3168/3168 1416/3077/3077
f 1416/3077/3077 1423/3168/3168 1415/3169/3169
f 1416/3077/3077 1415/3169/3169 1408/3076/3076
f 1408/3076/3076 1415/3169/3169 1407/3170/3170
f 1408/3076/3076 1407/3170/3170 1400/3075/3075
f 1400/3075/3075 1407/3170/3170 1399/3171/3171
f 1400/3075/3075 1399/3171/3171 1392/3074/3074
f 1392/3074/3074 1399/3171/3171 1391/3172/3172
f 1392/3074/3074 1391/3172/3172 1384/3073/3073
f 1384/3073/3073 1391/3172/3172 1383/3173/3173
f 1384/3073/3073 1383/3173/3173 1372/3072/3072
f 1372/3072/3072 1383/3173/3173 1371/3174/3174
f 1372/3072/3072 1371/3174/3174 1364/3071/3071
f 1364/3071/3071 1371/3174/3174 1363/3175/3175
f 1364/3071/3071 1363/3175/3175 1348/3070/3070
f 1348/3070/3070 1363/3175/3175 1347/3176/3176
f 1348/3070/3070 1347/3176/3176 1342/3069/3069
f 1342/3069/3069 1347/3176/3176 1341/3177/3177
f 1342/3069/3069 1341/3177/3177 1338/3068/3068
f 1338/3068/3068 1341/3177/3177 1337/3178/3178
f 1338/3068/3068 1337/3178/3178 1334/3067/3067
f 1334/3067/3067 1337/3178/3178 1333/3179/3179
f 1334/3067/3067 1333/3179/3179 1330/3066/3066
f 1330/3066/3066 1333/3179/3179 1329/3180/3180
f 1330/3240/3240 1326/3183/3183 1344/3241/3241
f 1344/3241/3241 1326/3183/3183 1328/3184/3184
f 1344/3241/3241 1328/3184/3184 1350/3294/3294
f 1350/3294/3294 1328/3184/3184 1332/3185/3185
f 1350/3294/3294 1332/3185/3185 1354/3293/3293
f 1354/3293/3293 1332/3185/3185 1336/3186/3186
f 1354/3293/3293 1336/3186/3186 1358/3292/3292
f 1358/3292/3292 1336/3186/3186 1340/3187/3187
f 1358/3292/3292 1340/3187/3187 1366/3291/3291
f 1366/3291/3291 1340/3187/3187 1346/3188/3188
f 1366/3291/3291 1346/3188/3188 1374/3290/3290
f 1374/3290/3290 1346/3188/3188 1362/3189/3189
f 1374/3290/3290 1362/3189/3189 1378/3289/3289
f 1378/3289/3289 1362/3189/3189 1370/3190/3190
f 1378/3289/3289 1370/3190/3190 1386/3288/3288
f 1386/3288/3288 1370/3190/3190 1382/3191/3191
f 1386/3288/3288 1382/3191/3191 1394/3287/3287
f 1394/3287/3287 1382/3191/3191 1390/3192/3192
f 1394/3287/3287 1390/3192/3192 1402/3286/3286
f 1402/3286/3286 1390/3192/3192 1398/3193/3193
f 1402/3286/3286 1398/3193/3193 1410/3285/3285
f 1410/3285/3285 1398/3193/3193 1406/3194/3194
f 1410/3285/3285 1406/3194/3194 1418/3284/3284
f 1418/3284/3284 1406/3194/3194 1414/3195/3195
f 1418/3284/3284 1414/3195/3195 1426/3283/3283
f 1426/3283/3283 1414/3195/3195 1422/3196/3196
f 1426/3283/3283 1422/3196/3196 1434/3282/3282
f 1434/3282/3282 1422/3196/3196 1430/3197/3197
f 1434/3282/3282 1430/3197/3197 1442/3198/3198
f 1434/3282/3282 1442/3198/3198 1438/3281/3281
f 1438/3281/3281 1442/3198/3198 1450/3199/3199
f 1438/3281/3281 1450/3199/3199 1446/3280/3280
f 1446/3280/3280 1450/3199/3199 1458/3200/3200
f 1446/3280/3280 1458/3200/3200 1454/3279/3279
f 1454/3279/3279 1458/3200/3200 1466/3201/3201
f 1454/3279/3279 1466/3201/3201 1462/3278/3278
f 1462/3278/3278 1466/3201/3201 1474/3202/3202
f 1462/3278/3278 1474/3202/3202 1470/3277/3277
f 1470/3277/3277 1474/3202/3202 1482/3203/3203
f 1470/3277/3277 1482/3203/3203 1478/3276/3276
f 1478/3276/3276 1482/3203/3203 1490/3204/3204
f 1478/3276/3276 1490/3204/3204 1486/3275/3275
f 1486/3275/3275 1490/3204/3204 1502/3205/3205
f 1486/3275/3275 1502/3205/3205 1494/3274/3274
f 1494/3274/3274 1502/3205/3205 1510/3206/3206
f 1494/3274/3274 1510/3206/3206 1498/3273/3273
f 1498/3273/3273 1510/3206/3206 1526/3207/3207
f 1498/3273/3273 1526/3207/3207 1506/3272/3272
f 1506/3272/3272 1526/3207/3207 1532/3208/3208
f 1506/3272/3272 1532/3208/3208 1514/3271/3271
f 1514/3271/3271 1532/3208/3208 1536/3209/3209
f 1514/3271/3271 1536/3209/3209 1518/3270/3270
f 1518/3270/3270 1536/3209/3209 1540/3210/3210
f 1518/3270/3270 1540/3210/3210 1522/3269/3269
f 1522/3269/3269 1540/3210/3210 1544/3211/3211
f 1522/3269/3269 1544/3211/3211 1528/3268/3268
f 1528/3268/3268 1544/3211/3211 1548/3212/3212
f 1528/3268/3268 1548/3212/3212 1546/3213/3213
f 1528/3268/3268 1546/3213/3213 1524/3267/3267
f 1524/3267/3267 1546/3213/3213 1542/3214/3214
f 1524/3267/3267 1542/3214/3214 1520/3266/3266
f 1520/3266/3266 1542/3214/3214 1538/3215/3215
f 1520/3266/3266 1538/3215/3215 1516/3265/3265
f 1516/3265/3265 1538/3215/3215 1534/3216/3216
f 1516/3265/3265 1534/3216/3216 1508/3264/3264
f 1508/3264/3264 1534/3216/3216 1530/3217/3217
f 1508/3264/3264 1530/3217/3217 1500/3263/3263
f 1500/3263/3263 1530/3217/3217 1512/3218/3218
f 1500/3263/3263 1512/3218/3218 1496/3262/3262
f 1496/3262/3262 1512/3218/3218 1504/3219/3219
f 1496/3262/3262 1504/3219/3219 1488/3261/3261
f 1488/3261/3261 1504/3219/3219 1492/3220/3220
f 1488/3261/3261 1492/3220/3220 1480/3260/3260
f 1480/3260/3260 1492/3220/3220 1484/3221/3221
f 1480/3260/3260 1484/3221/3221 1472/3259/3259
f 1472/3259/3259 1484/3221/3221 1476/3222/3222
f 1472/3259/3259 1476/3222/3222 1464/3258/3258
f 1464/3258/3258 1476/3222/3222 1468/3223/3223
f 1464/3258/3258 1468/3223/3223 1456/3257/3257
f 1456/3257/3257 1468/3223/3223 1460/3224/3224
f 1456/3257/3257 1460/3224/3224 1448/3256/3256
f 1448/3256/3256 1460/3224/3224 1452/3225/3225
f 1448/3256/3256 1452/3225/3225 1440/3255/3255
f 1440/3255/3255 1452/3225/3225 1444/3226/3226
f 1440/3255/3255 1444/3226/3226 1432/3227/3227
f 1440/3255/3255 1432/3227/3227 1436/3254/3254
f 1436/3254/3254 1432/3227/3227 1424/3228/3228
f 1436/3254/3254 1424/3228/3228 1428/3253/3253
f 1428/3253/3253 1424/3228/3228 1416/3229/3229
f 1428/3253/3253 1416/3229/3229 1420/3252/3252
f 1420/3252/3252 1416/3229/3229 1408/3230/3230
f 1420/3252/3252 1408/3230/3230 1412/3251/3251
f 1412/3251/3251 1408/3230/3230 1400/3231/3231
f 1412/3251/3251 1400/3231/3231 1404/3250/3250
f 1404/3250/3250 1400/3231/3231 1392/3232/3232
f 1404/3250/3250 1392/3232/3232 1396/3249/3249
f 1396/3249/3249 1392/3232/3232 1384/3233/3233
f 1396/3249/3249 1384/3233/3233 1388/3248/3248
f 1388/3248/3248 1384/3233/3233 1372/3234/3234
f 1388/3248/3248 1372/3234/3234 1380/3247/3247
f 1380/3247/3247 1372/3234/3234 1364/3235/3235
f 1380/3247/3247 1364/3235/3235 1376/3246/3246
f 1376/3246/3246 1364/3235/3235 1348/3236/3236
f 1376/3246/3246 1348/3236/3236 1368/3245/3245
f 1368/3245/3245 1348/3236/3236 1342/3237/3237
f 1368/3245/3245 1342/3237/3237 1360/3244/3244
f 1360/3244/3244 1342/3237/3237 1338/3238/3238
f 1360/3244/3244 1338/3238/3238 1356/3243/3243
f 1356/3243/3243 1338/3238/3238 1334/3239/3239
f 1356/3243/3243 1334/3239/3239 1352/3242/3242
f 1352/3242/3242 1334/3239/3239 1330/3240/3240
f 1352/3242/3242 1330/3240/3240 1344/3241/3241
f 1327/3352/3352 1325/3295/3295 1343/3353/3353
f 1343/3353/3353 1325/3295/3295 1329/3296/3296
f 1343/3353/3353 1329/3296/3296 1351/3406/3406
f 1351/3406/3406 1329/3296/3296 1333/3297/3297
f 1351/3406/3406 1333/3297/3297 1355/3405/3405
f 1355/3405/3405 1333/3297/3297 1337/3298/3298
f 1355/3405/3405 1337/3298/3298 1359/3404/3404
f 1359/3404/3404 1337/3298/3298 1341/3299/3299
f 1359/3404/3404 1341/3299/3299 1367/3403/3403
f 1367/3403/3403 1341/3299/3299 1347/3300/3300
f 1367/3403/3403 1347/3300/3300 1375/3402/3402
f 1375/3402/3402 1347/3300/3300 1363/3301/3301
f 1375/3402/3402 1363/3301/3301 1379/3401/3401
f 1379/3401/3401 1363/3301/3301 1371/3302/3302
f 1379/3401/3401 1371/3302/3302 1387/3400/3400
f 1387/3400/3400 1371/3302/3302 1383/3303/3303
f 1387/3400/3400 1383/3303/3303 1395/3399/3399
f 1395/3399/3399 1383/3303/3303 1391/3304/3304
f 1395/3399/3399 1391/3304/3304 1403/3398/3398
f 1403/3398/3398 1391/3304/3304 1399/3305/3305
f 1403/3398/3398 1399/3305/3305 1411/3397/3397
f 1411/3397/3397 1399/3305/3305 1407/3306/3306
f 1411/3397/3397 1407/3306/3306 1419/3396/3396
f 1419/3396/3396 1407/3306/3306 1415/3307/3307
f 1419/3396/3396 1415/3307/3307 1427/3395/3395
f 1427/3395/3395 1415/3307/3307 1423/3308/3308
f 1427/3395/3395 1423/3308/3308 1435/3394/3394
f 1435/3394/3394 1423/3308/3308 1431/3309/3309
f 1435/3394/3394 1431/3309/3309 1443/3310/3310
f 1435/3394/3394 1443/3310/3310 1439/3393/3393
f 1439/3393/3393 1443/3310/3310 1451/3311/3311
f 1439/3393/3393 1451/3311/3311 1447/3392/3392
f 1447/3392/3392 1451/3311/3311 1459/3312/3312
f 1447/3392/3392 1459/3312/3312 1455/3391/3391
f 1455/3391/3391 1459/3312/3312 1467/3313/3313
f 1455/3391/3391 1467/3313/3313 1463/3390/3390
f 1463/3390/3390 1467/3313/3313 1475/3314/3314
f 1463/3390/3390 1475/3314/3314 1471/3389/3389
f 1471/3389/3389 1475/3314/3314 1483/3315/3315
f 1471/3389/3389 1483/3315/3315 1479/3388/3388
f 1479/3388/3388 1483/3315/3315 1491/3316/3316
f 1479/3388/3388 1491/3316/3316 1487/3387/3387
f 1487/3387/3387 1491/3316/3316 1503/3317/3317
f 1487/3387/3387 1503/3317/3317 1495/3386/3386
f 1495/3386/3386 1503/3317/3317 1511/3318/3318
f 1495/3386/3386 1511/3318/3318 1499/3385/3385
f 1499/3385/3385 1511/3318/3318 1529/3319/3319
f 1499/3385/3385 1529/3319/3319 1507/3384/3384
f 1507/3384/3384 1529/3319/3319 1533/3320/3320
f 1507/3384/3384 1533/3320/3320 1515/3383/3383
f 1515/3383/3383 1533/3320/3320 1537/3321/3321
f 1515/3383/3383 1537/3321/3321 1519/3382/3382
f 1519/3382/3382 1537/3321/3321 1541/3322/3322
f 1519/3382/3382 1541/3322/3322 1523/3381/3381
f 1523/3381/3381 1541/3322/3322 1545/3323/3323
f 1523/3381/3381 1545/3323/3323 1527/3380/3380
f 1527/3380/3380 1545/3323/3323 1547/3324/3324
f 1527/3380/3380 1547/3324/3324 1543/3325/3325
f 1527/3380/3380 1543/3325/3325 1521/3379/3379
f 1521/3379/3379 1543/3325/3325 1539/3326/3326
f 1521/3379/3379 1539/3326/3326 1517/3378/3378
f 1517/3378/3378 1539/3326/3326 1535/3327/3327
f 1517/3378/3378 1535/3327/3327 1513/3377/3377
f 1513/3377/3377 1535/3327/3327 1531/3328/3328
f 1513/3377/3377 1531/3328/3328 1505/3376/3376
f 1505/3376/3376 1531/3328/3328 1525/3329/3329
f 1505/3376/3376 1525/3329/3329 1497/3375/3375
f 1497/3375/3375 1525/3329/3329 1509/3330/3330
f 1497/3375/3375 1509/3330/3330 1493/3374/3374
f 1493/3374/3374 1509/3330/3330 1501/3331/3331
f 1493/3374/3374 1501/3331/3331 1485/3373/3373
f 1485/3373/3373 1501/3331/3331 1489/3332/3332
f 1485/3373/3373 1489/3332/3332 1477/3372/3372
f 1477/3372/3372 1489/3332/3332 1481/3333/3333
f 1477/3372/3372 1481/3333/3333 1469/3371/3371
f 1469/3371/3371 1481/3333/3333 1473/3334/3334
f 1469/3371/3371 1473/3334/3334 1461/3370/3370
f 1461/3370/3370 1473/3334/3334 1465/3335/3335
f 1461/3370/3370 1465/3335/3335 1453/3369/3369
f 1453/3369/3369 1465/3335/3335 1457/3336/3336
f 1453/3369/3369 1457/3336/3336 1445/3368/3368
f 1445/3368/3368 1457/3336/3336 1449/3337/3337
f 1445/3368/3368 1449/3337/3337 1437/3367/3367
f 1437/3367/3367 1449/3337/3337 1441/3338/3338
f 1437/3367/3367 1441/3338/3338 1429/3339/3339
f 1437/3367/3367 1429/3339/3339 1433/3366/3366
f 1433/3366/3366 1429/3339/3339 1421/3340/3340
f 1433/3366/3366 1421/3340/3340 1425/3365/3365
f 1425/3365/3365 1421/3340/3340 1413/3341/3341
f 1425/3365/3365 1413/3341/3341 1417/3364/3364
f 1417/3364/3364 1413/3341/3341 1405/3342/3342
f 1417/3364/3364 1405/3342/3342 1409/3363/3363
f 1409/3363/3363 1405/3342/3342 1397/3343/3343
f 1409/3363/3363 1397/3343/3343 1401/3362/3362
f 1401/3362/3362 1397/3343/3343 1389/3344/3344
f 1401/3362/3362 1389/3344/3344 1393/3361/3361
f 1393/3361/3361 1389/3344/3344 1381/3345/3345
f 1393/3361/3361 1381/3345/3345 1385/3360/3360
f 1385/3360/3360 1381/3345/3345 1369/3346/3346
f 1385/3360/3360 1369/3346/3346 1377/3359/3359
f 1377/3359/3359 1369/3346/3346 1361/3347/3347
f 1377/3359/3359 1361/3347/3347 1373/3358/3358
f 1373/3358/3358 1361/3347/3347 1345/3348/3348
f 1373/3358/3358 1345/3348/3348 1365/3357/3357
f 1365/3357/3357 1345/3348/3348 1339/3349/3349
f 1365/3357/3357 1339/3349/3349 1357/3356/3356
f 1357/3356/3356 1339/3349/3349 1335/3350/3350
f 1357/3356/3356 1335/3350/3350 1353/3355/3355
f 1353/3355/3355 1335/3350/3350 1331/3351/3351
f 1353/3355/3355 1331/3351/3351 1349/3354/3354
f 1349/3354/3354 1331/3351/3351 1327/3352/3352
f 1349/3354/3354 1327/3352/3352 1343/3353/3353
g Solid21

v 0.039370 -0.249542 -0.000000
v 0.039370 -0.249542 0.059055
v 0.035942 -0.249741 -0.000000
v 0.035942 -0.249741 0.059055
v 0.042798 -0.249741 -0.000000
v 0.042798 -0.249741 0.059055
v 0.032561 -0.250338 -0.000000
v 0.032561 -0.250338 0.059055
v 0.046180 -0.250338 -0.000000
v 0.046180 -0.250338 0.059055
v 0.029271 -0.251322 -0.000000
v 0.029271 -0.251322 0.059055
v 0.049469 -0.251322 -0.000000
v 0.049469 -0.251322 0.059055
v 0.026118 -0.252682 -0.000000
v 0.026118 -0.252682 0.059055
v 0.052622 -0.252682 -0.000000
v 0.052622 -0.252682 0.059055
v 0.023144 -0.254399 -0.000000
v 0.023144 -0.254399 0.059055
v 0.055596 -0.254399 -0.000000
v 0.055596 -0.254399 0.059055
v 0.020390 -0.256450 -0.000000
v 0.020390 -0.256450 0.059055
v 0.058350 -0.256450 -0.000000
v 0.058350 -0.256450 0.059055
v 0.017893 -0.258806 -0.000000
v 0.017893 -0.258806 0.059055
v 0.060848 -0.258806 -0.000000
v 0.060848 -0.258806 0.059055
v 0.039370 -0.259384 -0.000000
v 0.039370 -0.259384 0.059055
v 0.036569 -0.259585 -0.000000
v 0.036569 -0.259585 0.059055
v 0.042172 -0.259585 -0.000000
v 0.042172 -0.259585 0.059055
v 0.033824 -0.260182 -0.000000
v 0.033824 -0.260182 0.059055
v 0.044916 -0.260182 -0.000000
v 0.044916 -0.260182 0.059055
v 0.031193 -0.261163 -0.000000
v 0.031193 -0.261163 0.059055
v 0.047548 -0.261163 -0.000000
v 0.047548 -0.261163 0.059055
v 0.015685 -0.261437 -0.000000
v 0.015685 -0.261437 0.059055
v 0.063055 -0.261437 -0.000000
v 0.063055 -0.261437 0.059055
v 0.028728 -0.262509 -0.000000
v 0.028728 -0.262509 0.059055
v 0.050013 -0.262509 -0.000000
v 0.050013 -0.262509 0.059055
v 0.026479 -0.264192 -0.000000
v 0.026479 -0.264192 0.059055
v 0.052261 -0.264192 -0.000000
v 0.052261 -0.264192 0.059055
v 0.013798 -0.264305 -0.000000
v 0.013798 -0.264305 0.059055
v 0.064942 -0.264305 -0.000000
v 0.064942 -0.264305 0.059055
v 0.024493 -0.266178 -0.000000
v 0.024493 -0.266178 0.059055
v 0.054247 -0.266178 -0.000000
v 0.054247 -0.266178 0.059055
v 0.012257 -0.267374 -0.000000
v 0.012257 -0.267374 0.059055
v 0.066483 -0.267374 -0.000000
v 0.066483 -0.267374 0.059055
v 0.022810 -0.268427 -0.000000
v 0.022810 -0.268427 0.059055
v 0.055930 -0.268427 -0.000000
v 0.055930 -0.268427 0.059055
v 0.011083 -0.270601 -0.000000
v 0.011083 -0.270601 0.059055
v 0.067657 -0.270601 -0.000000
v 0.067657 -0.270601 0.059055
v 0.021464 -0.270892 -0.000000
v 0.021464 -0.270892 0.059055
v 0.057276 -0.270892 -0.000000
v 0.057276 -0.270892 0.059055
v 0.020482 -0.273523 -0.000000
v 0.020482 -0.273523 0.059055
v 0.058258 -0.273523 -0.000000
v 0.058258 -0.273523 0.059055
v 0.010291 -0.273942 -0.000000
v 0.010291 -0.273942 0.059055
v 0.068449 -0.273942 -0.000000
v 0.068449 -0.273942 0.059055
v 0.019885 -0.276268 -0.000000
v 0.019885 -0.276268 0.059055
v 0.058855 -0.276268 -0.000000
v 0.058855 -0.276268 0.059055
v 0.009892 -0.277352 -0.000000
v 0.009892 -0.277352 0.059055
v 0.068848 -0.277352 -0.000000
v 0.068848 -0.277352 0.059055
v 0.019685 -0.279069 -0.000000
v 0.019685 -0.279069 0.059055
v 0.059055 -0.279069 -0.000000
v 0.059055 -0.279069 0.059055
v 0.009892 -0.280786 -0.000000
v 0.009892 -0.280786 0.059055
v 0.068848 -0.280786 -0.000000
v 0.068848 -0.280786 0.059055
v 0.019885 -0.281871 -0.000000
v 0.019885 -0.281871 0.059055
v 0.058855 -0.281871 -0.000000
v 0.058855 -0.281871 0.059055
v 0.010291 -0.284197 -0.000000
v 0.010291 -0.284197 0.059055
v 0.068449 -0.284197 -0.000000
v 0.068449 -0.284197 0.059055
v 0.020482 -0.284615 -0.000000
v 0.020482 -0.284615 0.059055
v 0.058258 -0.284615 -0.000000
v 0.058258 -0.284615 0.059055
v 0.021464 -0.287247 -0.000000
v 0.021464 -0.287247 0.059055
v 0.057276 -0.287247 -0.000000
v 0.057276 -0.287247 0.059055
v 0.011083 -0.287538 -0.000000
v 0.011083 -0.287538 0.059055
v 0.067657 -0.287538 -0.000000
v 0.067657 -0.287538 0.059055
v 0.022810 -0.289712 -0.000000
v 0.022810 -0.289712 0.059055
v 0.055930 -0.289712 -0.000000
v 0.055930 -0.289712 0.059055
v 0.012257 -0.290765 -0.000000
v 0.012257 -0.290765 0.059055
v 0.066483 -0.290765 -0.000000
v 0.066483 -0.290765 0.059055
v 0.024493 -0.291960 -0.000000
v 0.024493 -0.291960 0.059055
v 0.054247 -0.291960 -0.000000
v 0.054247 -0.291960 0.059055
v 0.013798 -0.293833 -0.000000
v 0.013798 -0.293833 0.059055
v 0.064942 -0.293833 -0.000000
v 0.064942 -0.293833 0.059055
v 0.026479 -0.293946 -0.000000
v 0.026479 -0.293946 0.059055
v 0.052261 -0.293946 -0.000000
v 0.052261 -0.293946 0.059055
v 0.028728 -0.295629 -0.000000
v 0.028728 -0.295629 0.059055
v 0.050013 -0.295629 -0.000000
v 0.050013 -0.295629 0.059055
v 0.015685 -0.296702 -0.000000
v 0.015685 -0.296702 0.059055
v 0.063055 -0.296702 -0.000000
v 0.063055 -0.296702 0.059055
v 0.031193 -0.296975 -0.000000
v 0.031193 -0.296975 0.059055
v 0.047548 -0.296975 -0.000000
v 0.047548 -0.296975 0.059055
v 0.033824 -0.297957 -0.000000
v 0.033824 -0.297957 0.059055
v 0.044916 -0.297957 -0.000000
v 0.044916 -0.297957 0.059055
v 0.036569 -0.298554 -0.000000
v 0.036569 -0.298554 0.059055
v 0.042172 -0.298554 -0.000000
v 0.042172 -0.298554 0.059055
v 0.039370 -0.298754 -0.000000
v 0.039370 -0.298754 0.059055
v 0.017893 -0.299332 -0.000000
v 0.017893 -0.299332 0.059055
v 0.060848 -0.299332 -0.000000
v 0.060848 -0.299332 0.059055
v 0.020390 -0.301689 -0.000000
v 0.020390 -0.301689 0.059055
v 0.058350 -0.301689 -0.000000
v 0.058350 -0.301689 0.059055
v 0.023144 -0.303739 -0.000000
v 0.023144 -0.303739 0.059055
v 0.055596 -0.303739 -0.000000
v 0.055596 -0.303739 0.059055
v 0.026118 -0.305456 -0.000000
v 0.026118 -0.305456 0.059055
v 0.052622 -0.305456 -0.000000
v 0.052622 -0.305456 0.059055
v 0.029271 -0.306816 -0.000000
v 0.029271 -0.306816 0.059055
v 0.049469 -0.306816 -0.000000
v 0.049469 -0.306816 0.059055
v 0.032561 -0.307801 -0.000000
v 0.032561 -0.307801 0.059055
v 0.046180 -0.307801 -0.000000
v 0.046180 -0.307801 0.059055
v 0.035942 -0.308397 -0.000000
v 0.035942 -0.308397 0.059055
v 0.042798 -0.308397 -0.000000
v 0.042798 -0.308397 0.059055
v 0.039370 -0.308597 -0.000000
v 0.039370 -0.308597 0.059055
vt 0.000000 0.157080 0.000000
vt 0.000000 0.149940 0.000000
vt 0.000000 0.142800 0.000000
vt 0.000000 0.135660 0.000000
vt 0.000000 0.128520 0.000000
vt 0.000000 0.121380 0.000000
vt 0.000000 0.114240 0.000000
vt 0.000000 0.107100 0.000000
vt 0.000000 0.099960 0.000000
vt 0.000000 0.092820 0.000000
vt 0.000000 0.085680 0.000000
vt 0.000000 0.078540 0.000000
vt 0.000000 0.071400 0.000000
vt 0.000000 0.064260 0.000000
vt 0.000000 0.057120 0.000000
vt 0.000000 0.049980 0.000000
vt 0.000000 0.042840 0.000000
vt 0.000000 0.035700 0.000000
vt 0.000000 0.028560 0.000000
vt 0.000000 0.021420 0.000000
vt 0.000000 0.014280 0.000000
vt 0.000000 0.007140 0.000000
vt 0.000000 0.000000 0.000000
vt 0.000000 -0.007140 0.000000
vt 0.000000 -0.014280 0.000000
vt 0.000000 -0.021420 0.000000
vt 0.000000 -0.028560 0.000000
vt 0.000000 -0.035700 0.000000
vt 0.000000 -0.042840 0.000000
vt 0.000000 -0.049980 0.000000
vt 0.000000 -0.057120 0.000000
vt 0.000000 -0.064260 0.000000
vt 0.000000 -0.071400 0.000000
vt 0.000000 -0.078540 0.000000
vt 0.000000 -0.085680 0.000000
vt 0.000000 -0.092820 0.000000
vt 0.000000 -0.099960 0.000000
vt 0.000000 -0.107100 0.000000
vt 0.000000 -0.114240 0.000000
vt 0.000000 -0.121380 0.000000
vt 0.000000 -0.128520 0.000000
vt 0.000000 -0.135660 0.000000
vt 0.000000 -0.142800 0.000000
vt 0.000000 -0.149940 0.000000
vt 0.150000 -0.157080 0.000000
vt 0.150000 -0.149940 0.000000
vt 0.150000 -0.142800 0.000000
vt 0.150000 -0.135660 0.000000
vt 0.150000 -0.128520 0.000000
vt 0.150000 -0.121380 0.000000
vt 0.150000 -0.114240 0.000000
vt 0.150000 -0.107100 0.000000
vt 0.150000 -0.099960 0.000000
vt 0.150000 -0.092820 0.000000
vt 0.150000 -0.085680 0.000000
vt 0.150000 -0.078540 0.000000
vt 0.150000 -0.071400 0.000000
vt 0.150000 -0.064260 0.000000
vt 0.150000 -0.057120 0.000000
vt 0.150000 -0.049980 0.000000
vt 0.150000 -0.042840 0.000000
vt 0.150000 -0.035700 0.000000
vt 0.150000 -0.028560 0.000000
vt 0.150000 -0.021420 0.000000
vt 0.150000 -0.014280 0.000000
vt 0.150000 -0.007140 0.000000
vt 0.150000 0.000000 0.000000
vt 0.150000 0.007140 0.000000
vt 0.150000 0.014280 0.000000
vt 0.150000 0.021420 0.000000
vt 0.150000 0.028560 0.000000
vt 0.150000 0.035700 0.000000
vt 0.150000 0.042840 0.000000
vt 0.150000 0.049980 0.000000
vt 0.150000 0.057120 0.000000
vt 0.150000 0.064260 0.000000
vt 0.150000 0.071400 0.000000
vt 0.150000 0.078540 0.000000
vt 0.150000 0.085680 0.000000
vt 0.150000 0.092820 0.000000
vt 0.150000 0.099960 0.000000
vt 0.150000 0.107100 0.000000
vt 0.150000 0.114240 0.000000
vt 0.150000 0.121380 0.000000
vt 0.150000 0.128520 0.000000
vt 0.150000 0.135660 0.000000
vt 0.150000 0.142800 0.000000
vt 0.150000 0.149940 0.000000
vt 0.150000 0.157080 0.000000
vt 0.000000 -0.157080 0.000000
vt -0.000000 -0.235619 0.000000
vt -0.000000 -0.226893 0.000000
vt -0.000000 -0.218166 0.000000
vt -0.000000 -0.209440 0.000000
vt -0.000000 -0.200713 0.000000
vt -0.000000 -0.191986 0.000000
vt -0.000000 -0.183260 0.000000
vt -0.000000 -0.174533 0.000000
vt -0.000000 -0.165806 0.000000
vt -0.000000 -0.157080 0.000000
vt -0.000000 -0.148353 0.000000
vt -0.000000 -0.139626 0.000000
vt -0.000000 -0.130900 0.000000
vt -0.000000 -0.122173 0.000000
vt -0.000000 -0.113446 0.000000
vt -0.000000 -0.104720 0.000000
vt -0.000000 -0.095993 0.000000
vt -0.000000 -0.087266 0.000000
vt -0.000000 -0.078540 0.000000
vt -0.000000 -0.069813 0.000000
vt -0.000000 -0.061087 0.000000
vt -0.000000 -0.052360 0.000000
vt -0.000000 -0.043633 0.000000
vt -0.000000 -0.034907 0.000000
vt -0.000000 -0.026180 0.000000
vt -0.000000 -0.017453 0.000000
vt -0.000000 -0.008727 0.000000
vt -0.000000 0.000000 0.000000
vt -0.000000 0.008727 0.000000
vt -0.000000 0.017453 0.000000
vt -0.000000 0.026180 0.000000
vt -0.000000 0.034907 0.000000
vt -0.000000 0.043633 0.000000
vt -0.000000 0.052360 0.000000
vt -0.000000 0.061087 0.000000
vt -0.000000 0.069813 0.000000
vt -0.000000 0.078540 0.000000
vt -0.000000 0.087266 0.000000
vt -0.000000 0.095993 0.000000
vt -0.000000 0.104720 0.000000
vt -0.000000 0.113446 0.000000
vt -0.000000 0.122173 0.000000
vt -0.000000 0.130900 0.000000
vt -0.000000 0.139626 0.000000
vt -0.000000 0.148353 0.000000
vt -0.000000 0.157080 0.000000
vt -0.000000 0.165806 0.000000
vt -0.000000 0.174533 0.000000
vt -0.000000 0.183260 0.000000
vt -0.000000 0.191986 0.000000
vt -0.000000 0.200713 0.000000
vt -0.000000 0.209440 0.000000
vt -0.000000 0.218166 0.000000
vt -0.000000 0.226893 0.000000
vt -0.150000 0.235619 0.000000
vt -0.150000 0.226893 0.000000
vt -0.150000 0.218166 0.000000
vt -0.150000 0.209440 0.000000
vt -0.150000 0.200713 0.000000
vt -0.150000 0.191986 0.000000
vt -0.150000 0.183260 0.000000
vt -0.150000 0.174533 0.000000
vt -0.150000 0.165806 0.000000
vt -0.150000 0.157080 0.000000
vt -0.150000 0.148353 0.000000
vt -0.150000 0.139626 0.000000
vt -0.150000 0.130900 0.000000
vt -0.150000 0.122173 0.000000
vt -0.150000 0.113446 0.000000
vt -0.150000 0.104720 0.000000
vt -0.150000 0.095993 0.000000
vt -0.150000 0.087266 0.000000
vt -0.150000 0.078540 0.000000
vt -0.150000 0.069813 0.000000
vt -0.150000 0.061087 0.000000
vt -0.150000 0.052360 0.000000
vt -0.150000 0.043633 0.000000
vt -0.150000 0.034907 0.000000
vt -0.150000 0.026180 0.000000
vt -0.150000 0.017453 0.000000
vt -0.150000 0.008727 0.000000
vt -0.150000 0.000000 0.000000
vt -0.150000 -0.008727 0.000000
vt -0.150000 -0.017453 0.000000
vt -0.150000 -0.026180 0.000000
vt -0.150000 -0.034907 0.000000
vt -0.150000 -0.043633 0.000000
vt -0.150000 -0.052360 0.000000
vt -0.150000 -0.061087 0.000000
vt -0.150000 -0.069813 0.000000
vt -0.150000 -0.078540 0.000000
vt -0.150000 -0.087266 0.000000
vt -0.150000 -0.095993 0.000000
vt -0.150000 -0.104720 0.000000
vt -0.150000 -0.113446 0.000000
vt -0.150000 -0.122173 0.000000
vt -0.150000 -0.130900 0.000000
vt -0.150000 -0.139626 0.000000
vt -0.150000 -0.148353 0.000000
vt -0.150000 -0.157080 0.000000
vt -0.150000 -0.165806 0.000000
vt -0.150000 -0.174533 0.000000
vt -0.150000 -0.183260 0.000000
vt -0.150000 -0.191986 0.000000
vt -0.150000 -0.200713 0.000000
vt -0.150000 -0.209440 0.000000
vt -0.150000 -0.218166 0.000000
vt -0.150000 -0.226893 0.000000
vt -0.150000 -0.235619 0.000000
vt -0.000000 0.235619 0.000000
vt -0.075000 0.000000 0.000000
vt -0.074493 -0.008707 0.000000
vt -0.072978 -0.017296 0.000000
vt -0.070477 -0.025652 0.000000
vt -0.067022 -0.033660 0.000000
vt -0.062662 -0.041213 0.000000
vt -0.057453 -0.048209 0.000000
vt -0.051468 -0.054553 0.000000
vt -0.044787 -0.060159 0.000000
vt -0.037500 -0.064952 0.000000
vt -0.029706 -0.068866 0.000000
vt -0.021510 -0.071849 0.000000
vt -0.013024 -0.073861 0.000000
vt -0.004361 -0.074873 0.000000
vt 0.004361 -0.074873 0.000000
vt 0.013024 -0.073861 0.000000
vt 0.021510 -0.071849 0.000000
vt 0.029706 -0.068866 0.000000
vt 0.037500 -0.064952 0.000000
vt 0.044787 -0.060159 0.000000
vt 0.051468 -0.054553 0.000000
vt 0.057453 -0.048209 0.000000
vt 0.062662 -0.041213 0.000000
vt 0.067022 -0.033660 0.000000
vt 0.070477 -0.025652 0.000000
vt 0.072978 -0.017296 0.000000
vt 0.074493 -0.008707 0.000000
vt 0.075000 0.000000 0.000000
vt 0.074493 0.008707 0.000000
vt 0.072978 0.017296 0.000000
vt 0.070477 0.025652 0.000000
vt 0.067022 0.033660 0.000000
vt 0.062662 0.041213 0.000000
vt 0.057453 0.048209 0.000000
vt 0.051468 0.054553 0.000000
vt 0.044787 0.060159 0.000000
vt 0.037500 0.064952 0.000000
vt 0.029706 0.068866 0.000000
vt 0.021510 0.071849 0.000000
vt 0.013024 0.073861 0.000000
vt 0.004361 0.074873 0.000000
vt -0.004361 0.074873 0.000000
vt -0.013024 0.073861 0.000000
vt -0.021510 0.071849 0.000000
vt -0.029706 0.068866 0.000000
vt -0.037500 0.064952 0.000000
vt -0.044787 0.060159 0.000000
vt -0.051468 0.054553 0.000000
vt -0.057453 0.048209 0.000000
vt -0.062662 0.041213 0.000000
vt -0.067022 0.033660 0.000000
vt -0.070477 0.025652 0.000000
vt -0.072978 0.017296 0.000000
vt -0.074493 0.008707 0.000000
vt -0.050000 0.000000 0.000000
vt -0.049491 0.007116 0.000000
vt -0.047975 0.014087 0.000000
vt -0.045482 0.020771 0.000000
vt -0.042063 0.027032 0.000000
vt -0.037787 0.032743 0.000000
vt -0.032743 0.037787 0.000000
vt -0.027032 0.042063 0.000000
vt -0.020771 0.045482 0.000000
vt -0.014087 0.047975 0.000000
vt -0.007116 0.049491 0.000000
vt 0.000000 0.050000 0.000000
vt 0.007116 0.049491 0.000000
vt 0.014087 0.047975 0.000000
vt 0.020771 0.045482 0.000000
vt 0.027032 0.042063 0.000000
vt 0.032743 0.037787 0.000000
vt 0.037787 0.032743 0.000000
vt 0.042063 0.027032 0.000000
vt 0.045482 0.020771 0.000000
vt 0.047975 0.014087 0.000000
vt 0.049491 0.007116 0.000000
vt 0.050000 0.000000 0.000000
vt 0.049491 -0.007116 0.000000
vt 0.047975 -0.014087 0.000000
vt 0.045482 -0.020771 0.000000
vt 0.042063 -0.027032 0.000000
vt 0.037787 -0.032743 0.000000
vt 0.032743 -0.037787 0.000000
vt 0.027032 -0.042063 0.000000
vt 0.020771 -0.045482 0.000000
vt 0.014087 -0.047975 0.000000
vt 0.007116 -0.049491 0.000000
vt 0.000000 -0.050000 0.000000
vt -0.007116 -0.049491 0.000000
vt -0.014087 -0.047975 0.000000
vt -0.020771 -0.045482 0.000000
vt -0.027032 -0.042063 0.000000
vt -0.032743 -0.037787 0.000000
vt -0.037787 -0.032743 0.000000
vt -0.042063 -0.027032 0.000000
vt -0.045482 -0.020771 0.000000
vt -0.047975 -0.014087 0.000000
vt -0.049491 -0.007116 0.000000
vt -0.567857 -0.687500 0.000000
vt -0.568364 -0.678793 0.000000
vt -0.569879 -0.670204 0.000000
vt -0.572380 -0.661848 0.000000
vt -0.575835 -0.653840 0.000000
vt -0.580196 -0.646287 0.000000
vt -0.585404 -0.639291 0.000000
vt -0.591389 -0.632947 0.000000
vt -0.598070 -0.627341 0.000000
vt -0.605357 -0.622548 0.000000
vt -0.613151 -0.618634 0.000000
vt -0.621347 -0.615651 0.000000
vt -0.629834 -0.613639 0.000000
vt -0.638496 -0.612627 0.000000
vt -0.647218 -0.612627 0.000000
vt -0.655881 -0.613639 0.000000
vt -0.664367 -0.615651 0.000000
vt -0.672563 -0.618634 0.000000
vt -0.680357 -0.622548 0.000000
vt -0.687644 -0.627341 0.000000
vt -0.694325 -0.632947 0.000000
vt -0.700310 -0.639291 0.000000
vt -0.705519 -0.646287 0.000000
vt -0.709880 -0.653840 0.000000
vt -0.713334 -0.661848 0.000000
vt -0.715836 -0.670204 0.000000
vt -0.717350 -0.678793 0.000000
vt -0.717857 -0.687500 0.000000
vt -0.717350 -0.696207 0.000000
vt -0.715836 -0.704796 0.000000
vt -0.713334 -0.713152 0.000000
vt -0.709880 -0.721160 0.000000
vt -0.705519 -0.728713 0.000000
vt -0.700310 -0.735709 0.000000
vt -0.694325 -0.742053 0.000000
vt -0.687644 -0.747659 0.000000
vt -0.680357 -0.752452 0.000000
vt -0.672563 -0.756366 0.000000
vt -0.664367 -0.759349 0.000000
vt -0.655881 -0.761361 0.000000
vt -0.647218 -0.762373 0.000000
vt -0.638496 -0.762373 0.000000
vt -0.629834 -0.761361 0.000000
vt -0.621347 -0.759349 0.000000
vt -0.613151 -0.756366 0.000000
vt -0.605357 -0.752452 0.000000
vt -0.598070 -0.747659 0.000000
vt -0.591389 -0.742053 0.000000
vt -0.585404 -0.735709 0.000000
vt -0.580196 -0.728713 0.000000
vt -0.575835 -0.721160 0.000000
vt -0.572380 -0.713152 0.000000
vt -0.569879 -0.704796 0.000000
vt -0.568364 -0.696207 0.000000
vt -0.592857 -0.687500 0.000000
vt -0.593366 -0.694616 0.000000
vt -0.594882 -0.701587 0.000000
vt -0.597376 -0.708271 0.000000
vt -0.600794 -0.714532 0.000000
vt -0.605070 -0.720243 0.000000
vt -0.610114 -0.725287 0.000000
vt -0.615825 -0.729563 0.000000
vt -0.622086 -0.732982 0.000000
vt -0.628771 -0.735475 0.000000
vt -0.635741 -0.736991 0.000000
vt -0.642857 -0.737500 0.000000
vt -0.649973 -0.736991 0.000000
vt -0.656944 -0.735475 0.000000
vt -0.663628 -0.732982 0.000000
vt -0.669889 -0.729563 0.000000
vt -0.675600 -0.725287 0.000000
vt -0.680645 -0.720243 0.000000
vt -0.684920 -0.714532 0.000000
vt -0.688339 -0.708271 0.000000
vt -0.690832 -0.701587 0.000000
vt -0.692348 -0.694616 0.000000
vt -0.692857 -0.687500 0.000000
vt -0.692348 -0.680384 0.000000
vt -0.690832 -0.673413 0.000000
vt -0.688339 -0.666729 0.000000
vt -0.684920 -0.660468 0.000000
vt -0.680645 -0.654757 0.000000
vt -0.675600 -0.649713 0.000000
vt -0.669889 -0.645437 0.000000
vt -0.663628 -0.642018 0.000000
vt -0.656944 -0.639525 0.000000
vt -0.649973 -0.638009 0.000000
vt -0.642857 -0.637500 0.000000
vt -0.635741 -0.638009 0.000000
vt -0.628771 -0.639525 0.000000
vt -0.622086 -0.642018 0.000000
vt -0.615825 -0.645437 0.000000
vt -0.610114 -0.649713 0.000000
vt -0.605070 -0.654757 0.000000
vt -0.600794 -0.660468 0.000000
vt -0.597376 -0.666729 0.000000
vt -0.594882 -0.673413 0.000000
vt -0.593366 -0.680384 0.000000
vn 0.000000 -2.540000 0.000000
vn 0.361480 -2.514146 0.000000
vn 0.715601 -2.437112 0.000000
vn 1.055154 -2.310465 0.000000
vn 1.373228 -2.136784 0.000000
vn 1.663346 -1.919604 0.000000
vn 1.919604 -1.663346 0.000000
vn 2.136784 -1.373228 0.000000
vn 2.310465 -1.055154 0.000000
vn 2.437112 -0.715601 0.000000
vn 2.514146 -0.361480 0.000000
vn 2.540000 0.000000 0.000000
vn 2.514146 0.361480 0.000000
vn 2.437112 0.715601 0.000000
vn 2.310465 1.055154 0.000000
vn 2.136784 1.373228 0.000000
vn 1.919604 1.663346 0.000000
vn 1.663346 1.919604 0.000000
vn 1.373228 2.136784 0.000000
vn 1.055154 2.310465 0.000000
vn 0.715601 2.437112 0.000000
vn 0.361480 2.514146 0.000000
vn 0.000000 2.540000 -0.000000
vn -0.361480 2.514146 -0.000000
vn -0.715601 2.437112 -0.000000
vn -1.055154 2.310465 -0.000000
vn -1.373228 2.136784 -0.000000
vn -1.663346 1.919604 -0.000000
vn -1.919604 1.663346 -0.000000
vn -2.136784 1.373228 -0.000000
vn -2.310465 1.055154 -0.000000
vn -2.437112 0.715601 -0.000000
vn -2.514146 0.361480 -0.000000
vn -2.540000 -0.000000 -0.000000
vn -2.514146 -0.361480 -0.000000
vn -2.437112 -0.715601 -0.000000
vn -2.310465 -1.055154 -0.000000
vn -2.136784 -1.373228 -0.000000
vn -1.919604 -1.663346 -0.000000
vn -1.663346 -1.919604 -0.000000
vn -1.373228 -2.136784 -0.000000
vn -1.055154 -2.310465 -0.000000
vn -0.715601 -2.437112 -0.000000
vn -0.361480 -2.514146 -0.000000
vn 0.000000 -2.540000 0.000000
vn -0.361480 -2.514146 -0.000000
vn -0.715601 -2.437112 -0.000000
vn -1.055154 -2.310465 -0.000000
vn -1.373228 -2.136784 -0.000000
vn -1.663346 -1.919604 -0.000000
vn -1.919604 -1.663346 -0.000000
vn -2.136784 -1.373228 -0.000000
vn -2.310465 -1.055154 -0.000000
vn -2.437112 -0.715601 -0.000000
vn -2.514146 -0.361480 -0.000000
vn -2.540000 -0.000000 -0.000000
vn -2.514146 0.361480 -0.000000
vn -2.437112 0.715601 -0.000000
vn -2.310465 1.055154 -0.000000
vn -2.136784 1.373228 -0.000000
vn -1.919604 1.663346 -0.000000
vn -1.663346 1.919604 -0.000000
vn -1.373228 2.136784 -0.000000
vn -1.055154 2.310465 -0.000000
vn -0.715601 2.437112 -0.000000
vn -0.361480 2.514146 -0.000000
vn 0.000000 2.540000 -0.000000
vn 0.361480 2.514146 0.000000
vn 0.715601 2.437112 0.000000
vn 1.055154 2.310465 0.000000
vn 1.373228 2.136784 0.000000
vn 1.663346 1.919604 0.000000
vn 1.919604 1.663346 0.000000
vn 2.136784 1.373228 0.000000
vn 2.310465 1.055154 0.000000
vn 2.437112 0.715601 0.000000
vn 2.514146 0.361480 0.000000
vn 2.540000 0.000000 0.000000
vn 2.514146 -0.361480 0.000000
vn 2.437112 -0.715601 0.000000
vn 2.310465 -1.055154 0.000000
vn 2.136784 -1.373228 0.000000
vn 1.919604 -1.663346 0.000000
vn 1.663346 -1.919604 0.000000
vn 1.373228 -2.136784 0.000000
vn 1.055154 -2.310465 0.000000
vn 0.715601 -2.437112 0.000000
vn 0.361480 -2.514146 0.000000
vn 0.000000 -2.540000 0.000000
vn 0.000000 -2.540000 0.000000
vn 0.000000 2.540000 -0.000000
vn 0.294876 2.522825 0.000000
vn 0.585764 2.471534 0.000000
vn 0.868731 2.386819 0.000000
vn 1.139950 2.269827 0.000000
vn 1.395753 2.122139 0.000000
vn 1.632681 1.945753 0.000000
vn 1.847529 1.743054 0.000000
vn 2.037393 1.516783 0.000000
vn 2.199704 1.270000 0.000000
vn 2.332269 1.006043 0.000000
vn 2.433293 0.728480 0.000000
vn 2.501412 0.441066 0.000000
vn 2.535703 0.147688 0.000000
vn 2.535703 -0.147688 0.000000
vn 2.501412 -0.441066 0.000000
vn 2.433293 -0.728480 0.000000
vn 2.332269 -1.006043 0.000000
vn 2.199704 -1.270000 0.000000
vn 2.037393 -1.516783 0.000000
vn 1.847529 -1.743054 0.000000
vn 1.632681 -1.945753 0.000000
vn 1.395753 -2.122139 0.000000
vn 1.139950 -2.269827 0.000000
vn 0.868731 -2.386819 0.000000
vn 0.585764 -2.471534 0.000000
vn 0.294876 -2.522825 0.000000
vn 0.000000 -2.540000 0.000000
vn -0.294876 -2.522825 -0.000000
vn -0.585764 -2.471534 -0.000000
vn -0.868731 -2.386819 -0.000000
vn -1.139950 -2.269827 -0.000000
vn -1.395753 -2.122139 -0.000000
vn -1.632681 -1.945753 -0.000000
vn -1.847529 -1.743054 -0.000000
vn -2.037393 -1.516783 -0.000000
vn -2.199704 -1.270000 -0.000000
vn -2.332269 -1.006043 -0.000000
vn -2.433293 -0.728480 -0.000000
vn -2.501412 -0.441066 -0.000000
vn -2.535703 -0.147688 -0.000000
vn -2.535703 0.147688 -0.000000
vn -2.501412 0.441066 -0.000000
vn -2.433293 0.728480 -0.000000
vn -2.332269 1.006043 -0.000000
vn -2.199704 1.270000 -0.000000
vn -2.037393 1.516783 -0.000000
vn -1.847529 1.743054 -0.000000
vn -1.632681 1.945753 -0.000000
vn -1.395753 2.122139 -0.000000
vn -1.139950 2.269827 -0.000000
vn -0.868731 2.386819 -0.000000
vn -0.585764 2.471534 -0.000000
vn -0.294876 2.522825 -0.000000
vn 0.000000 2.540000 -0.000000
vn -0.294876 2.522825 -0.000000
vn -0.585764 2.471534 -0.000000
vn -0.868731 2.386819 -0.000000
vn -1.139950 2.269827 -0.000000
vn -1.395753 2.122139 -0.000000
vn -1.632681 1.945753 -0.000000
vn -1.847529 1.743054 -0.000000
vn -2.037393 1.516783 -0.000000
vn -2.199704 1.270000 -0.000000
vn -2.332269 1.006043 -0.000000
vn -2.433293 0.728480 -0.000000
vn -2.501412 0.441066 -0.000000
vn -2.535703 0.147688 -0.000000
vn -2.535703 -0.147688 -0.000000
vn -2.501412 -0.441066 -0.000000
vn -2.433293 -0.728480 -0.000000
vn -2.332269 -1.006043 -0.000000
vn -2.199704 -1.270000 -0.000000
vn -2.037393 -1.516783 -0.000000
vn -1.847529 -1.743054 -0.000000
vn -1.632681 -1.945753 -0.000000
vn -1.395753 -2.122139 -0.000000
vn -1.139950 -2.269827 -0.000000
vn -0.868731 -2.386819 -0.000000
vn -0.585764 -2.471534 -0.000000
vn -0.294876 -2.522825 -0.000000
vn 0.000000 -2.540000 0.000000
vn 0.294876 -2.522825 0.000000
vn 0.585764 -2.471534 0.000000
vn 0.868731 -2.386819 0.000000
vn 1.139950 -2.269827 0.000000
vn 1.395753 -2.122139 0.000000
vn 1.632681 -1.945753 0.000000
vn 1.847529 -1.743054 0.000000
vn 2.037393 -1.516783 0.000000
vn 2.199704 -1.270000 0.000000
vn 2.332269 -1.006043 0.000000
vn 2.433293 -0.728480 0.000000
vn 2.501412 -0.441066 0.000000
vn 2.535703 -0.147688 0.000000
vn 2.535703 0.147688 0.000000
vn 2.501412 0.441066 0.000000
vn 2.433293 0.728480 0.000000
vn 2.332269 1.006043 0.000000
vn 2.199704 1.270000 0.000000
vn 2.037393 1.516783 0.000000
vn 1.847529 1.743054 0.000000
vn 1.632681 1.945753 0.000000
vn 1.395753 2.122139 0.000000
vn 1.139950 2.269827 0.000000
vn 0.868731 2.386819 0.000000
vn 0.585764 2.471534 0.000000
vn 0.294876 2.522825 0.000000
vn 0.000000 2.540000 -0.000000
vn 0.000000 2.540000 -0.000000
vn -0.000000 0.000000 2.540000
vn -0.000000 0.000000 2.540000
vn -0.000000 0.000000 2.540000
vn -0.000000 0.000000 2.540000
vn -0.000000 0.000000 2.540000
vn -0.000000 0.000000 2.540000
vn -0.000000 0.000000 2.540000
vn -0.000000 0.000000 2.540000
vn -0.000000 0.000000 2.540000
vn -0.000000 0.000000 2.540000
vn -0.000000 0.000000 2.540000
vn -0.000000 0.000000 2.540000
vn -0.000000 0.000000 2.540000
vn -0.000000 0.000000 2.540000
vn -0.000000 0.000000 2.540000
vn -0.000000 0.000000 2.540000
vn -0.000000 0.000000 2.540000
vn -0.000000 0.000000 2.540000
vn -0.000000 0.000000 2.540000
vn -0.000000 0.000000 2.540000
vn -0.000000 0.000000 2.540000
vn -0.000000 0.000000 2.540000
vn -0.000000 0.000000 2.540000
vn -0.000000 0.000000 2.540000
vn -0.000000 0.000000 2.540000
vn -0.000000 0.000000 2.540000
vn -0.000000 0.000000 2.540000
vn -0.000000 0.000000 2.540000
vn -0.000000 0.000000 2.540000
vn -0.000000 0.000000 2.540000
vn -0.000000 0.000000 2.540000
vn -0.000000 0.000000 2.540000
vn -0.000000 0.000000 2.540000
vn -0.000000 0.000000 2.540000
vn -0.000000 0.000000 2.540000
vn -0.000000 0.000000 2.540000
vn -0.000000 0.000000 2.540000
vn -0.000000 0.000000 2.540000
vn -0.000000 0.000000 2.540000
vn -0.000000 0.000000 2.540000
vn -0.000000 0.000000 2.540000
vn -0.000000 0.000000 2.540000
vn -0.000000 0.000000 2.540000
vn -0.000000 0.000000 2.540000
vn -0.000000 0.000000 2.540000
vn -0.000000 0.000000 2.540000
vn -0.000000 0.000000 2.540000
vn -0.000000 0.000000 2.540000
vn -0.000000 0.000000 2.540000
vn -0.000000 0.000000 2.540000
vn -0.000000 0.000000 2.540000
vn -0.000000 0.000000 2.540000
vn -0.000000 0.000000 2.540000
vn -0.000000 0.000000 2.540000
vn -0.000000 0.000000 2.540000
vn -0.000000 0.000000 2.540000
vn -0.000000 0.000000 2.540000
vn -0.000000 0.000000 2.540000
vn -0.000000 0.000000 2.540000
vn -0.000000 0.000000 2.540000
vn -0.000000 0.000000 2.540000
vn -0.000000 0.000000 2.540000
vn -0.000000 0.000000 2.540000
vn -0.000000 0.000000 2.540000
vn -0.000000 0.000000 2.540000
vn -0.000000 0.000000 2.540000
vn -0.000000 0.000000 2.540000
vn -0.000000 0.000000 2.540000
vn -0.000000 0.000000 2.540000
vn -0.000000 0.000000 2.540000
vn -0.000000 0.000000 2.540000
vn -0.000000 0.000000 2.540000
vn -0.000000 0.000000 2.540000
vn -0.000000 0.000000 2.540000
vn -0.000000 0.000000 2.540000
vn -0.000000 0.000000 2.540000
vn -0.000000 0.000000 2.540000
vn -0.000000 0.000000 2.540000
vn -0.000000 0.000000 2.540000
vn -0.000000 0.000000 2.540000
vn -0.000000 0.000000 2.540000
vn -0.000000 0.000000 2.540000
vn -0.000000 0.000000 2.540000
vn -0.000000 0.000000 2.540000
vn -0.000000 0.000000 2.540000
vn -0.000000 0.000000 2.540000
vn -0.000000 0.000000 2.540000
vn -0.000000 0.000000 2.540000
vn -0.000000 0.000000 2.540000
vn -0.000000 0.000000 2.540000
vn -0.000000 0.000000 2.540000
vn -0.000000 0.000000 2.540000
vn -0.000000 0.000000 2.540000
vn -0.000000 0.000000 2.540000
vn -0.000000 0.000000 2.540000
vn -0.000000 0.000000 2.540000
vn -0.000000 0.000000 2.540000
vn -0.000000 0.000000 2.540000
vn 0.000000 -0.000000 -2.540000
vn 0.000000 -0.000000 -2.540000
vn 0.000000 -0.000000 -2.540000
vn 0.000000 -0.000000 -2.540000
vn 0.000000 -0.000000 -2.540000
vn 0.000000 -0.000000 -2.540000
vn 0.000000 -0.000000 -2.540000
vn 0.000000 -0.000000 -2.540000
vn 0.000000 -0.000000 -2.540000
vn 0.000000 -0.000000 -2.540000
vn 0.000000 -0.000000 -2.540000
vn 0.000000 -0.000000 -2.540000
vn 0.000000 -0.000000 -2.540000
vn 0.000000 -0.000000 -2.540000
vn 0.000000 -0.000000 -2.540000
vn 0.000000 -0.000000 -2.540000
vn 0.000000 -0.000000 -2.540000
vn 0.000000 -0.000000 -2.540000
vn 0.000000 -0.000000 -2.540000
vn 0.000000 -0.000000 -2.540000
vn 0.000000 -0.000000 -2.540000
vn 0.000000 -0.000000 -2.540000
vn 0.000000 -0.000000 -2.540000
vn 0.000000 -0.000000 -2.540000
vn 0.000000 -0.000000 -2.540000
vn 0.000000 -0.000000 -2.540000
vn 0.000000 -0.000000 -2.540000
vn 0.000000 -0.000000 -2.540000
vn 0.000000 -0.000000 -2.540000
vn 0.000000 -0.000000 -2.540000
vn 0.000000 -0.000000 -2.540000
vn 0.000000 -0.000000 -2.540000
vn 0.000000 -0.000000 -2.540000
vn 0.000000 -0.000000 -2.540000
vn 0.000000 -0.000000 -2.540000
vn 0.000000 -0.000000 -2.540000
vn 0.000000 -0.000000 -2.540000
vn 0.000000 -0.000000 -2.540000
vn 0.000000 -0.000000 -2.540000
vn 0.000000 -0.000000 -2.540000
vn 0.000000 -0.000000 -2.540000
vn 0.000000 -0.000000 -2.540000
vn 0.000000 -0.000000 -2.540000
vn 0.000000 -0.000000 -2.540000
vn 0.000000 -0.000000 -2.540000
vn 0.000000 -0.000000 -2.540000
vn 0.000000 -0.000000 -2.540000
vn 0.000000 -0.000000 -2.540000
vn 0.000000 -0.000000 -2.540000
vn 0.000000 -0.000000 -2.540000
vn 0.000000 -0.000000 -2.540000
vn 0.000000 -0.000000 -2.540000
vn 0.000000 -0.000000 -2.540000
vn 0.000000 -0.000000 -2.540000
vn 0.000000 -0.000000 -2.540000
vn 0.000000 -0.000000 -2.540000
vn 0.000000 -0.000000 -2.540000
vn 0.000000 -0.000000 -2.540000
vn 0.000000 -0.000000 -2.540000
vn 0.000000 -0.000000 -2.540000
vn 0.000000 -0.000000 -2.540000
vn 0.000000 -0.000000 -2.540000
vn 0.000000 -0.000000 -2.540000
vn 0.000000 -0.000000 -2.540000
vn 0.000000 -0.000000 -2.540000
vn 0.000000 -0.000000 -2.540000
vn 0.000000 -0.000000 -2.540000
vn 0.000000 -0.000000 -2.540000
vn 0.000000 -0.000000 -2.540000
vn 0.000000 -0.000000 -2.540000
vn 0.000000 -0.000000 -2.540000
vn 0.000000 -0.000000 -2.540000
vn 0.000000 -0.000000 -2.540000
vn 0.000000 -0.000000 -2.540000
vn 0.000000 -0.000000 -2.540000
vn 0.000000 -0.000000 -2.540000
vn 0.000000 -0.000000 -2.540000
vn 0.000000 -0.000000 -2.540000
vn 0.000000 -0.000000 -2.540000
vn 0.000000 -0.000000 -2.540000
vn 0.000000 -0.000000 -2.540000
vn 0.000000 -0.000000 -2.540000
vn 0.000000 -0.000000 -2.540000
vn 0.000000 -0.000000 -2.540000
vn 0.000000 -0.000000 -2.540000
vn 0.000000 -0.000000 -2.540000
vn 0.000000 -0.000000 -2.540000
vn 0.000000 -0.000000 -2.540000
vn 0.000000 -0.000000 -2.540000
vn 0.000000 -0.000000 -2.540000
vn 0.000000 -0.000000 -2.540000
vn 0.000000 -0.000000 -2.540000
vn 0.000000 -0.000000 -2.540000
vn 0.000000 -0.000000 -2.540000
vn 0.000000 -0.000000 -2.540000
vn 0.000000 -0.000000 -2.540000
vn 0.000000 -0.000000 -2.540000
vn 0.000000 -0.000000 -2.540000
f 1582/3408/3408 1581/3494/3494 1580/3407/3407
f 1580/3407/3407 1581/3494/3494 1579/3495/3495
f 1580/3496/3496 1579/3451/3451 1584/3450/3450
f 1584/3450/3450 1579/3451/3451 1583/3452/3452
f 1584/3450/3450 1583/3452/3452 1588/3449/3449
f 1588/3449/3449 1583/3452/3452 1587/3453/3453
f 1588/3449/3449 1587/3453/3453 1592/3448/3448
f 1592/3448/3448 1587/3453/3453 1591/3454/3454
f 1592/3448/3448 1591/3454/3454 1600/3447/3447
f 1600/3447/3447 1591/3454/3454 1599/3455/3455
f 1600/3447/3447 1599/3455/3455 1604/3446/3446
f 1604/3446/3446 1599/3455/3455 1603/3456/3456
f 1604/3446/3446 1603/3456/3456 1612/3445/3445
f 1612/3445/3445 1603/3456/3456 1611/3457/3457
f 1612/3445/3445 1611/3457/3457 1620/3444/3444
f 1620/3444/3444 1611/3457/3457 1619/3458/3458
f 1620/3444/3444 1619/3458/3458 1628/3443/3443
f 1628/3443/3443 1619/3458/3458 1627/3459/3459
f 1628/3443/3443 1627/3459/3459 1632/3442/3442
f 1632/3442/3442 1627/3459/3459 1631/3460/3460
f 1632/3442/3442 1631/3460/3460 1640/3441/3441
f 1640/3441/3441 1631/3460/3460 1639/3461/3461
f 1640/3441/3441 1639/3461/3461 1648/3440/3440
f 1648/3440/3440 1639/3461/3461 1647/3462/3462
f 1648/3440/3440 1647/3462/3462 1656/3439/3439
f 1656/3439/3439 1647/3462/3462 1655/3463/3463
f 1656/3439/3439 1655/3463/3463 1664/3438/3438
f 1664/3438/3438 1655/3463/3463 1663/3464/3464
f 1664/3438/3438 1663/3464/3464 1668/3437/3437
f 1668/3437/3437 1663/3464/3464 1667/3465/3465
f 1668/3437/3437 1667/3465/3465 1676/3436/3436
f 1676/3436/3436 1667/3465/3465 1675/3466/3466
f 1676/3436/3436 1675/3466/3466 1684/3435/3435
f 1684/3435/3435 1675/3466/3466 1683/3467/3467
f 1684/3435/3435 1683/3467/3467 1692/3434/3434
f 1692/3434/3434 1683/3467/3467 1691/3468/3468
f 1692/3434/3434 1691/3468/3468 1696/3433/3433
f 1696/3433/3433 1691/3468/3468 1695/3469/3469
f 1696/3433/3433 1695/3469/3469 1704/3432/3432
f 1704/3432/3432 1695/3469/3469 1703/3470/3470
f 1704/3432/3432 1703/3470/3470 1708/3431/3431
f 1708/3431/3431 1703/3470/3470 1707/3471/3471
f 1708/3431/3431 1707/3471/3471 1712/3430/3430
f 1712/3430/3430 1707/3471/3471 1711/3472/3472
f 1712/3430/3430 1711/3472/3472 1714/3429/3429
f 1714/3429/3429 1711/3472/3472 1713/3473/3473
f 1714/3429/3429 1713/3473/3473 1710/3428/3428
f 1710/3428/3428 1713/3473/3473 1709/3474/3474
f 1710/3428/3428 1709/3474/3474 1706/3427/3427
f 1706/3427/3427 1709/3474/3474 1705/3475/3475
f 1706/3427/3427 1705/3475/3475 1702/3426/3426
f 1702/3426/3426 1705/3475/3475 1701/3476/3476
f 1702/3426/3426 1701/3476/3476 1694/3425/3425
f 1694/3425/3425 1701/3476/3476 1693/3477/3477
f 1694/3425/3425 1693/3477/3477 1690/3424/3424
f 1690/3424/3424 1693/3477/3477 1689/3478/3478
f 1690/3424/3424 1689/3478/3478 1682/3423/3423
f 1682/3423/3423 1689/3478/3478 1681/3479/3479
f 1682/3423/3423 1681/3479/3479 1674/3422/3422
f 1674/3422/3422 1681/3479/3479 1673/3480/3480
f 1674/3422/3422 1673/3480/3480 1666/3421/3421
f 1666/3421/3421 1673/3480/3480 1665/3481/3481
f 1666/3421/3421 1665/3481/3481 1662/3420/3420
f 1662/3420/3420 1665/3481/3481 1661/3482/3482
f 1662/3420/3420 1661/3482/3482 1654/3419/3419
f 1654/3419/3419 1661/3482/3482 1653/3483/3483
f 1654/3419/3419 1653/3483/3483 1646/3418/3418
f 1646/3418/3418 1653/3483/3483 1645/3484/3484
f 1646/3418/3418 1645/3484/3484 1638/3417/3417
f 1638/3417/3417 1645/3484/3484 1637/3485/3485
f 1638/3417/3417 1637/3485/3485 1630/3416/3416
f 1630/3416/3416 1637/3485/3485 1629/3486/3486
f 1630/3416/3416 1629/3486/3486 1626/3415/3415
f 1626/3415/3415 1629/3486/3486 1625/3487/3487
f 1626/3415/3415 1625/3487/3487 1618/3414/3414
f 1618/3414/3414 1625/3487/3487 1617/3488/3488
f 1618/3414/3414 1617/3488/3488 1610/3413/3413
f 1610/3413/3413 1617/3488/3488 1609/3489/3489
f 1610/3413/3413 1609/3489/3489 1602/3412/3412
f 1602/3412/3412 1609/3489/3489 1601/3490/3490
f 1602/3412/3412 1601/3490/3490 1598/3411/3411
f 1598/3411/3411 1601/3490/3490 1597/3491/3491
f 1598/3411/3411 1597/3491/3491 1590/3410/3410
f 1590/3410/3410 1597/3491/3491 1589/3492/3492
f 1590/3410/3410 1589/3492/3492 1586/3409/3409
f 1586/3409/3409 1589/3492/3492 1585/3493/3493
f 1586/3409/3409 1585/3493/3493 1582/3408/3408
f 1582/3408/3408 1585/3493/3493 1581/3494/3494
f 1554/3498/3498 1553/3604/3604 1550/3497/3497
f 1550/3497/3497 1553/3604/3604 1549/3605/3605
f 1550/3606/3606 1549/3551/3551 1552/3550/3550
f 1552/3550/3550 1549/3551/3551 1551/3552/3552
f 1552/3550/3550 1551/3552/3552 1556/3549/3549
f 1556/3549/3549 1551/3552/3552 1555/3553/3553
f 1556/3549/3549 1555/3553/3553 1560/3548/3548
f 1560/3548/3548 1555/3553/3553 1559/3554/3554
f 1560/3548/3548 1559/3554/3554 1564/3547/3547
f 1564/3547/3547 1559/3554/3554 1563/3555/3555
f 1564/3547/3547 1563/3555/3555 1568/3546/3546
f 1568/3546/3546 1563/3555/3555 1567/3556/3556
f 1568/3546/3546 1567/3556/3556 1572/3545/3545
f 1572/3545/3545 1567/3556/3556 1571/3557/3557
f 1572/3545/3545 1571/3557/3557 1576/3544/3544
f 1576/3544/3544 1571/3557/3557 1575/3558/3558
f 1576/3544/3544 1575/3558/3558 1594/3543/3543
f 1594/3543/3543 1575/3558/3558 1593/3559/3559
f 1594/3543/3543 1593/3559/3559 1606/3542/3542
f 1606/3542/3542 1593/3559/3559 1605/3560/3560
f 1606/3542/3542 1605/3560/3560 1614/3541/3541
f 1614/3541/3541 1605/3560/3560 1613/3561/3561
f 1614/3541/3541 1613/3561/3561 1622/3540/3540
f 1622/3540/3540 1613/3561/3561 1621/3562/3562
f 1622/3540/3540 1621/3562/3562 1634/3539/3539
f 1634/3539/3539 1621/3562/3562 1633/3563/3563
f 1634/3539/3539 1633/3563/3563 1642/3538/3538
f 1642/3538/3538 1633/3563/3563 1641/3564/3564
f 1642/3538/3538 1641/3564/3564 1650/3537/3537
f 1650/3537/3537 1641/3564/3564 1649/3565/3565
f 1650/3537/3537 1649/3565/3565 1658/3536/3536
f 1658/3536/3536 1649/3565/3565 1657/3566/3566
f 1658/3536/3536 1657/3566/3566 1670/3535/3535
f 1670/3535/3535 1657/3566/3566 1669/3567/3567
f 1670/3535/3535 1669/3567/3567 1678/3534/3534
f 1678/3534/3534 1669/3567/3567 1677/3568/3568
f 1678/3534/3534 1677/3568/3568 1686/3533/3533
f 1686/3533/3533 1677/3568/3568 1685/3569/3569
f 1686/3533/3533 1685/3569/3569 1698/3532/3532
f 1698/3532/3532 1685/3569/3569 1697/3570/3570
f 1698/3532/3532 1697/3570/3570 1716/3531/3531
f 1716/3531/3531 1697/3570/3570 1715/3571/3571
f 1716/3531/3531 1715/3571/3571 1720/3530/3530
f 1720/3530/3530 1715/3571/3571 1719/3572/3572
f 1720/3530/3530 1719/3572/3572 1724/3529/3529
f 1724/3529/3529 1719/3572/3572 1723/3573/3573
f 1724/3529/3529 1723/3573/3573 1728/3528/3528
f 1728/3528/3528 1723/3573/3573 1727/3574/3574
f 1728/3528/3528 1727/3574/3574 1732/3527/3527
f 1732/3527/3527 1727/3574/3574 1731/3575/3575
f 1732/3527/3527 1731/3575/3575 1736/3526/3526
f 1736/3526/3526 1731/3575/3575 1735/3576/3576
f 1736/3526/3526 1735/3576/3576 1740/3525/3525
f 1740/3525/3525 1735/3576/3576 1739/3577/3577
f 1740/3525/3525 1739/3577/3577 1744/3524/3524
f 1744/3524/3524 1739/3577/3577 1743/3578/3578
f 1744/3524/3524 1743/3578/3578 1742/3523/3523
f 1742/3523/3523 1743/3578/3578 1741/3579/3579
f 1742/3523/3523 1741/3579/3579 1738/3522/3522
f 1738/3522/3522 1741/3579/3579 1737/3580/3580
f 1738/3522/3522 1737/3580/3580 1734/3521/3521
f 1734/3521/3521 1737/3580/3580 1733/3581/3581
f 1734/3521/3521 1733/3581/3581 1730/3520/3520
f 1730/3520/3520 1733/3581/3581 1729/3582/3582
f 1730/3520/3520 1729/3582/3582 1726/3519/3519
f 1726/3519/3519 1729/3582/3582 1725/3583/3583
f 1726/3519/3519 1725/3583/3583 1722/3518/3518
f 1722/3518/3518 1725/3583/3583 1721/3584/3584
f 1722/3518/3518 1721/3584/3584 1718/3517/3517
f 1718/3517/3517 1721/3584/3584 1717/3585/3585
f 1718/3517/3517 1717/3585/3585 1700/3516/3516
f 1700/3516/3516 1717/3585/3585 1699/3586/3586
f 1700/3516/3516 1699/3586/3586 1688/3515/3515
f 1688/3515/3515 1699/3586/3586 1687/3587/3587
f 1688/3515/3515 1687/3587/3587 1680/3514/3514
f 1680/3514/3514 1687/3587/3587 1679/3588/3588
f 1680/3514/3514 1679/3588/3588 1672/3513/3513
f 1672/3513/3513 1679/3588/3588 1671/3589/3589
f 1672/3513/3513 1671/3589/3589 1660/3512/3512
f 1660/3512/3512 1671/3589/3589 1659/3590/3590
f 1660/3512/3512 1659/3590/3590 1652/3511/3511
f 1652/3511/3511 1659/3590/3590 1651/3591/3591
f 1652/3511/3511 1651/3591/3591 1644/3510/3510
f 1644/3510/3510 1651/3591/3591 1643/3592/3592
f 1644/3510/3510 1643/3592/3592 1636/3509/3509
f 1636/3509/3509 1643/3592/3592 1635/3593/3593
f 1636/3509/3509 1635/3593/3593 1624/3508/3508
f 1624/3508/3508 1635/3593/3593 1623/3594/3594
f 1624/3508/3508 1623/3594/3594 1616/3507/3507
f 1616/3507/3507 1623/3594/3594 1615/3595/3595
f 1616/3507/3507 1615/3595/3595 1608/3506/3506
f 1608/3506/3506 1615/3595/3595 1607/3596/3596
f 1608/3506/3506 1607/3596/3596 1596/3505/3505
f 1596/3505/3505 1607/3596/3596 1595/3597/3597
f 1596/3505/3505 1595/3597/3597 1578/3504/3504
f 1578/3504/3504 1595/3597/3597 1577/3598/3598
f 1578/3504/3504 1577/3598/3598 1574/3503/3503
f 1574/3503/3503 1577/3598/3598 1573/3599/3599
f 1574/3503/3503 1573/3599/3599 1570/3502/3502
f 1570/3502/3502 1573/3599/3599 1569/3600/3600
f 1570/3502/3502 1569/3600/3600 1566/3501/3501
f 1566/3501/3501 1569/3600/3600 1565/3601/3601
f 1566/3501/3501 1565/3601/3601 1562/3500/3500
f 1562/3500/3500 1565/3601/3601 1561/3602/3602
f 1562/3500/3500 1561/3602/3602 1558/3499/3499
f 1558/3499/3499 1561/3602/3602 1557/3603/3603
f 1558/3499/3499 1557/3603/3603 1554/3498/3498
f 1554/3498/3498 1557/3603/3603 1553/3604/3604
f 1554/3660/3660 1550/3607/3607 1580/3661/3661
f 1580/3661/3661 1550/3607/3607 1552/3608/3608
f 1580/3661/3661 1552/3608/3608 1582/3704/3704
f 1582/3704/3704 1552/3608/3608 1556/3609/3609
f 1582/3704/3704 1556/3609/3609 1586/3703/3703
f 1586/3703/3703 1556/3609/3609 1560/3610/3610
f 1586/3703/3703 1560/3610/3610 1590/3702/3702
f 1590/3702/3702 1560/3610/3610 1564/3611/3611
f 1590/3702/3702 1564/3611/3611 1598/3701/3701
f 1598/3701/3701 1564/3611/3611 1568/3612/3612
f 1598/3701/3701 1568/3612/3612 1572/3613/3613
f 1598/3701/3701 1572/3613/3613 1602/3700/3700
f 1602/3700/3700 1572/3613/3613 1576/3614/3614
f 1602/3700/3700 1576/3614/3614 1610/3699/3699
f 1610/3699/3699 1576/3614/3614 1594/3615/3615
f 1610/3699/3699 1594/3615/3615 1618/3698/3698
f 1618/3698/3698 1594/3615/3615 1606/3616/3616
f 1618/3698/3698 1606/3616/3616 1626/3697/3697
f 1626/3697/3697 1606/3616/3616 1614/3617/3617
f 1626/3697/3697 1614/3617/3617 1630/3696/3696
f 1630/3696/3696 1614/3617/3617 1622/3618/3618
f 1630/3696/3696 1622/3618/3618 1634/3619/3619
f 1630/3696/3696 1634/3619/3619 1638/3695/3695
f 1638/3695/3695 1634/3619/3619 1642/3620/3620
f 1638/3695/3695 1642/3620/3620 1646/3694/3694
f 1646/3694/3694 1642/3620/3620 1650/3621/3621
f 1646/3694/3694 1650/3621/3621 1654/3693/3693
f 1654/3693/3693 1650/3621/3621 1658/3622/3622
f 1654/3693/3693 1658/3622/3622 1662/3692/3692
f 1662/3692/3692 1658/3622/3622 1670/3623/3623
f 1662/3692/3692 1670/3623/3623 1678/3624/3624
f 1662/3692/3692 1678/3624/3624 1666/3691/3691
f 1666/3691/3691 1678/3624/3624 1686/3625/3625
f 1666/3691/3691 1686/3625/3625 1674/3690/3690
f 1674/3690/3690 1686/3625/3625 1698/3626/3626
f 1674/3690/3690 1698/3626/3626 1682/3689/3689
f 1682/3689/3689 1698/3626/3626 1716/3627/3627
f 1682/3689/3689 1716/3627/3627 1690/3688/3688
f 1690/3688/3688 1716/3627/3627 1720/3628/3628
f 1690/3688/3688 1720/3628/3628 1694/3687/3687
f 1694/3687/3687 1720/3628/3628 1724/3629/3629
f 1694/3687/3687 1724/3629/3629 1728/3630/3630
f 1694/3687/3687 1728/3630/3630 1702/3686/3686
f 1702/3686/3686 1728/3630/3630 1732/3631/3631
f 1702/3686/3686 1732/3631/3631 1706/3685/3685
f 1706/3685/3685 1732/3631/3631 1736/3632/3632
f 1706/3685/3685 1736/3632/3632 1710/3684/3684
f 1710/3684/3684 1736/3632/3632 1740/3633/3633
f 1710/3684/3684 1740/3633/3633 1714/3683/3683
f 1714/3683/3683 1740/3633/3633 1744/3634/3634
f 1714/3683/3683 1744/3634/3634 1742/3635/3635
f 1714/3683/3683 1742/3635/3635 1712/3682/3682
f 1712/3682/3682 1742/3635/3635 1738/3636/3636
f 1712/3682/3682 1738/3636/3636 1708/3681/3681
f 1708/3681/3681 1738/3636/3636 1734/3637/3637
f 1708/3681/3681 1734/3637/3637 1704/3680/3680
f 1704/3680/3680 1734/3637/3637 1730/3638/3638
f 1704/3680/3680 1730/3638/3638 1696/3679/3679
f 1696/3679/3679 1730/3638/3638 1726/3639/3639
f 1696/3679/3679 1726/3639/3639 1722/3640/3640
f 1696/3679/3679 1722/3640/3640 1692/3678/3678
f 1692/3678/3678 1722/3640/3640 1718/3641/3641
f 1692/3678/3678 1718/3641/3641 1684/3677/3677
f 1684/3677/3677 1718/3641/3641 1700/3642/3642
f 1684/3677/3677 1700/3642/3642 1676/3676/3676
f 1676/3676/3676 1700/3642/3642 1688/3643/3643
f 1676/3676/3676 1688/3643/3643 1668/3675/3675
f 1668/3675/3675 1688/3643/3643 1680/3644/3644
f 1668/3675/3675 1680/3644/3644 1664/3674/3674
f 1664/3674/3674 1680/3644/3644 1672/3645/3645
f 1664/3674/3674 1672/3645/3645 1660/3646/3646
f 1664/3674/3674 1660/3646/3646 1656/3673/3673
f 1656/3673/3673 1660/3646/3646 1652/3647/3647
f 1656/3673/3673 1652/3647/3647 1648/3672/3672
f 1648/3672/3672 1652/3647/3647 1644/3648/3648
f 1648/3672/3672 1644/3648/3648 1640/3671/3671
f 1640/3671/3671 1644/3648/3648 1636/3649/3649
f 1640/3671/3671 1636/3649/3649 1632/3670/3670
f 1632/3670/3670 1636/3649/3649 1624/3650/3650
f 1632/3670/3670 1624/3650/3650 1616/3651/3651
f 1632/3670/3670 1616/3651/3651 1628/3669/3669
f 1628/3669/3669 1616/3651/3651 1608/3652/3652
f 1628/3669/3669 1608/3652/3652 1620/3668/3668
f 1620/3668/3668 1608/3652/3652 1596/3653/3653
f 1620/3668/3668 1596/3653/3653 1612/3667/3667
f 1612/3667/3667 1596/3653/3653 1578/3654/3654
f 1612/3667/3667 1578/3654/3654 1604/3666/3666
f 1604/3666/3666 1578/3654/3654 1574/3655/3655
f 1604/3666/3666 1574/3655/3655 1600/3665/3665
f 1600/3665/3665 1574/3655/3655 1570/3656/3656
f 1600/3665/3665 1570/3656/3656 1566/3657/3657
f 1600/3665/3665 1566/3657/3657 1592/3664/3664
f 1592/3664/3664 1566/3657/3657 1562/3658/3658
f 1592/3664/3664 1562/3658/3658 1588/3663/3663
f 1588/3663/3663 1562/3658/3658 1558/3659/3659
f 1588/3663/3663 1558/3659/3659 1584/3662/3662
f 1584/3662/3662 1558/3659/3659 1554/3660/3660
f 1584/3662/3662 1554/3660/3660 1580/3661/3661
f 1551/3758/3758 1549/3705/3705 1579/3759/3759
f 1579/3759/3759 1549/3705/3705 1553/3706/3706
f 1579/3759/3759 1553/3706/3706 1583/3802/3802
f 1583/3802/3802 1553/3706/3706 1557/3707/3707
f 1583/3802/3802 1557/3707/3707 1587/3801/3801
f 1587/3801/3801 1557/3707/3707 1561/3708/3708
f 1587/3801/3801 1561/3708/3708 1591/3800/3800
f 1591/3800/3800 1561/3708/3708 1565/3709/3709
f 1591/3800/3800 1565/3709/3709 1599/3799/3799
f 1599/3799/3799 1565/3709/3709 1569/3710/3710
f 1599/3799/3799 1569/3710/3710 1573/3711/3711
f 1599/3799/3799 1573/3711/3711 1603/3798/3798
f 1603/3798/3798 1573/3711/3711 1577/3712/3712
f 1603/3798/3798 1577/3712/3712 1611/3797/3797
f 1611/3797/3797 1577/3712/3712 1595/3713/3713
f 1611/3797/3797 1595/3713/3713 1619/3796/3796
f 1619/3796/3796 1595/3713/3713 1607/3714/3714
f 1619/3796/3796 1607/3714/3714 1627/3795/3795
f 1627/3795/3795 1607/3714/3714 1615/3715/3715
f 1627/3795/3795 1615/3715/3715 1631/3794/3794
f 1631/3794/3794 1615/3715/3715 1623/3716/3716
f 1631/3794/3794 1623/3716/3716 1635/3717/3717
f 1631/3794/3794 1635/3717/3717 1639/3793/3793
f 1639/3793/3793 1635/3717/3717 1643/3718/3718
f 1639/3793/3793 1643/3718/3718 1647/3792/3792
f 1647/3792/3792 1643/3718/3718 1651/3719/3719
f 1647/3792/3792 1651/3719/3719 1655/3791/3791
f 1655/3791/3791 1651/3719/3719 1659/3720/3720
f 1655/3791/3791 1659/3720/3720 1663/3790/3790
f 1663/3790/3790 1659/3720/3720 1671/3721/3721
f 1663/3790/3790 1671/3721/3721 1679/3722/3722
f 1663/3790/3790 1679/3722/3722 1667/3789/3789
f 1667/3789/3789 1679/3722/3722 1687/3723/3723
f 1667/3789/3789 1687/3723/3723 1675/3788/3788
f 1675/3788/3788 1687/3723/3723 1699/3724/3724
f 1675/3788/3788 1699/3724/3724 1683/3787/3787
f 1683/3787/3787 1699/3724/3724 1717/3725/3725
f 1683/3787/3787 1717/3725/3725 1691/3786/3786
f 1691/3786/3786 1717/3725/3725 1721/3726/3726
f 1691/3786/3786 1721/3726/3726 1695/3785/3785
f 1695/3785/3785 1721/3726/3726 1725/3727/3727
f 1695/3785/3785 1725/3727/3727 1729/3728/3728
f 1695/3785/3785 1729/3728/3728 1703/3784/3784
f 1703/3784/3784 1729/3728/3728 1733/3729/3729
f 1703/3784/3784 1733/3729/3729 1707/3783/3783
f 1707/3783/3783 1733/3729/3729 1737/3730/3730
f 1707/3783/3783 1737/3730/3730 1711/3782/3782
f 1711/3782/3782 1737/3730/3730 1741/3731/3731
f 1711/3782/3782 1741/3731/3731 1713/3781/3781
f 1713/3781/3781 1741/3731/3731 1743/3732/3732
f 1713/3781/3781 1743/3732/3732 1739/3733/3733
f 1713/3781/3781 1739/3733/3733 1709/3780/3780
f 1709/3780/3780 1739/3733/3733 1735/3734/3734
f 1709/3780/3780 1735/3734/3734 1705/3779/3779
f 1705/3779/3779 1735/3734/3734 1731/3735/3735
f 1705/3779/3779 1731/3735/3735 1701/3778/3778
f 1701/3778/3778 1731/3735/3735 1727/3736/3736
f 1701/3778/3778 1727/3736/3736 1693/3777/3777
f 1693/3777/3777 1727/3736/3736 1723/3737/3737
f 1693/3777/3777 1723/3737/3737 1719/3738/3738
f 1693/3777/3777 1719/3738/3738 1689/3776/3776
f 1689/3776/3776 1719/3738/3738 1715/3739/3739
f 1689/3776/3776 1715/3739/3739 1681/3775/3775
f 1681/3775/3775 1715/3739/3739 1697/3740/3740
f 1681/3775/3775 1697/3740/3740 1673/3774/3774
f 1673/3774/3774 1697/3740/3740 1685/3741/3741
f 1673/3774/3774 1685/3741/3741 1665/3773/3773
f 1665/3773/3773 1685/3741/3741 1677/3742/3742
f 1665/3773/3773 1677/3742/3742 1661/3772/3772
f 1661/3772/3772 1677/3742/3742 1669/3743/3743
f 1661/3772/3772 1669/3743/3743 1657/3744/3744
f 1661/3772/3772 1657/3744/3744 1653/3771/3771
f 1653/3771/3771 1657/3744/3744 1649/3745/3745
f 1653/3771/3771 1649/3745/3745 1645/3770/3770
f 1645/3770/3770 1649/3745/3745 1641/3746/3746
f 1645/3770/3770 1641/3746/3746 1637/3769/3769
f 1637/3769/3769 1641/3746/3746 1633/3747/3747
f 1637/3769/3769 1633/3747/3747 1629/3768/3768
f 1629/3768/3768 1633/3747/3747 1621/3748/3748
f 1629/3768/3768 1621/3748/3748 1613/3749/3749
f 1629/3768/3768 1613/3749/3749 1625/3767/3767
f 1625/3767/3767 1613/3749/3749 1605/3750/3750
f 1625/3767/3767 1605/3750/3750 1617/3766/3766
f 1617/3766/3766 1605/3750/3750 1593/3751/3751
f 1617/3766/3766 1593/3751/3751 1609/3765/3765
f 1609/3765/3765 1593/3751/3751 1575/3752/3752
f 1609/3765/3765 1575/3752/3752 1601/3764/3764
f 1601/3764/3764 1575/3752/3752 1571/3753/3753
f 1601/3764/3764 1571/3753/3753 1597/3763/3763
f 1597/3763/3763 1571/3753/3753 1567/3754/3754
f 1597/3763/3763 1567/3754/3754 1563/3755/3755
f 1597/3763/3763 1563/3755/3755 1589/3762/3762
f 1589/3762/3762 1563/3755/3755 1559/3756/3756
f 1589/3762/3762 1559/3756/3756 1585/3761/3761
f 1585/3761/3761 1559/3756/3756 1555/3757/3757
f 1585/3761/3761 1555/3757/3757 1581/3760/3760
f 1581/3760/3760 1555/3757/3757 1551/3758/3758
f 1581/3760/3760 1551/3758/3758 1579/3759/3759
g Solid22

v 0.039370 0.155408 -0.000000
v 0.039370 0.155408 0.059055
v 0.035942 0.155208 -0.000000
v 0.035942 0.155208 0.059055
v 0.042798 0.155208 -0.000000
v 0.042798 0.155208 0.059055
v 0.032561 0.154612 -0.000000
v 0.032561 0.154612 0.059055
v 0.046180 0.154612 -0.000000
v 0.046180 0.154612 0.059055
v 0.029271 0.153627 -0.000000
v 0.029271 0.153627 0.059055
v 0.049469 0.153627 -0.000000
v 0.049469 0.153627 0.059055
v 0.026118 0.152267 -0.000000
v 0.026118 0.152267 0.059055
v 0.052622 0.152267 -0.000000
v 0.052622 0.152267 0.059055
v 0.023144 0.150550 -0.000000
v 0.023144 0.150550 0.059055
v 0.055596 0.150550 -0.000000
v 0.055596 0.150550 0.059055
v 0.020390 0.148500 -0.000000
v 0.020390 0.148500 0.059055
v 0.058350 0.148500 -0.000000
v 0.058350 0.148500 0.059055
v 0.017893 0.146143 -0.000000
v 0.017893 0.146143 0.059055
v 0.060848 0.146143 -0.000000
v 0.060848 0.146143 0.059055
v 0.039370 0.145565 -0.000000
v 0.039370 0.145565 0.059055
v 0.036569 0.145365 -0.000000
v 0.036569 0.145365 0.059055
v 0.042172 0.145365 -0.000000
v 0.042172 0.145365 0.059055
v 0.033824 0.144768 -0.000000
v 0.033824 0.144768 0.059055
v 0.044916 0.144768 -0.000000
v 0.044916 0.144768 0.059055
v 0.031193 0.143786 -0.000000
v 0.031193 0.143786 0.059055
v 0.047548 0.143786 -0.000000
v 0.047548 0.143786 0.059055
v 0.015685 0.143513 -0.000000
v 0.015685 0.143513 0.059055
v 0.063055 0.143513 -0.000000
v 0.063055 0.143513 0.059055
v 0.028728 0.142440 -0.000000
v 0.028728 0.142440 0.059055
v 0.050013 0.142440 -0.000000
v 0.050013 0.142440 0.059055
v 0.026479 0.140757 -0.000000
v 0.026479 0.140757 0.059055
v 0.052261 0.140757 -0.000000
v 0.052261 0.140757 0.059055
v 0.013798 0.140644 -0.000000
v 0.013798 0.140644 0.059055
v 0.064942 0.140644 -0.000000
v 0.064942 0.140644 0.059055
v 0.024493 0.138771 -0.000000
v 0.024493 0.138771 0.059055
v 0.054247 0.138771 -0.000000
v 0.054247 0.138771 0.059055
v 0.012257 0.137575 -0.000000
v 0.012257 0.137575 0.059055
v 0.066483 0.137575 -0.000000
v 0.066483 0.137575 0.059055
v 0.022810 0.136523 -0.000000
v 0.022810 0.136523 0.059055
v 0.055930 0.136523 -0.000000
v 0.055930 0.136523 0.059055
v 0.011083 0.134349 -0.000000
v 0.011083 0.134349 0.059055
v 0.067657 0.134349 -0.000000
v 0.067657 0.134349 0.059055
v 0.021464 0.134058 -0.000000
v 0.021464 0.134058 0.059055
v 0.057276 0.134058 -0.000000
v 0.057276 0.134058 0.059055
v 0.020482 0.131426 -0.000000
v 0.020482 0.131426 0.059055
v 0.058258 0.131426 -0.000000
v 0.058258 0.131426 0.059055
v 0.010291 0.131008 -0.000000
v 0.010291 0.131008 0.059055
v 0.068449 0.131008 -0.000000
v 0.068449 0.131008 0.059055
v 0.019885 0.128682 -0.000000
v 0.019885 0.128682 0.059055
v 0.058855 0.128682 -0.000000
v 0.058855 0.128682 0.059055
v 0.009892 0.127597 -0.000000
v 0.009892 0.127597 0.059055
v 0.068848 0.127597 -0.000000
v 0.068848 0.127597 0.059055
v 0.019685 0.125880 -0.000000
v 0.019685 0.125880 0.059055
v 0.059055 0.125880 -0.000000
v 0.059055 0.125880 0.059055
v 0.009892 0.124163 -0.000000
v 0.009892 0.124163 0.059055
v 0.068848 0.124163 -0.000000
v 0.068848 0.124163 0.059055
v 0.019885 0.123079 -0.000000
v 0.019885 0.123079 0.059055
v 0.058855 0.123079 -0.000000
v 0.058855 0.123079 0.059055
v 0.010291 0.120753 -0.000000
v 0.010291 0.120753 0.059055
v 0.068449 0.120753 -0.000000
v 0.068449 0.120753 0.059055
v 0.020482 0.120334 -0.000000
v 0.020482 0.120334 0.059055
v 0.058258 0.120334 -0.000000
v 0.058258 0.120334 0.059055
v 0.021464 0.117703 -0.000000
v 0.021464 0.117703 0.059055
v 0.057276 0.117703 -0.000000
v 0.057276 0.117703 0.059055
v 0.011083 0.117412 -0.000000
v 0.011083 0.117412 0.059055
v 0.067657 0.117412 -0.000000
v 0.067657 0.117412 0.059055
v 0.022810 0.115238 -0.000000
v 0.022810 0.115238 0.059055
v 0.055930 0.115238 -0.000000
v 0.055930 0.115238 0.059055
v 0.012257 0.114185 -0.000000
v 0.012257 0.114185 0.059055
v 0.066483 0.114185 -0.000000
v 0.066483 0.114185 0.059055
v 0.024493 0.112989 -0.000000
v 0.024493 0.112989 0.059055
v 0.054247 0.112989 -0.000000
v 0.054247 0.112989 0.059055
v 0.013798 0.111116 -0.000000
v 0.013798 0.111116 0.059055
v 0.064942 0.111116 -0.000000
v 0.064942 0.111116 0.059055
v 0.026479 0.111003 -0.000000
v 0.026479 0.111003 0.059055
v 0.052261 0.111003 -0.000000
v 0.052261 0.111003 0.059055
v 0.028728 0.109320 -0.000000
v 0.028728 0.109320 0.059055
v 0.050013 0.109320 -0.000000
v 0.050013 0.109320 0.059055
v 0.015685 0.108247 -0.000000
v 0.015685 0.108247 0.059055
v 0.063055 0.108247 -0.000000
v 0.063055 0.108247 0.059055
v 0.031193 0.107974 -0.000000
v 0.031193 0.107974 0.059055
v 0.047548 0.107974 -0.000000
v 0.047548 0.107974 0.059055
v 0.033824 0.106992 -0.000000
v 0.033824 0.106992 0.059055
v 0.044916 0.106992 -0.000000
v 0.044916 0.106992 0.059055
v 0.036569 0.106395 -0.000000
v 0.036569 0.106395 0.059055
v 0.042172 0.106395 -0.000000
v 0.042172 0.106395 0.059055
v 0.039370 0.106195 -0.000000
v 0.039370 0.106195 0.059055
v 0.017893 0.105617 -0.000000
v 0.017893 0.105617 0.059055
v 0.060848 0.105617 -0.000000
v 0.060848 0.105617 0.059055
v 0.020390 0.103261 -0.000000
v 0.020390 0.103261 0.059055
v 0.058350 0.103261 -0.000000
v 0.058350 0.103261 0.059055
v 0.023144 0.101210 -0.000000
v 0.023144 0.101210 0.059055
v 0.055596 0.101210 -0.000000
v 0.055596 0.101210 0.059055
v 0.026118 0.099493 -0.000000
v 0.026118 0.099493 0.059055
v 0.052622 0.099493 -0.000000
v 0.052622 0.099493 0.059055
v 0.029271 0.098133 -0.000000
v 0.029271 0.098133 0.059055
v 0.049469 0.098133 -0.000000
v 0.049469 0.098133 0.059055
v 0.032561 0.097148 -0.000000
v 0.032561 0.097148 0.059055
v 0.046180 0.097148 -0.000000
v 0.046180 0.097148 0.059055
v 0.035942 0.096552 -0.000000
v 0.035942 0.096552 0.059055
v 0.042798 0.096552 -0.000000
v 0.042798 0.096552 0.059055
v 0.039370 0.096353 -0.000000
v 0.039370 0.096353 0.059055
vt 0.000000 0.157080 0.000000
vt 0.000000 0.149940 0.000000
vt 0.000000 0.142800 0.000000
vt 0.000000 0.135660 0.000000
vt 0.000000 0.128520 0.000000
vt 0.000000 0.121380 0.000000
vt 0.000000 0.114240 0.000000
vt 0.000000 0.107100 0.000000
vt 0.000000 0.099960 0.000000
vt 0.000000 0.092820 0.000000
vt 0.000000 0.085680 0.000000
vt 0.000000 0.078540 0.000000
vt 0.000000 0.071400 0.000000
vt 0.000000 0.064260 0.000000
vt 0.000000 0.057120 0.000000
vt 0.000000 0.049980 0.000000
vt 0.000000 0.042840 0.000000
vt 0.000000 0.035700 0.000000
vt 0.000000 0.028560 0.000000
vt 0.000000 0.021420 0.000000
vt 0.000000 0.014280 0.000000
vt 0.000000 0.007140 0.000000
vt 0.000000 0.000000 0.000000
vt 0.000000 -0.007140 0.000000
vt 0.000000 -0.014280 0.000000
vt 0.000000 -0.021420 0.000000
vt 0.000000 -0.028560 0.000000
vt 0.000000 -0.035700 0.000000
vt 0.000000 -0.042840 0.000000
vt 0.000000 -0.049980 0.000000
vt 0.000000 -0.057120 0.000000
vt 0.000000 -0.064260 0.000000
vt 0.000000 -0.071400 0.000000
vt 0.000000 -0.078540 0.000000
vt 0.000000 -0.085680 0.000000
vt 0.000000 -0.092820 0.000000
vt 0.000000 -0.099960 0.000000
vt 0.000000 -0.107100 0.000000
vt 0.000000 -0.114240 0.000000
vt 0.000000 -0.121380 0.000000
vt 0.000000 -0.128520 0.000000
vt 0.000000 -0.135660 0.000000
vt 0.000000 -0.142800 0.000000
vt 0.000000 -0.149940 0.000000
vt 0.150000 -0.157080 0.000000
vt 0.150000 -0.149940 0.000000
vt 0.150000 -0.142800 0.000000
vt 0.150000 -0.135660 0.000000
vt 0.150000 -0.128520 0.000000
vt 0.150000 -0.121380 0.000000
vt 0.150000 -0.114240 0.000000
vt 0.150000 -0.107100 0.000000
vt 0.150000 -0.099960 0.000000
vt 0.150000 -0.092820 0.000000
vt 0.150000 -0.085680 0.000000
vt 0.150000 -0.078540 0.000000
vt 0.150000 -0.071400 0.000000
vt 0.150000 -0.064260 0.000000
vt 0.150000 -0.057120 0.000000
vt 0.150000 -0.049980 0.000000
vt 0.150000 -0.042840 0.000000
vt 0.150000 -0.035700 0.000000
vt 0.150000 -0.028560 0.000000
vt 0.150000 -0.021420 0.000000
vt 0.150000 -0.014280 0.000000
vt 0.150000 -0.007140 0.000000
vt 0.150000 0.000000 0.000000
vt 0.150000 0.007140 0.000000
vt 0.150000 0.014280 0.000000
vt 0.150000 0.021420 0.000000
vt 0.150000 0.028560 0.000000
vt 0.150000 0.035700 0.000000
vt 0.150000 0.042840 0.000000
vt 0.150000 0.049980 0.000000
vt 0.150000 0.057120 0.000000
vt 0.150000 0.064260 0.000000
vt 0.150000 0.071400 0.000000
vt 0.150000 0.078540 0.000000
vt 0.150000 0.085680 0.000000
vt 0.150000 0.092820 0.000000
vt 0.150000 0.099960 0.000000
vt 0.150000 0.107100 0.000000
vt 0.150000 0.114240 0.000000
vt 0.150000 0.121380 0.000000
vt 0.150000 0.128520 0.000000
vt 0.150000 0.135660 0.000000
vt 0.150000 0.142800 0.000000
vt 0.150000 0.149940 0.000000
vt 0.150000 0.157080 0.000000
vt 0.000000 -0.157080 0.000000
vt -0.000000 -0.235619 0.000000
vt -0.000000 -0.226893 0.000000
vt -0.000000 -0.218166 0.000000
vt -0.000000 -0.209440 0.000000
vt -0.000000 -0.200713 0.000000
vt -0.000000 -0.191986 0.000000
vt -0.000000 -0.183260 0.000000
vt -0.000000 -0.174533 0.000000
vt -0.000000 -0.165806 0.000000
vt -0.000000 -0.157080 0.000000
vt -0.000000 -0.148353 0.000000
vt -0.000000 -0.139626 0.000000
vt -0.000000 -0.130900 0.000000
vt -0.000000 -0.122173 0.000000
vt -0.000000 -0.113446 0.000000
vt -0.000000 -0.104720 0.000000
vt -0.000000 -0.095993 0.000000
vt -0.000000 -0.087266 0.000000
vt -0.000000 -0.078540 0.000000
vt -0.000000 -0.069813 0.000000
vt -0.000000 -0.061087 0.000000
vt -0.000000 -0.052360 0.000000
vt -0.000000 -0.043633 0.000000
vt -0.000000 -0.034907 0.000000
vt -0.000000 -0.026180 0.000000
vt -0.000000 -0.017453 0.000000
vt -0.000000 -0.008727 0.000000
vt -0.000000 0.000000 0.000000
vt -0.000000 0.008727 0.000000
vt -0.000000 0.017453 0.000000
vt -0.000000 0.026180 0.000000
vt -0.000000 0.034907 0.000000
vt -0.000000 0.043633 0.000000
vt -0.000000 0.052360 0.000000
vt -0.000000 0.061087 0.000000
vt -0.000000 0.069813 0.000000
vt -0.000000 0.078540 0.000000
vt -0.000000 0.087266 0.000000
vt -0.000000 0.095993 0.000000
vt -0.000000 0.104720 0.000000
vt -0.000000 0.113446 0.000000
vt -0.000000 0.122173 0.000000
vt -0.000000 0.130900 0.000000
vt -0.000000 0.139626 0.000000
vt -0.000000 0.148353 0.000000
vt -0.000000 0.157080 0.000000
vt -0.000000 0.165806 0.000000
vt -0.000000 0.174533 0.000000
vt -0.000000 0.183260 0.000000
vt -0.000000 0.191986 0.000000
vt -0.000000 0.200713 0.000000
vt -0.000000 0.209440 0.000000
vt -0.000000 0.218166 0.000000
vt -0.000000 0.226893 0.000000
vt -0.150000 0.235619 0.000000
vt -0.150000 0.226893 0.000000
vt -0.150000 0.218166 0.000000
vt -0.150000 0.209440 0.000000
vt -0.150000 0.200713 0.000000
vt -0.150000 0.191986 0.000000
vt -0.150000 0.183260 0.000000
vt -0.150000 0.174533 0.000000
vt -0.150000 0.165806 0.000000
vt -0.150000 0.157080 0.000000
vt -0.150000 0.148353 0.000000
vt -0.150000 0.139626 0.000000
vt -0.150000 0.130900 0.000000
vt -0.150000 0.122173 0.000000
vt -0.150000 0.113446 0.000000
vt -0.150000 0.104720 0.000000
vt -0.150000 0.095993 0.000000
vt -0.150000 0.087266 0.000000
vt -0.150000 0.078540 0.000000
vt -0.150000 0.069813 0.000000
vt -0.150000 0.061087 0.000000
vt -0.150000 0.052360 0.000000
vt -0.150000 0.043633 0.000000
vt -0.150000 0.034907 0.000000
vt -0.150000 0.026180 0.000000
vt -0.150000 0.017453 0.000000
vt -0.150000 0.008727 0.000000
vt -0.150000 0.000000 0.000000
vt -0.150000 -0.008727 0.000000
vt -0.150000 -0.017453 0.000000
vt -0.150000 -0.026180 0.000000
vt -0.150000 -0.034907 0.000000
vt -0.150000 -0.043633 0.000000
vt -0.150000 -0.052360 0.000000
vt -0.150000 -0.061087 0.000000
vt -0.150000 -0.069813 0.000000
vt -0.150000 -0.078540 0.000000
vt -0.150000 -0.087266 0.000000
vt -0.150000 -0.095993 0.000000
vt -0.150000 -0.104720 0.000000
vt -0.150000 -0.113446 0.000000
vt -0.150000 -0.122173 0.000000
vt -0.150000 -0.130900 0.000000
vt -0.150000 -0.139626 0.000000
vt -0.150000 -0.148353 0.000000
vt -0.150000 -0.157080 0.000000
vt -0.150000 -0.165806 0.000000
vt -0.150000 -0.174533 0.000000
vt -0.150000 -0.183260 0.000000
vt -0.150000 -0.191986 0.000000
vt -0.150000 -0.200713 0.000000
vt -0.150000 -0.209440 0.000000
vt -0.150000 -0.218166 0.000000
vt -0.150000 -0.226893 0.000000
vt -0.150000 -0.235619 0.000000
vt -0.000000 0.235619 0.000000
vt -0.075000 0.000000 0.000000
vt -0.074493 -0.008707 0.000000
vt -0.072978 -0.017296 0.000000
vt -0.070477 -0.025652 0.000000
vt -0.067022 -0.033660 0.000000
vt -0.062662 -0.041213 0.000000
vt -0.057453 -0.048209 0.000000
vt -0.051468 -0.054553 0.000000
vt -0.044787 -0.060159 0.000000
vt -0.037500 -0.064952 0.000000
vt -0.029706 -0.068866 0.000000
vt -0.021510 -0.071849 0.000000
vt -0.013024 -0.073861 0.000000
vt -0.004361 -0.074873 0.000000
vt 0.004361 -0.074873 0.000000
vt 0.013024 -0.073861 0.000000
vt 0.021510 -0.071849 0.000000
vt 0.029706 -0.068866 0.000000
vt 0.037500 -0.064952 0.000000
vt 0.044787 -0.060159 0.000000
vt 0.051468 -0.054553 0.000000
vt 0.057453 -0.048209 0.000000
vt 0.062662 -0.041213 0.000000
vt 0.067022 -0.033660 0.000000
vt 0.070477 -0.025652 0.000000
vt 0.072978 -0.017296 0.000000
vt 0.074493 -0.008707 0.000000
vt 0.075000 0.000000 0.000000
vt 0.074493 0.008707 0.000000
vt 0.072978 0.017296 0.000000
vt 0.070477 0.025652 0.000000
vt 0.067022 0.033660 0.000000
vt 0.062662 0.041213 0.000000
vt 0.057453 0.048209 0.000000
vt 0.051468 0.054553 0.000000
vt 0.044787 0.060159 0.000000
vt 0.037500 0.064952 0.000000
vt 0.029706 0.068866 0.000000
vt 0.021510 0.071849 0.000000
vt 0.013024 0.073861 0.000000
vt 0.004361 0.074873 0.000000
vt -0.004361 0.074873 0.000000
vt -0.013024 0.073861 0.000000
vt -0.021510 0.071849 0.000000
vt -0.029706 0.068866 0.000000
vt -0.037500 0.064952 0.000000
vt -0.044787 0.060159 0.000000
vt -0.051468 0.054553 0.000000
vt -0.057453 0.048209 0.000000
vt -0.062662 0.041213 0.000000
vt -0.067022 0.033660 0.000000
vt -0.070477 0.025652 0.000000
vt -0.072978 0.017296 0.000000
vt -0.074493 0.008707 0.000000
vt -0.050000 0.000000 0.000000
vt -0.049491 0.007116 0.000000
vt -0.047975 0.014087 0.000000
vt -0.045482 0.020771 0.000000
vt -0.042063 0.027032 0.000000
vt -0.037787 0.032743 0.000000
vt -0.032743 0.037787 0.000000
vt -0.027032 0.042063 0.000000
vt -0.020771 0.045482 0.000000
vt -0.014087 0.047975 0.000000
vt -0.007116 0.049491 0.000000
vt 0.000000 0.050000 0.000000
vt 0.007116 0.049491 0.000000
vt 0.014087 0.047975 0.000000
vt 0.020771 0.045482 0.000000
vt 0.027032 0.042063 0.000000
vt 0.032743 0.037787 0.000000
vt 0.037787 0.032743 0.000000
vt 0.042063 0.027032 0.000000
vt 0.045482 0.020771 0.000000
vt 0.047975 0.014087 0.000000
vt 0.049491 0.007116 0.000000
vt 0.050000 0.000000 0.000000
vt 0.049491 -0.007116 0.000000
vt 0.047975 -0.014087 0.000000
vt 0.045482 -0.020771 0.000000
vt 0.042063 -0.027032 0.000000
vt 0.037787 -0.032743 0.000000
vt 0.032743 -0.037787 0.000000
vt 0.027032 -0.042063 0.000000
vt 0.020771 -0.045482 0.000000
vt 0.014087 -0.047975 0.000000
vt 0.007116 -0.049491 0.000000
vt 0.000000 -0.050000 0.000000
vt -0.007116 -0.049491 0.000000
vt -0.014087 -0.047975 0.000000
vt -0.020771 -0.045482 0.000000
vt -0.027032 -0.042063 0.000000
vt -0.032743 -0.037787 0.000000
vt -0.037787 -0.032743 0.000000
vt -0.042063 -0.027032 0.000000
vt -0.045482 -0.020771 0.000000
vt -0.047975 -0.014087 0.000000
vt -0.049491 -0.007116 0.000000
vt 0.460714 -0.687500 0.000000
vt 0.460207 -0.678793 0.000000
vt 0.458693 -0.670204 0.000000
vt 0.456191 -0.661848 0.000000
vt 0.452737 -0.653840 0.000000
vt 0.448376 -0.646287 0.000000
vt 0.443168 -0.639291 0.000000
vt 0.437182 -0.632947 0.000000
vt 0.430501 -0.627341 0.000000
vt 0.423214 -0.622548 0.000000
vt 0.415420 -0.618634 0.000000
vt 0.407225 -0.615651 0.000000
vt 0.398738 -0.613639 0.000000
vt 0.390075 -0.612627 0.000000
vt 0.381353 -0.612627 0.000000
vt 0.372691 -0.613639 0.000000
vt 0.364204 -0.615651 0.000000
vt 0.356008 -0.618634 0.000000
vt 0.348214 -0.622548 0.000000
vt 0.340927 -0.627341 0.000000
vt 0.334246 -0.632947 0.000000
vt 0.328261 -0.639291 0.000000
vt 0.323053 -0.646287 0.000000
vt 0.318692 -0.653840 0.000000
vt 0.315237 -0.661848 0.000000
vt 0.312736 -0.670204 0.000000
vt 0.311221 -0.678793 0.000000
vt 0.310714 -0.687500 0.000000
vt 0.311221 -0.696207 0.000000
vt 0.312736 -0.704796 0.000000
vt 0.315237 -0.713152 0.000000
vt 0.318692 -0.721160 0.000000
vt 0.323053 -0.728713 0.000000
vt 0.328261 -0.735709 0.000000
vt 0.334246 -0.742053 0.000000
vt 0.340927 -0.747659 0.000000
vt 0.348214 -0.752452 0.000000
vt 0.356008 -0.756366 0.000000
vt 0.364204 -0.759349 0.000000
vt 0.372691 -0.761361 0.000000
vt 0.381353 -0.762373 0.000000
vt 0.390075 -0.762373 0.000000
vt 0.398738 -0.761361 0.000000
vt 0.407225 -0.759349 0.000000
vt 0.415420 -0.756366 0.000000
vt 0.423214 -0.752452 0.000000
vt 0.430501 -0.747659 0.000000
vt 0.437182 -0.742053 0.000000
vt 0.443168 -0.735709 0.000000
vt 0.448376 -0.728713 0.000000
vt 0.452737 -0.721160 0.000000
vt 0.456191 -0.713152 0.000000
vt 0.458693 -0.704796 0.000000
vt 0.460207 -0.696207 0.000000
vt 0.435714 -0.687500 0.000000
vt 0.435205 -0.694616 0.000000
vt 0.433689 -0.701587 0.000000
vt 0.431196 -0.708271 0.000000
vt 0.427777 -0.714532 0.000000
vt 0.423502 -0.720243 0.000000
vt 0.418457 -0.725287 0.000000
vt 0.412746 -0.729563 0.000000
vt 0.406485 -0.732982 0.000000
vt 0.399801 -0.735475 0.000000
vt 0.392830 -0.736991 0.000000
vt 0.385714 -0.737500 0.000000
vt 0.378599 -0.736991 0.000000
vt 0.371628 -0.735475 0.000000
vt 0.364944 -0.732982 0.000000
vt 0.358682 -0.729563 0.000000
vt 0.352971 -0.725287 0.000000
vt 0.347927 -0.720243 0.000000
vt 0.343652 -0.714532 0.000000
vt 0.340233 -0.708271 0.000000
vt 0.337740 -0.701587 0.000000
vt 0.336223 -0.694616 0.000000
vt 0.335714 -0.687500 0.000000
vt 0.336223 -0.680384 0.000000
vt 0.337740 -0.673413 0.000000
vt 0.340233 -0.666729 0.000000
vt 0.343652 -0.660468 0.000000
vt 0.347927 -0.654757 0.000000
vt 0.352971 -0.649713 0.000000
vt 0.358682 -0.645437 0.000000
vt 0.364944 -0.642018 0.000000
vt 0.371628 -0.639525 0.000000
vt 0.378599 -0.638009 0.000000
vt 0.385714 -0.637500 0.000000
vt 0.392830 -0.638009 0.000000
vt 0.399801 -0.639525 0.000000
vt 0.406485 -0.642018 0.000000
vt 0.412746 -0.645437 0.000000
vt 0.418457 -0.649713 0.000000
vt 0.423502 -0.654757 0.000000
vt 0.427777 -0.660468 0.000000
vt 0.431196 -0.666729 0.000000
vt 0.433689 -0.673413 0.000000
vt 0.435205 -0.680384 0.000000
vn 0.000000 -2.540000 0.000000
vn 0.361480 -2.514146 0.000000
vn 0.715601 -2.437112 0.000000
vn 1.055154 -2.310465 0.000000
vn 1.373228 -2.136784 0.000000
vn 1.663346 -1.919604 0.000000
vn 1.919604 -1.663346 0.000000
vn 2.136784 -1.373228 0.000000
vn 2.310465 -1.055154 0.000000
vn 2.437112 -0.715601 0.000000
vn 2.514146 -0.361480 0.000000
vn 2.540000 0.000000 0.000000
vn 2.514146 0.361480 0.000000
vn 2.437112 0.715601 0.000000
vn 2.310465 1.055154 0.000000
vn 2.136784 1.373228 0.000000
vn 1.919604 1.663346 0.000000
vn 1.663346 1.919604 0.000000
vn 1.373228 2.136784 0.000000
vn 1.055154 2.310465 0.000000
vn 0.715601 2.437112 0.000000
vn 0.361480 2.514146 0.000000
vn 0.000000 2.540000 -0.000000
vn -0.361480 2.514146 -0.000000
vn -0.715601 2.437112 -0.000000
vn -1.055154 2.310465 -0.000000
vn -1.373228 2.136784 -0.000000
vn -1.663346 1.919604 -0.000000
vn -1.919604 1.663346 -0.000000
vn -2.136784 1.373228 -0.000000
vn -2.310465 1.055154 -0.000000
vn -2.437112 0.715601 -0.000000
vn -2.514146 0.361480 -0.000000
vn -2.540000 -0.000000 -0.000000
vn -2.514146 -0.361480 -0.000000
vn -2.437112 -0.715601 -0.000000
vn -2.310465 -1.055154 -0.000000
vn -2.136784 -1.373228 -0.000000
vn -1.919604 -1.663346 -0.000000
vn -1.663346 -1.919604 -0.000000
vn -1.373228 -2.136784 -0.000000
vn -1.055154 -2.310465 -0.000000
vn -0.715601 -2.437112 -0.000000
vn -0.361480 -2.514146 -0.000000
vn 0.000000 -2.540000 0.000000
vn -0.361480 -2.514146 -0.000000
vn -0.715601 -2.437112 -0.000000
vn -1.055154 -2.310465 -0.000000
vn -1.373228 -2.136784 -0.000000
vn -1.663346 -1.919604 -0.000000
vn -1.919604 -1.663346 -0.000000
vn -2.136784 -1.373228 -0.000000
vn -2.310465 -1.055154 -0.000000
vn -2.437112 -0.715601 -0.000000
vn -2.514146 -0.361480 -0.000000
vn -2.540000 -0.000000 -0.000000
vn -2.514146 0.361480 -0.000000
vn -2.437112 0.715601 -0.000000
vn -2.310465 1.055154 -0.000000
vn -2.136784 1.373228 -0.000000
vn -1.919604 1.663346 -0.000000
vn -1.663346 1.919604 -0.000000
vn -1.373228 2.136784 -0.000000
vn -1.055154 2.310465 -0.000000
vn -0.715601 2.437112 -0.000000
vn -0.361480 2.514146 -0.000000
vn 0.000000 2.540000 -0.000000
vn 0.361480 2.514146 0.000000
vn 0.715601 2.437112 0.000000
vn 1.055154 2.310465 0.000000
vn 1.373228 2.136784 0.000000
vn 1.663346 1.919604 0.000000
vn 1.919604 1.663346 0.000000
vn 2.136784 1.373228 0.000000
vn 2.310465 1.055154 0.000000
vn 2.437112 0.715601 0.000000
vn 2.514146 0.361480 0.000000
vn 2.540000 0.000000 0.000000
vn 2.514146 -0.361480 0.000000
vn 2.437112 -0.715601 0.000000
vn 2.310465 -1.055154 0.000000
vn 2.136784 -1.373228 0.000000
vn 1.919604 -1.663346 0.000000
vn 1.663346 -1.919604 0.000000
vn 1.373228 -2.136784 0.000000
vn 1.055154 -2.310465 0.000000
vn 0.715601 -2.437112 0.000000
vn 0.361480 -2.514146 0.000000
vn 0.000000 -2.540000 0.000000
vn 0.000000 -2.540000 0.000000
vn 0.000000 2.540000 -0.000000
vn 0.294876 2.522825 0.000000
vn 0.585764 2.471534 0.000000
vn 0.868731 2.386819 0.000000
vn 1.139950 2.269827 0.000000
vn 1.395753 2.122139 0.000000
vn 1.632681 1.945753 0.000000
vn 1.847529 1.743054 0.000000
vn 2.037393 1.516783 0.000000
vn 2.199704 1.270000 0.000000
vn 2.332269 1.006043 0.000000
vn 2.433293 0.728480 0.000000
vn 2.501412 0.441066 0.000000
vn 2.535703 0.147688 0.000000
vn 2.535703 -0.147688 0.000000
vn 2.501412 -0.441066 0.000000
vn 2.433293 -0.728480 0.000000
vn 2.332269 -1.006043 0.000000
vn 2.199704 -1.270000 0.000000
vn 2.037393 -1.516783 0.000000
vn 1.847529 -1.743054 0.000000
vn 1.632681 -1.945753 0.000000
vn 1.395753 -2.122139 0.000000
vn 1.139950 -2.269827 0.000000
vn 0.868731 -2.386819 0.000000
vn 0.585764 -2.471534 0.000000
vn 0.294876 -2.522825 0.000000
vn 0.000000 -2.540000 0.000000
vn -0.294876 -2.522825 -0.000000
vn -0.585764 -2.471534 -0.000000
vn -0.868731 -2.386819 -0.000000
vn -1.139950 -2.269827 -0.000000
vn -1.395753 -2.122139 -0.000000
vn -1.632681 -1.945753 -0.000000
vn -1.847529 -1.743054 -0.000000
vn -2.037393 -1.516783 -0.000000
vn -2.199704 -1.270000 -0.000000
vn -2.332269 -1.006043 -0.000000
vn -2.433293 -0.728480 -0.000000
vn -2.501412 -0.441066 -0.000000
vn -2.535703 -0.147688 -0.000000
vn -2.535703 0.147688 -0.000000
vn -2.501412 0.441066 -0.000000
vn -2.433293 0.728480 -0.000000
vn -2.332269 1.006043 -0.000000
vn -2.199704 1.270000 -0.000000
vn -2.037393 1.516783 -0.000000
vn -1.847529 1.743054 -0.000000
vn -1.632681 1.945753 -0.000000
vn -1.395753 2.122139 -0.000000
vn -1.139950 2.269827 -0.000000
vn -0.868731 2.386819 -0.000000
vn -0.585764 2.471534 -0.000000
vn -0.294876 2.522825 -0.000000
vn 0.000000 2.540000 -0.000000
vn -0.294876 2.522825 -0.000000
vn -0.585764 2.471534 -0.000000
vn -0.868731 2.386819 -0.000000
vn -1.139950 2.269827 -0.000000
vn -1.395753 2.122139 -0.000000
vn -1.632681 1.945753 -0.000000
vn -1.847529 1.743054 -0.000000
vn -2.037393 1.516783 -0.000000
vn -2.199704 1.270000 -0.000000
vn -2.332269 1.006043 -0.000000
vn -2.433293 0.728480 -0.000000
vn -2.501412 0.441066 -0.000000
vn -2.535703 0.147688 -0.000000
vn -2.535703 -0.147688 -0.000000
vn -2.501412 -0.441066 -0.000000
vn -2.433293 -0.728480 -0.000000
vn -2.332269 -1.006043 -0.000000
vn -2.199704 -1.270000 -0.000000
vn -2.037393 -1.516783 -0.000000
vn -1.847529 -1.743054 -0.000000
vn -1.632681 -1.945753 -0.000000
vn -1.395753 -2.122139 -0.000000
vn -1.139950 -2.269827 -0.000000
vn -0.868731 -2.386819 -0.000000
vn -0.585764 -2.471534 -0.000000
vn -0.294876 -2.522825 -0.000000
vn 0.000000 -2.540000 0.000000
vn 0.294876 -2.522825 0.000000
vn 0.585764 -2.471534 0.000000
vn 0.868731 -2.386819 0.000000
vn 1.139950 -2.269827 0.000000
vn 1.395753 -2.122139 0.000000
vn 1.632681 -1.945753 0.000000
vn 1.847529 -1.743054 0.000000
vn 2.037393 -1.516783 0.000000
vn 2.199704 -1.270000 0.000000
vn 2.332269 -1.006043 0.000000
vn 2.433293 -0.728480 0.000000
vn 2.501412 -0.441066 0.000000
vn 2.535703 -0.147688 0.000000
vn 2.535703 0.147688 0.000000
vn 2.501412 0.441066 0.000000
vn 2.433293 0.728480 0.000000
vn 2.332269 1.006043 0.000000
vn 2.199704 1.270000 0.000000
vn 2.037393 1.516783 0.000000
vn 1.847529 1.743054 0.000000
vn 1.632681 1.945753 0.000000
vn 1.395753 2.122139 0.000000
vn 1.139950 2.269827 0.000000
vn 0.868731 2.386819 0.000000
vn 0.585764 2.471534 0.000000
vn 0.294876 2.522825 0.000000
vn 0.000000 2.540000 -0.000000
vn 0.000000 2.540000 -0.000000
vn -0.000000 0.000000 2.540000
vn -0.000000 0.000000 2.540000
vn -0.000000 0.000000 2.540000
vn -0.000000 0.000000 2.540000
vn -0.000000 0.000000 2.540000
vn -0.000000 0.000000 2.540000
vn -0.000000 0.000000 2.540000
vn -0.000000 0.000000 2.540000
vn -0.000000 0.000000 2.540000
vn -0.000000 0.000000 2.540000
vn -0.000000 0.000000 2.540000
vn -0.000000 0.000000 2.540000
vn -0.000000 0.000000 2.540000
vn -0.000000 0.000000 2.540000
vn -0.000000 0.000000 2.540000
vn -0.000000 0.000000 2.540000
vn -0.000000 0.000000 2.540000
vn -0.000000 0.000000 2.540000
vn -0.000000 0.000000 2.540000
vn -0.000000 0.000000 2.540000
vn -0.000000 0.000000 2.540000
vn -0.000000 0.000000 2.540000
vn -0.000000 0.000000 2.540000
vn -0.000000 0.000000 2.540000
vn -0.000000 0.000000 2.540000
vn -0.000000 0.000000 2.540000
vn -0.000000 0.000000 2.540000
vn -0.000000 0.000000 2.540000
vn -0.000000 0.000000 2.540000
vn -0.000000 0.000000 2.540000
vn -0.000000 0.000000 2.540000
vn -0.000000 0.000000 2.540000
vn -0.000000 0.000000 2.540000
vn -0.000000 0.000000 2.540000
vn -0.000000 0.000000 2.540000
vn -0.000000 0.000000 2.540000
vn -0.000000 0.000000 2.540000
vn -0.000000 0.000000 2.540000
vn -0.000000 0.000000 2.540000
vn -0.000000 0.000000 2.540000
vn -0.000000 0.000000 2.540000
vn -0.000000 0.000000 2.540000
vn -0.000000 0.000000 2.540000
vn -0.000000 0.000000 2.540000
vn -0.000000 0.000000 2.540000
vn -0.000000 0.000000 2.540000
vn -0.000000 0.000000 2.540000
vn -0.000000 0.000000 2.540000
vn -0.000000 0.000000 2.540000
vn -0.000000 0.000000 2.540000
vn -0.000000 0.000000 2.540000
vn -0.000000 0.000000 2.540000
vn -0.000000 0.000000 2.540000
vn -0.000000 0.000000 2.540000
vn -0.000000 0.000000 2.540000
vn -0.000000 0.000000 2.540000
vn -0.000000 0.000000 2.540000
vn -0.000000 0.000000 2.540000
vn -0.000000 0.000000 2.540000
vn -0.000000 0.000000 2.540000
vn -0.000000 0.000000 2.540000
vn -0.000000 0.000000 2.540000
vn -0.000000 0.000000 2.540000
vn -0.000000 0.000000 2.540000
vn -0.000000 0.000000 2.540000
vn -0.000000 0.000000 2.540000
vn -0.000000 0.000000 2.540000
vn -0.000000 0.000000 2.540000
vn -0.000000 0.000000 2.540000
vn -0.000000 0.000000 2.540000
vn -0.000000 0.000000 2.540000
vn -0.000000 0.000000 2.540000
vn -0.000000 0.000000 2.540000
vn -0.000000 0.000000 2.540000
vn -0.000000 0.000000 2.540000
vn -0.000000 0.000000 2.540000
vn -0.000000 0.000000 2.540000
vn -0.000000 0.000000 2.540000
vn -0.000000 0.000000 2.540000
vn -0.000000 0.000000 2.540000
vn -0.000000 0.000000 2.540000
vn -0.000000 0.000000 2.540000
vn -0.000000 0.000000 2.540000
vn -0.000000 0.000000 2.540000
vn -0.000000 0.000000 2.540000
vn -0.000000 0.000000 2.540000
vn -0.000000 0.000000 2.540000
vn -0.000000 0.000000 2.540000
vn -0.000000 0.000000 2.540000
vn -0.000000 0.000000 2.540000
vn -0.000000 0.000000 2.540000
vn -0.000000 0.000000 2.540000
vn -0.000000 0.000000 2.540000
vn -0.000000 0.000000 2.540000
vn -0.000000 0.000000 2.540000
vn -0.000000 0.000000 2.540000
vn -0.000000 0.000000 2.540000
vn -0.000000 0.000000 2.540000
vn 0.000000 -0.000000 -2.540000
vn 0.000000 -0.000000 -2.540000
vn 0.000000 -0.000000 -2.540000
vn 0.000000 -0.000000 -2.540000
vn 0.000000 -0.000000 -2.540000
vn 0.000000 -0.000000 -2.540000
vn 0.000000 -0.000000 -2.540000
vn 0.000000 -0.000000 -2.540000
vn 0.000000 -0.000000 -2.540000
vn 0.000000 -0.000000 -2.540000
vn 0.000000 -0.000000 -2.540000
vn 0.000000 -0.000000 -2.540000
vn 0.000000 -0.000000 -2.540000
vn 0.000000 -0.000000 -2.540000
vn 0.000000 -0.000000 -2.540000
vn 0.000000 -0.000000 -2.540000
vn 0.000000 -0.000000 -2.540000
vn 0.000000 -0.000000 -2.540000
vn 0.000000 -0.000000 -2.540000
vn 0.000000 -0.000000 -2.540000
vn 0.000000 -0.000000 -2.540000
vn 0.000000 -0.000000 -2.540000
vn 0.000000 -0.000000 -2.540000
vn 0.000000 -0.000000 -2.540000
vn 0.000000 -0.000000 -2.540000
vn 0.000000 -0.000000 -2.540000
vn 0.000000 -0.000000 -2.540000
vn 0.000000 -0.000000 -2.540000
vn 0.000000 -0.000000 -2.540000
vn 0.000000 -0.000000 -2.540000
vn 0.000000 -0.000000 -2.540000
vn 0.000000 -0.000000 -2.540000
vn 0.000000 -0.000000 -2.540000
vn 0.000000 -0.000000 -2.540000
vn 0.000000 -0.000000 -2.540000
vn 0.000000 -0.000000 -2.540000
vn 0.000000 -0.000000 -2.540000
vn 0.000000 -0.000000 -2.540000
vn 0.000000 -0.000000 -2.540000
vn 0.000000 -0.000000 -2.540000
vn 0.000000 -0.000000 -2.540000
vn 0.000000 -0.000000 -2.540000
vn 0.000000 -0.000000 -2.540000
vn 0.000000 -0.000000 -2.540000
vn 0.000000 -0.000000 -2.540000
vn 0.000000 -0.000000 -2.540000
vn 0.000000 -0.000000 -2.540000
vn 0.000000 -0.000000 -2.540000
vn 0.000000 -0.000000 -2.540000
vn 0.000000 -0.000000 -2.540000
vn 0.000000 -0.000000 -2.540000
vn 0.000000 -0.000000 -2.540000
vn 0.000000 -0.000000 -2.540000
vn 0.000000 -0.000000 -2.540000
vn 0.000000 -0.000000 -2.540000
vn 0.000000 -0.000000 -2.540000
vn 0.000000 -0.000000 -2.540000
vn 0.000000 -0.000000 -2.540000
vn 0.000000 -0.000000 -2.540000
vn 0.000000 -0.000000 -2.540000
vn 0.000000 -0.000000 -2.540000
vn 0.000000 -0.000000 -2.540000
vn 0.000000 -0.000000 -2.540000
vn 0.000000 -0.000000 -2.540000
vn 0.000000 -0.000000 -2.540000
vn 0.000000 -0.000000 -2.540000
vn 0.000000 -0.000000 -2.540000
vn 0.000000 -0.000000 -2.540000
vn 0.000000 -0.000000 -2.540000
vn 0.000000 -0.000000 -2.540000
vn 0.000000 -0.000000 -2.540000
vn 0.000000 -0.000000 -2.540000
vn 0.000000 -0.000000 -2.540000
vn 0.000000 -0.000000 -2.540000
vn 0.000000 -0.000000 -2.540000
vn 0.000000 -0.000000 -2.540000
vn 0.000000 -0.000000 -2.540000
vn 0.000000 -0.000000 -2.540000
vn 0.000000 -0.000000 -2.540000
vn 0.000000 -0.000000 -2.540000
vn 0.000000 -0.000000 -2.540000
vn 0.000000 -0.000000 -2.540000
vn 0.000000 -0.000000 -2.540000
vn 0.000000 -0.000000 -2.540000
vn 0.000000 -0.000000 -2.540000
vn 0.000000 -0.000000 -2.540000
vn 0.000000 -0.000000 -2.540000
vn 0.000000 -0.000000 -2.540000
vn 0.000000 -0.000000 -2.540000
vn 0.000000 -0.000000 -2.540000
vn 0.000000 -0.000000 -2.540000
vn 0.000000 -0.000000 -2.540000
vn 0.000000 -0.000000 -2.540000
vn 0.000000 -0.000000 -2.540000
vn 0.000000 -0.000000 -2.540000
vn 0.000000 -0.000000 -2.540000
vn 0.000000 -0.000000 -2.540000
vn 0.000000 -0.000000 -2.540000
f 1778/3804/3804 1777/3890/3890 1776/3803/3803
f 1776/3803/3803 1777/3890/3890 1775/3891/3891
f 1776/3892/3892 1775/3847/3847 1780/3846/3846
f 1780/3846/3846 1775/3847/3847 1779/3848/3848
f 1780/3846/3846 1779/3848/3848 1784/3845/3845
f 1784/3845/3845 1779/3848/3848 1783/3849/3849
f 1784/3845/3845 1783/3849/3849 1788/3844/3844
f 1788/3844/3844 1783/3849/3849 1787/3850/3850
f 1788/3844/3844 1787/3850/3850 1796/3843/3843
f 1796/3843/3843 1787/3850/3850 1795/3851/3851
f 1796/3843/3843 1795/3851/3851 1800/3842/3842
f 1800/3842/3842 1795/3851/3851 1799/3852/3852
f 1800/3842/3842 1799/3852/3852 1808/3841/3841
f 1808/3841/3841 1799/3852/3852 1807/3853/3853
f 1808/3841/3841 1807/3853/3853 1816/3840/3840
f 1816/3840/3840 1807/3853/3853 1815/3854/3854
f 1816/3840/3840 1815/3854/3854 1824/3839/3839
f 1824/3839/3839 1815/3854/3854 1823/3855/3855
f 1824/3839/3839 1823/3855/3855 1828/3838/3838
f 1828/3838/3838 1823/3855/3855 1827/3856/3856
f 1828/3838/3838 1827/3856/3856 1836/3837/3837
f 1836/3837/3837 1827/3856/3856 1835/3857/3857
f 1836/3837/3837 1835/3857/3857 1844/3836/3836
f 1844/3836/3836 1835/3857/3857 1843/3858/3858
f 1844/3836/3836 1843/3858/3858 1852/3835/3835
f 1852/3835/3835 1843/3858/3858 1851/3859/3859
f 1852/3835/3835 1851/3859/3859 1860/3834/3834
f 1860/3834/3834 1851/3859/3859 1859/3860/3860
f 1860/3834/3834 1859/3860/3860 1864/3833/3833
f 1864/3833/3833 1859/3860/3860 1863/3861/3861
f 1864/3833/3833 1863/3861/3861 1872/3832/3832
f 1872/3832/3832 1863/3861/3861 1871/3862/3862
f 1872/3832/3832 1871/3862/3862 1880/3831/3831
f 1880/3831/3831 1871/3862/3862 1879/3863/3863
f 1880/3831/3831 1879/3863/3863 1888/3830/3830
f 1888/3830/3830 1879/3863/3863 1887/3864/3864
f 1888/3830/3830 1887/3864/3864 1892/3829/3829
f 1892/3829/3829 1887/3864/3864 1891/3865/3865
f 1892/3829/3829 1891/3865/3865 1900/3828/3828
f 1900/3828/3828 1891/3865/3865 1899/3866/3866
f 1900/3828/3828 1899/3866/3866 1904/3827/3827
f 1904/3827/3827 1899/3866/3866 1903/3867/3867
f 1904/3827/3827 1903/3867/3867 1908/3826/3826
f 1908/3826/3826 1903/3867/3867 1907/3868/3868
f 1908/3826/3826 1907/3868/3868 1910/3825/3825
f 1910/3825/3825 1907/3868/3868 1909/3869/3869
f 1910/3825/3825 1909/3869/3869 1906/3824/3824
f 1906/3824/3824 1909/3869/3869 1905/3870/3870
f 1906/3824/3824 1905/3870/3870 1902/3823/3823
f 1902/3823/3823 1905/3870/3870 1901/3871/3871
f 1902/3823/3823 1901/3871/3871 1898/3822/3822
f 1898/3822/3822 1901/3871/3871 1897/3872/3872
f 1898/3822/3822 1897/3872/3872 1890/3821/3821
f 1890/3821/3821 1897/3872/3872 1889/3873/3873
f 1890/3821/3821 1889/3873/3873 1886/3820/3820
f 1886/3820/3820 1889/3873/3873 1885/3874/3874
f 1886/3820/3820 1885/3874/3874 1878/3819/3819
f 1878/3819/3819 1885/3874/3874 1877/3875/3875
f 1878/3819/3819 1877/3875/3875 1870/3818/3818
f 1870/3818/3818 1877/3875/3875 1869/3876/3876
f 1870/3818/3818 1869/3876/3876 1862/3817/3817
f 1862/3817/3817 1869/3876/3876 1861/3877/3877
f 1862/3817/3817 1861/3877/3877 1858/3816/3816
f 1858/3816/3816 1861/3877/3877 1857/3878/3878
f 1858/3816/3816 1857/3878/3878 1850/3815/3815
f 1850/3815/3815 1857/3878/3878 1849/3879/3879
f 1850/3815/3815 1849/3879/3879 1842/3814/3814
f 1842/3814/3814 1849/3879/3879 1841/3880/3880
f 1842/3814/3814 1841/3880/3880 1834/3813/3813
f 1834/3813/3813 1841/3880/3880 1833/3881/3881
f 1834/3813/3813 1833/3881/3881 1826/3812/3812
f 1826/3812/3812 1833/3881/3881 1825/3882/3882
f 1826/3812/3812 1825/3882/3882 1822/3811/3811
f 1822/3811/3811 1825/3882/3882 1821/3883/3883
f 1822/3811/3811 1821/3883/3883 1814/3810/3810
f 1814/3810/3810 1821/3883/3883 1813/3884/3884
f 1814/3810/3810 1813/3884/3884 1806/3809/3809
f 1806/3809/3809 1813/3884/3884 1805/3885/3885
f 1806/3809/3809 1805/3885/3885 1798/3808/3808
f 1798/3808/3808 1805/3885/3885 1797/3886/3886
f 1798/3808/3808 1797/3886/3886 1794/3807/3807
f 1794/3807/3807 1797/3886/3886 1793/3887/3887
f 1794/3807/3807 1793/3887/3887 1786/3806/3806
f 1786/3806/3806 1793/3887/3887 1785/3888/3888
f 1786/3806/3806 1785/3888/3888 1782/3805/3805
f 1782/3805/3805 1785/3888/3888 1781/3889/3889
f 1782/3805/3805 1781/3889/3889 1778/3804/3804
f 1778/3804/3804 1781/3889/3889 1777/3890/3890
f 1750/3894/3894 1749/4000/4000 1746/3893/3893
f 1746/3893/3893 1749/4000/4000 1745/4001/4001
f 1746/4002/4002 1745/3947/3947 1748/3946/3946
f 1748/3946/3946 1745/3947/3947 1747/3948/3948
f 1748/3946/3946 1747/3948/3948 1752/3945/3945
f 1752/3945/3945 1747/3948/3948 1751/3949/3949
f 1752/3945/3945 1751/3949/3949 1756/3944/3944
f 1756/3944/3944 1751/3949/3949 1755/3950/3950
f 1756/3944/3944 1755/3950/3950 1760/3943/3943
f 1760/3943/3943 1755/3950/3950 1759/3951/3951
f 1760/3943/3943 1759/3951/3951 1764/3942/3942
f 1764/3942/3942 1759/3951/3951 1763/3952/3952
f 1764/3942/3942 1763/3952/3952 1768/3941/3941
f 1768/3941/3941 1763/3952/3952 1767/3953/3953
f 1768/3941/3941 1767/3953/3953 1772/3940/3940
f 1772/3940/3940 1767/3953/3953 1771/3954/3954
f 1772/3940/3940 1771/3954/3954 1790/3939/3939
f 1790/3939/3939 1771/3954/3954 1789/3955/3955
f 1790/3939/3939 1789/3955/3955 1802/3938/3938
f 1802/3938/3938 1789/3955/3955 1801/3956/3956
f 1802/3938/3938 1801/3956/3956 1810/3937/3937
f 1810/3937/3937 1801/3956/3956 1809/3957/3957
f 1810/3937/3937 1809/3957/3957 1818/3936/3936
f 1818/3936/3936 1809/3957/3957 1817/3958/3958
f 1818/3936/3936 1817/3958/3958 1830/3935/3935
f 1830/3935/3935 1817/3958/3958 1829/3959/3959
f 1830/3935/3935 1829/3959/3959 1838/3934/3934
f 1838/3934/3934 1829/3959/3959 1837/3960/3960
f 1838/3934/3934 1837/3960/3960 1846/3933/3933
f 1846/3933/3933 1837/3960/3960 1845/3961/3961
f 1846/3933/3933 1845/3961/3961 1854/3932/3932
f 1854/3932/3932 1845/3961/3961 1853/3962/3962
f 1854/3932/3932 1853/3962/3962 1866/3931/3931
f 1866/3931/3931 1853/3962/3962 1865/3963/3963
f 1866/3931/3931 1865/3963/3963 1874/3930/3930
f 1874/3930/3930 1865/3963/3963 1873/3964/3964
f 1874/3930/3930 1873/3964/3964 1882/3929/3929
f 1882/3929/3929 1873/3964/3964 1881/3965/3965
f 1882/3929/3929 1881/3965/3965 1894/3928/3928
f 1894/3928/3928 1881/3965/3965 1893/3966/3966
f 1894/3928/3928 1893/3966/3966 1912/3927/3927
f 1912/3927/3927 1893/3966/3966 1911/3967/3967
f 1912/3927/3927 1911/3967/3967 1916/3926/3926
f 1916/3926/3926 1911/3967/3967 1915/3968/3968
f 1916/3926/3926 1915/3968/3968 1920/3925/3925
f 1920/3925/3925 1915/3968/3968 1919/3969/3969
f 1920/3925/3925 1919/3969/3969 1924/3924/3924
f 1924/3924/3924 1919/3969/3969 1923/3970/3970
f 1924/3924/3924 1923/3970/3970 1928/3923/3923
f 1928/3923/3923 1923/3970/3970 1927/3971/3971
f 1928/3923/3923 1927/3971/3971 1932/3922/3922
f 1932/3922/3922 1927/3971/3971 1931/3972/3972
f 1932/3922/3922 1931/3972/3972 1936/3921/3921
f 1936/3921/3921 1931/3972/3972 1935/3973/3973
f 1936/3921/3921 1935/3973/3973 1940/3920/3920
f 1940/3920/3920 1935/3973/3973 1939/3974/3974
f 1940/3920/3920 1939/3974/3974 1938/3919/3919
f 1938/3919/3919 1939/3974/3974 1937/3975/3975
f 1938/3919/3919 1937/3975/3975 1934/3918/3918
f 1934/3918/3918 1937/3975/3975 1933/3976/3976
f 1934/3918/3918 1933/3976/3976 1930/3917/3917
f 1930/3917/3917 1933/3976/3976 1929/3977/3977
f 1930/3917/3917 1929/3977/3977 1926/3916/3916
f 1926/3916/3916 1929/3977/3977 1925/3978/3978
f 1926/3916/3916 1925/3978/3978 1922/3915/3915
f 1922/3915/3915 1925/3978/3978 1921/3979/3979
f 1922/3915/3915 1921/3979/3979 1918/3914/3914
f 1918/3914/3914 1921/3979/3979 1917/3980/3980
f 1918/3914/3914 1917/3980/3980 1914/3913/3913
f 1914/3913/3913 1917/3980/3980 1913/3981/3981
f 1914/3913/3913 1913/3981/3981 1896/3912/3912
f 1896/3912/3912 1913/3981/3981 1895/3982/3982
f 1896/3912/3912 1895/3982/3982 1884/3911/3911
f 1884/3911/3911 1895/3982/3982 1883/3983/3983
f 1884/3911/3911 1883/3983/3983 1876/3910/3910
f 1876/3910/3910 1883/3983/3983 1875/3984/3984
f 1876/3910/3910 1875/3984/3984 1868/3909/3909
f 1868/3909/3909 1875/3984/3984 1867/3985/3985
f 1868/3909/3909 1867/3985/3985 1856/3908/3908
f 1856/3908/3908 1867/3985/3985 1855/3986/3986
f 1856/3908/3908 1855/3986/3986 1848/3907/3907
f 1848/3907/3907 1855/3986/3986 1847/3987/3987
f 1848/3907/3907 1847/3987/3987 1840/3906/3906
f 1840/3906/3906 1847/3987/3987 1839/3988/3988
f 1840/3906/3906 1839/3988/3988 1832/3905/3905
f 1832/3905/3905 1839/3988/3988 1831/3989/3989
f 1832/3905/3905 1831/3989/3989 1820/3904/3904
f 1820/3904/3904 1831/3989/3989 1819/3990/3990
f 1820/3904/3904 1819/3990/3990 1812/3903/3903
f 1812/3903/3903 1819/3990/3990 1811/3991/3991
f 1812/3903/3903 1811/3991/3991 1804/3902/3902
f 1804/3902/3902 1811/3991/3991 1803/3992/3992
f 1804/3902/3902 1803/3992/3992 1792/3901/3901
f 1792/3901/3901 1803/3992/3992 1791/3993/3993
f 1792/3901/3901 1791/3993/3993 1774/3900/3900
f 1774/3900/3900 1791/3993/3993 1773/3994/3994
f 1774/3900/3900 1773/3994/3994 1770/3899/3899
f 1770/3899/3899 1773/3994/3994 1769/3995/3995
f 1770/3899/3899 1769/3995/3995 1766/3898/3898
f 1766/3898/3898 1769/3995/3995 1765/3996/3996
f 1766/3898/3898 1765/3996/3996 1762/3897/3897
f 1762/3897/3897 1765/3996/3996 1761/3997/3997
f 1762/3897/3897 1761/3997/3997 1758/3896/3896
f 1758/3896/3896 1761/3997/3997 1757/3998/3998
f 1758/3896/3896 1757/3998/3998 1754/3895/3895
f 1754/3895/3895 1757/3998/3998 1753/3999/3999
f 1754/3895/3895 1753/3999/3999 1750/3894/3894
f 1750/3894/3894 1753/3999/3999 1749/4000/4000
f 1750/4056/4056 1746/4003/4003 1776/4057/4057
f 1776/4057/4057 1746/4003/4003 1748/4004/4004
f 1776/4057/4057 1748/4004/4004 1778/4100/4100
f 1778/4100/4100 1748/4004/4004 1752/4005/4005
f 1778/4100/4100 1752/4005/4005 1782/4099/4099
f 1782/4099/4099 1752/4005/4005 1756/4006/4006
f 1782/4099/4099 1756/4006/4006 1786/4098/4098
f 1786/4098/4098 1756/4006/4006 1760/4007/4007
f 1786/4098/4098 1760/4007/4007 1794/4097/4097
f 1794/4097/4097 1760/4007/4007 1764/4008/4008
f 1794/4097/4097 1764/4008/4008 1768/4009/4009
f 1794/4097/4097 1768/4009/4009 1798/4096/4096
f 1798/4096/4096 1768/4009/4009 1772/4010/4010
f 1798/4096/4096 1772/4010/4010 1806/4095/4095
f 1806/4095/4095 1772/4010/4010 1790/4011/4011
f 1806/4095/4095 1790/4011/4011 1814/4094/4094
f 1814/4094/4094 1790/4011/4011 1802/4012/4012
f 1814/4094/4094 1802/4012/4012 1822/4093/4093
f 1822/4093/4093 1802/4012/4012 1810/4013/4013
f 1822/4093/4093 1810/4013/4013 1826/4092/4092
f 1826/4092/4092 1810/4013/4013 1818/4014/4014
f 1826/4092/4092 1818/4014/4014 1830/4015/4015
f 1826/4092/4092 1830/4015/4015 1834/4091/4091
f 1834/4091/4091 1830/4015/4015 1838/4016/4016
f 1834/4091/4091 1838/4016/4016 1842/4090/4090
f 1842/4090/4090 1838/4016/4016 1846/4017/4017
f 1842/4090/4090 1846/4017/4017 1850/4089/4089
f 1850/4089/4089 1846/4017/4017 1854/4018/4018
f 1850/4089/4089 1854/4018/4018 1858/4088/4088
f 1858/4088/4088 1854/4018/4018 1866/4019/4019
f 1858/4088/4088 1866/4019/4019 1874/4020/4020
f 1858/4088/4088 1874/4020/4020 1862/4087/4087
f 1862/4087/4087 1874/4020/4020 1882/4021/4021
f 1862/4087/4087 1882/4021/4021 1870/4086/4086
f 1870/4086/4086 1882/4021/4021 1894/4022/4022
f 1870/4086/4086 1894/4022/4022 1878/4085/4085
f 1878/4085/4085 1894/4022/4022 1912/4023/4023
f 1878/4085/4085 1912/4023/4023 1886/4084/4084
f 1886/4084/4084 1912/4023/4023 1916/4024/4024
f 1886/4084/4084 1916/4024/4024 1890/4083/4083
f 1890/4083/4083 1916/4024/4024 1920/4025/4025
f 1890/4083/4083 1920/4025/4025 1924/4026/4026
f 1890/4083/4083 1924/4026/4026 1898/4082/4082
f 1898/4082/4082 1924/4026/4026 1928/4027/4027
f 1898/4082/4082 1928/4027/4027 1902/4081/4081
f 1902/4081/4081 1928/4027/4027 1932/4028/4028
f 1902/4081/4081 1932/4028/4028 1906/4080/4080
f 1906/4080/4080 1932/4028/4028 1936/4029/4029
f 1906/4080/4080 1936/4029/4029 1910/4079/4079
f 1910/4079/4079 1936/4029/4029 1940/4030/4030
f 1910/4079/4079 1940/4030/4030 1938/4031/4031
f 1910/4079/4079 1938/4031/4031 1908/4078/4078
f 1908/4078/4078 1938/4031/4031 1934/4032/4032
f 1908/4078/4078 1934/4032/4032 1904/4077/4077
f 1904/4077/4077 1934/4032/4032 1930/4033/4033
f 1904/4077/4077 1930/4033/4033 1900/4076/4076
f 1900/4076/4076 1930/4033/4033 1926/4034/4034
f 1900/4076/4076 1926/4034/4034 1892/4075/4075
f 1892/4075/4075 1926/4034/4034 1922/4035/4035
f 1892/4075/4075 1922/4035/4035 1918/4036/4036
f 1892/4075/4075 1918/4036/4036 1888/4074/4074
f 1888/4074/4074 1918/4036/4036 1914/4037/4037
f 1888/4074/4074 1914/4037/4037 1880/4073/4073
f 1880/4073/4073 1914/4037/4037 1896/4038/4038
f 1880/4073/4073 1896/4038/4038 1872/4072/4072
f 1872/4072/4072 1896/4038/4038 1884/4039/4039
f 1872/4072/4072 1884/4039/4039 1864/4071/4071
f 1864/4071/4071 1884/4039/4039 1876/4040/4040
f 1864/4071/4071 1876/4040/4040 1860/4070/4070
f 1860/4070/4070 1876/4040/4040 1868/4041/4041
f 1860/4070/4070 1868/4041/4041 1856/4042/4042
f 1860/4070/4070 1856/4042/4042 1852/4069/4069
f 1852/4069/4069 1856/4042/4042 1848/4043/4043
f 1852/4069/4069 1848/4043/4043 1844/4068/4068
f 1844/4068/4068 1848/4043/4043 1840/4044/4044
f 1844/4068/4068 1840/4044/4044 1836/4067/4067
f 1836/4067/4067 1840/4044/4044 1832/4045/4045
f 1836/4067/4067 1832/4045/4045 1828/4066/4066
f 1828/4066/4066 1832/4045/4045 1820/4046/4046
f 1828/4066/4066 1820/4046/4046 1812/4047/4047
f 1828/4066/4066 1812/4047/4047 1824/4065/4065
f 1824/4065/4065 1812/4047/4047 1804/4048/4048
f 1824/4065/4065 1804/4048/4048 1816/4064/4064
f 1816/4064/4064 1804/4048/4048 1792/4049/4049
f 1816/4064/4064 1792/4049/4049 1808/4063/4063
f 1808/4063/4063 1792/4049/4049 1774/4050/4050
f 1808/4063/4063 1774/4050/4050 1800/4062/4062
f 1800/4062/4062 1774/4050/4050 1770/4051/4051
f 1800/4062/4062 1770/4051/4051 1796/4061/4061
f 1796/4061/4061 1770/4051/4051 1766/4052/4052
f 1796/4061/4061 1766/4052/4052 1762/4053/4053
f 1796/4061/4061 1762/4053/4053 1788/4060/4060
f 1788/4060/4060 1762/4053/4053 1758/4054/4054
f 1788/4060/4060 1758/4054/4054 1784/4059/4059
f 1784/4059/4059 1758/4054/4054 1754/4055/4055
f 1784/4059/4059 1754/4055/4055 1780/4058/4058
f 1780/4058/4058 1754/4055/4055 1750/4056/4056
f 1780/4058/4058 1750/4056/4056 1776/4057/4057
f 1747/4154/4154 1745/4101/4101 1775/4155/4155
f 1775/4155/4155 1745/4101/4101 1749/4102/4102
f 1775/4155/4155 1749/4102/4102 1779/4198/4198
f 1779/4198/4198 1749/4102/4102 1753/4103/4103
f 1779/4198/4198 1753/4103/4103 1783/4197/4197
f 1783/4197/4197 1753/4103/4103 1757/4104/4104
f 1783/4197/4197 1757/4104/4104 1787/4196/4196
f 1787/4196/4196 1757/4104/4104 1761/4105/4105
f 1787/4196/4196 1761/4105/4105 1795/4195/4195
f 1795/4195/4195 1761/4105/4105 1765/4106/4106
f 1795/4195/4195 1765/4106/4106 1769/4107/4107
f 1795/4195/4195 1769/4107/4107 1799/4194/4194
f 1799/4194/4194 1769/4107/4107 1773/4108/4108
f 1799/4194/4194 1773/4108/4108 1807/4193/4193
f 1807/4193/4193 1773/4108/4108 1791/4109/4109
f 1807/4193/4193 1791/4109/4109 1815/4192/4192
f 1815/4192/4192 1791/4109/4109 1803/4110/4110
f 1815/4192/4192 1803/4110/4110 1823/4191/4191
f 1823/4191/4191 1803/4110/4110 1811/4111/4111
f 1823/4191/4191 1811/4111/4111 1827/4190/4190
f 1827/4190/4190 1811/4111/4111 1819/4112/4112
f 1827/4190/4190 1819/4112/4112 1831/4113/4113
f 1827/4190/4190 1831/4113/4113 1835/4189/4189
f 1835/4189/4189 1831/4113/4113 1839/4114/4114
f 1835/4189/4189 1839/4114/4114 1843/4188/4188
f 1843/4188/4188 1839/4114/4114 1847/4115/4115
f 1843/4188/4188 1847/4115/4115 1851/4187/4187
f 1851/4187/4187 1847/4115/4115 1855/4116/4116
f 1851/4187/4187 1855/4116/4116 1859/4186/4186
f 1859/4186/4186 1855/4116/4116 1867/4117/4117
f 1859/4186/4186 1867/4117/4117 1875/4118/4118
f 1859/4186/4186 1875/4118/4118 1863/4185/4185
f 1863/4185/4185 1875/4118/4118 1883/4119/4119
f 1863/4185/4185 1883/4119/4119 1871/4184/4184
f 1871/4184/4184 1883/4119/4119 1895/4120/4120
f 1871/4184/4184 1895/4120/4120 1879/4183/4183
f 1879/4183/4183 1895/4120/4120 1913/4121/4121
f 1879/4183/4183 1913/4121/4121 1887/4182/4182
f 1887/4182/4182 1913/4121/4121 1917/4122/4122
f 1887/4182/4182 1917/4122/4122 1891/4181/4181
f 1891/4181/4181 1917/4122/4122 1921/4123/4123
f 1891/4181/4181 1921/4123/4123 1925/4124/4124
f 1891/4181/4181 1925/4124/4124 1899/4180/4180
f 1899/4180/4180 1925/4124/4124 1929/4125/4125
f 1899/4180/4180 1929/4125/4125 1903/4179/4179
f 1903/4179/4179 1929/4125/4125 1933/4126/4126
f 1903/4179/4179 1933/4126/4126 1907/4178/4178
f 1907/4178/4178 1933/4126/4126 1937/4127/4127
f 1907/4178/4178 1937/4127/4127 1909/4177/4177
f 1909/4177/4177 1937/4127/4127 1939/4128/4128
f 1909/4177/4177 1939/4128/4128 1935/4129/4129
f 1909/4177/4177 1935/4129/4129 1905/4176/4176
f 1905/4176/4176 1935/4129/4129 1931/4130/4130
f 1905/4176/4176 1931/4130/4130 1901/4175/4175
f 1901/4175/4175 1931/4130/4130 1927/4131/4131
f 1901/4175/4175 1927/4131/4131 1897/4174/4174
f 1897/4174/4174 1927/4131/4131 1923/4132/4132
f 1897/4174/4174 1923/4132/4132 1889/4173/4173
f 1889/4173/4173 1923/4132/4132 1919/4133/4133
f 1889/4173/4173 1919/4133/4133 1915/4134/4134
f 1889/4173/4173 1915/4134/4134 1885/4172/4172
f 1885/4172/4172 1915/4134/4134 1911/4135/4135
f 1885/4172/4172 1911/4135/4135 1877/4171/4171
f 1877/4171/4171 1911/4135/4135 1893/4136/4136
f 1877/4171/4171 1893/4136/4136 1869/4170/4170
f 1869/4170/4170 1893/4136/4136 1881/4137/4137
f 1869/4170/4170 1881/4137/4137 1861/4169/4169
f 1861/4169/4169 1881/4137/4137 1873/4138/4138
f 1861/4169/4169 1873/4138/4138 1857/4168/4168
f 1857/4168/4168 1873/4138/4138 1865/4139/4139
f 1857/4168/4168 1865/4139/4139 1853/4140/4140
f 1857/4168/4168 1853/4140/4140 1849/4167/4167
f 1849/4167/4167 1853/4140/4140 1845/4141/4141
f 1849/4167/4167 1845/4141/4141 1841/4166/4166
f 1841/4166/4166 1845/4141/4141 1837/4142/4142
f 1841/4166/4166 1837/4142/4142 1833/4165/4165
f 1833/4165/4165 1837/4142/4142 1829/4143/4143
f 1833/4165/4165 1829/4143/4143 1825/4164/4164
f 1825/4164/4164 1829/4143/4143 1817/4144/4144
f 1825/4164/4164 1817/4144/4144 1809/4145/4145
f 1825/4164/4164 1809/4145/4145 1821/4163/4163
f 1821/4163/4163 1809/4145/4145 1801/4146/4146
f 1821/4163/4163 1801/4146/4146 1813/4162/4162
f 1813/4162/4162 1801/4146/4146 1789/4147/4147
f 1813/4162/4162 1789/4147/4147 1805/4161/4161
f 1805/4161/4161 1789/4147/4147 1771/4148/4148
f 1805/4161/4161 1771/4148/4148 1797/4160/4160
f 1797/4160/4160 1771/4148/4148 1767/4149/4149
f 1797/4160/4160 1767/4149/4149 1793/4159/4159
f 1793/4159/4159 1767/4149/4149 1763/4150/4150
f 1793/4159/4159 1763/4150/4150 1759/4151/4151
f 1793/4159/4159 1759/4151/4151 1785/4158/4158
f 1785/4158/4158 1759/4151/4151 1755/4152/4152
f 1785/4158/4158 1755/4152/4152 1781/4157/4157
f 1781/4157/4157 1755/4152/4152 1751/4153/4153
f 1781/4157/4157 1751/4153/4153 1777/4156/4156
f 1777/4156/4156 1751/4153/4153 1747/4154/4154
f 1777/4156/4156 1747/4154/4154 1775/4155/4155
g Solid23

v 0.039370 0.256645 -0.000000
v 0.039370 0.256645 0.059055
v 0.035942 0.256445 -0.000000
v 0.035942 0.256445 0.059055
v 0.042798 0.256445 -0.000000
v 0.042798 0.256445 0.059055
v 0.032561 0.255849 -0.000000
v 0.032561 0.255849 0.059055
v 0.046180 0.255849 -0.000000
v 0.046180 0.255849 0.059055
v 0.029271 0.254864 -0.000000
v 0.029271 0.254864 0.059055
v 0.049469 0.254864 -0.000000
v 0.049469 0.254864 0.059055
v 0.026118 0.253504 -0.000000
v 0.026118 0.253504 0.059055
v 0.052622 0.253504 -0.000000
v 0.052622 0.253504 0.059055
v 0.023144 0.251787 -0.000000
v 0.023144 0.251787 0.059055
v 0.055596 0.251787 -0.000000
v 0.055596 0.251787 0.059055
v 0.020390 0.249737 -0.000000
v 0.020390 0.249737 0.059055
v 0.058350 0.249737 -0.000000
v 0.058350 0.249737 0.059055
v 0.017893 0.247380 -0.000000
v 0.017893 0.247380 0.059055
v 0.060848 0.247380 -0.000000
v 0.060848 0.247380 0.059055
v 0.039370 0.246802 -0.000000
v 0.039370 0.246802 0.059055
v 0.036569 0.246602 -0.000000
v 0.036569 0.246602 0.059055
v 0.042172 0.246602 -0.000000
v 0.042172 0.246602 0.059055
v 0.033824 0.246005 -0.000000
v 0.033824 0.246005 0.059055
v 0.044916 0.246005 -0.000000
v 0.044916 0.246005 0.059055
v 0.031193 0.245024 -0.000000
v 0.031193 0.245024 0.059055
v 0.047548 0.245024 -0.000000
v 0.047548 0.245024 0.059055
v 0.015685 0.244750 -0.000000
v 0.015685 0.244750 0.059055
v 0.063055 0.244750 -0.000000
v 0.063055 0.244750 0.059055
v 0.028728 0.243678 -0.000000
v 0.028728 0.243678 0.059055
v 0.050013 0.243678 -0.000000
v 0.050013 0.243678 0.059055
v 0.026479 0.241994 -0.000000
v 0.026479 0.241994 0.059055
v 0.052261 0.241994 -0.000000
v 0.052261 0.241994 0.059055
v 0.013798 0.241881 -0.000000
v 0.013798 0.241881 0.059055
v 0.064942 0.241881 -0.000000
v 0.064942 0.241881 0.059055
v 0.024493 0.240008 -0.000000
v 0.024493 0.240008 0.059055
v 0.054247 0.240008 -0.000000
v 0.054247 0.240008 0.059055
v 0.012257 0.238813 -0.000000
v 0.012257 0.238813 0.059055
v 0.066483 0.238813 -0.000000
v 0.066483 0.238813 0.059055
v 0.022810 0.237760 -0.000000
v 0.022810 0.237760 0.059055
v 0.055930 0.237760 -0.000000
v 0.055930 0.237760 0.059055
v 0.011083 0.235586 -0.000000
v 0.011083 0.235586 0.059055
v 0.067657 0.235586 -0.000000
v 0.067657 0.235586 0.059055
v 0.021464 0.235295 -0.000000
v 0.021464 0.235295 0.059055
v 0.057276 0.235295 -0.000000
v 0.057276 0.235295 0.059055
v 0.020482 0.232663 -0.000000
v 0.020482 0.232663 0.059055
v 0.058258 0.232663 -0.000000
v 0.058258 0.232663 0.059055
v 0.010291 0.232245 -0.000000
v 0.010291 0.232245 0.059055
v 0.068449 0.232245 -0.000000
v 0.068449 0.232245 0.059055
v 0.019885 0.229919 -0.000000
v 0.019885 0.229919 0.059055
v 0.058855 0.229919 -0.000000
v 0.058855 0.229919 0.059055
v 0.009892 0.228834 -0.000000
v 0.009892 0.228834 0.059055
v 0.068848 0.228834 -0.000000
v 0.068848 0.228834 0.059055
v 0.019685 0.227117 -0.000000
v 0.019685 0.227117 0.059055
v 0.059055 0.227117 -0.000000
v 0.059055 0.227117 0.059055
v 0.009892 0.225401 -0.000000
v 0.009892 0.225401 0.059055
v 0.068848 0.225401 -0.000000
v 0.068848 0.225401 0.059055
v 0.019885 0.224316 -0.000000
v 0.019885 0.224316 0.059055
v 0.058855 0.224316 -0.000000
v 0.058855 0.224316 0.059055
v 0.010291 0.221990 -0.000000
v 0.010291 0.221990 0.059055
v 0.068449 0.221990 -0.000000
v 0.068449 0.221990 0.059055
v 0.020482 0.221572 -0.000000
v 0.020482 0.221572 0.059055
v 0.058258 0.221572 -0.000000
v 0.058258 0.221572 0.059055
v 0.021464 0.218940 -0.000000
v 0.021464 0.218940 0.059055
v 0.057276 0.218940 -0.000000
v 0.057276 0.218940 0.059055
v 0.011083 0.218649 -0.000000
v 0.011083 0.218649 0.059055
v 0.067657 0.218649 -0.000000
v 0.067657 0.218649 0.059055
v 0.022810 0.216475 -0.000000
v 0.022810 0.216475 0.059055
v 0.055930 0.216475 -0.000000
v 0.055930 0.216475 0.059055
v 0.012257 0.215422 -0.000000
v 0.012257 0.215422 0.059055
v 0.066483 0.215422 -0.000000
v 0.066483 0.215422 0.059055
v 0.024493 0.214226 -0.000000
v 0.024493 0.214226 0.059055
v 0.054247 0.214226 -0.000000
v 0.054247 0.214226 0.059055
v 0.013798 0.212354 -0.000000
v 0.013798 0.212354 0.059055
v 0.064942 0.212354 -0.000000
v 0.064942 0.212354 0.059055
v 0.026479 0.212241 -0.000000
v 0.026479 0.212241 0.059055
v 0.052261 0.212241 -0.000000
v 0.052261 0.212241 0.059055
v 0.028728 0.210557 -0.000000
v 0.028728 0.210557 0.059055
v 0.050013 0.210557 -0.000000
v 0.050013 0.210557 0.059055
v 0.015685 0.209485 -0.000000
v 0.015685 0.209485 0.059055
v 0.063055 0.209485 -0.000000
v 0.063055 0.209485 0.059055
v 0.031193 0.209211 -0.000000
v 0.031193 0.209211 0.059055
v 0.047548 0.209211 -0.000000
v 0.047548 0.209211 0.059055
v 0.033824 0.208230 -0.000000
v 0.033824 0.208230 0.059055
v 0.044916 0.208230 -0.000000
v 0.044916 0.208230 0.059055
v 0.036569 0.207633 -0.000000
v 0.036569 0.207633 0.059055
v 0.042172 0.207633 -0.000000
v 0.042172 0.207633 0.059055
v 0.039370 0.207432 -0.000000
v 0.039370 0.207432 0.059055
v 0.017893 0.206854 -0.000000
v 0.017893 0.206854 0.059055
v 0.060848 0.206854 -0.000000
v 0.060848 0.206854 0.059055
v 0.020390 0.204498 -0.000000
v 0.020390 0.204498 0.059055
v 0.058350 0.204498 -0.000000
v 0.058350 0.204498 0.059055
v 0.023144 0.202448 -0.000000
v 0.023144 0.202448 0.059055
v 0.055596 0.202448 -0.000000
v 0.055596 0.202448 0.059055
v 0.026118 0.200731 -0.000000
v 0.026118 0.200731 0.059055
v 0.052622 0.200731 -0.000000
v 0.052622 0.200731 0.059055
v 0.029271 0.199371 -0.000000
v 0.029271 0.199371 0.059055
v 0.049469 0.199371 -0.000000
v 0.049469 0.199371 0.059055
v 0.032561 0.198386 -0.000000
v 0.032561 0.198386 0.059055
v 0.046180 0.198386 -0.000000
v 0.046180 0.198386 0.059055
v 0.035942 0.197790 -0.000000
v 0.035942 0.197790 0.059055
v 0.042798 0.197790 -0.000000
v 0.042798 0.197790 0.059055
v 0.039370 0.197590 -0.000000
v 0.039370 0.197590 0.059055
vt 0.000000 0.157080 0.000000
vt 0.000000 0.149940 0.000000
vt 0.000000 0.142800 0.000000
vt 0.000000 0.135660 0.000000
vt 0.000000 0.128520 0.000000
vt 0.000000 0.121380 0.000000
vt 0.000000 0.114240 0.000000
vt 0.000000 0.107100 0.000000
vt 0.000000 0.099960 0.000000
vt 0.000000 0.092820 0.000000
vt 0.000000 0.085680 0.000000
vt 0.000000 0.078540 0.000000
vt 0.000000 0.071400 0.000000
vt 0.000000 0.064260 0.000000
vt 0.000000 0.057120 0.000000
vt 0.000000 0.049980 0.000000
vt 0.000000 0.042840 0.000000
vt 0.000000 0.035700 0.000000
vt 0.000000 0.028560 0.000000
vt 0.000000 0.021420 0.000000
vt 0.000000 0.014280 0.000000
vt 0.000000 0.007140 0.000000
vt 0.000000 0.000000 0.000000
vt 0.000000 -0.007140 0.000000
vt 0.000000 -0.014280 0.000000
vt 0.000000 -0.021420 0.000000
vt 0.000000 -0.028560 0.000000
vt 0.000000 -0.035700 0.000000
vt 0.000000 -0.042840 0.000000
vt 0.000000 -0.049980 0.000000
vt 0.000000 -0.057120 0.000000
vt 0.000000 -0.064260 0.000000
vt 0.000000 -0.071400 0.000000
vt 0.000000 -0.078540 0.000000
vt 0.000000 -0.085680 0.000000
vt 0.000000 -0.092820 0.000000
vt 0.000000 -0.099960 0.000000
vt 0.000000 -0.107100 0.000000
vt 0.000000 -0.114240 0.000000
vt 0.000000 -0.121380 0.000000
vt 0.000000 -0.128520 0.000000
vt 0.000000 -0.135660 0.000000
vt 0.000000 -0.142800 0.000000
vt 0.000000 -0.149940 0.000000
vt 0.150000 -0.157080 0.000000
vt 0.150000 -0.149940 0.000000
vt 0.150000 -0.142800 0.000000
vt 0.150000 -0.135660 0.000000
vt 0.150000 -0.128520 0.000000
vt 0.150000 -0.121380 0.000000
vt 0.150000 -0.114240 0.000000
vt 0.150000 -0.107100 0.000000
vt 0.150000 -0.099960 0.000000
vt 0.150000 -0.092820 0.000000
vt 0.150000 -0.085680 0.000000
vt 0.150000 -0.078540 0.000000
vt 0.150000 -0.071400 0.000000
vt 0.150000 -0.064260 0.000000
vt 0.150000 -0.057120 0.000000
vt 0.150000 -0.049980 0.000000
vt 0.150000 -0.042840 0.000000
vt 0.150000 -0.035700 0.000000
vt 0.150000 -0.028560 0.000000
vt 0.150000 -0.021420 0.000000
vt 0.150000 -0.014280 0.000000
vt 0.150000 -0.007140 0.000000
vt 0.150000 0.000000 0.000000
vt 0.150000 0.007140 0.000000
vt 0.150000 0.014280 0.000000
vt 0.150000 0.021420 0.000000
vt 0.150000 0.028560 0.000000
vt 0.150000 0.035700 0.000000
vt 0.150000 0.042840 0.000000
vt 0.150000 0.049980 0.000000
vt 0.150000 0.057120 0.000000
vt 0.150000 0.064260 0.000000
vt 0.150000 0.071400 0.000000
vt 0.150000 0.078540 0.000000
vt 0.150000 0.085680 0.000000
vt 0.150000 0.092820 0.000000
vt 0.150000 0.099960 0.000000
vt 0.150000 0.107100 0.000000
vt 0.150000 0.114240 0.000000
vt 0.150000 0.121380 0.000000
vt 0.150000 0.128520 0.000000
vt 0.150000 0.135660 0.000000
vt 0.150000 0.142800 0.000000
vt 0.150000 0.149940 0.000000
vt 0.150000 0.157080 0.000000
vt 0.000000 -0.157080 0.000000
vt -0.000000 -0.235619 0.000000
vt -0.000000 -0.226893 0.000000
vt -0.000000 -0.218166 0.000000
vt -0.000000 -0.209440 0.000000
vt -0.000000 -0.200713 0.000000
vt -0.000000 -0.191986 0.000000
vt -0.000000 -0.183260 0.000000
vt -0.000000 -0.174533 0.000000
vt -0.000000 -0.165806 0.000000
vt -0.000000 -0.157080 0.000000
vt -0.000000 -0.148353 0.000000
vt -0.000000 -0.139626 0.000000
vt -0.000000 -0.130900 0.000000
vt -0.000000 -0.122173 0.000000
vt -0.000000 -0.113446 0.000000
vt -0.000000 -0.104720 0.000000
vt -0.000000 -0.095993 0.000000
vt -0.000000 -0.087266 0.000000
vt -0.000000 -0.078540 0.000000
vt -0.000000 -0.069813 0.000000
vt -0.000000 -0.061087 0.000000
vt -0.000000 -0.052360 0.000000
vt -0.000000 -0.043633 0.000000
vt -0.000000 -0.034907 0.000000
vt -0.000000 -0.026180 0.000000
vt -0.000000 -0.017453 0.000000
vt -0.000000 -0.008727 0.000000
vt -0.000000 0.000000 0.000000
vt -0.000000 0.008727 0.000000
vt -0.000000 0.017453 0.000000
vt -0.000000 0.026180 0.000000
vt -0.000000 0.034907 0.000000
vt -0.000000 0.043633 0.000000
vt -0.000000 0.052360 0.000000
vt -0.000000 0.061087 0.000000
vt -0.000000 0.069813 0.000000
vt -0.000000 0.078540 0.000000
vt -0.000000 0.087266 0.000000
vt -0.000000 0.095993 0.000000
vt -0.000000 0.104720 0.000000
vt -0.000000 0.113446 0.000000
vt -0.000000 0.122173 0.000000
vt -0.000000 0.130900 0.000000
vt -0.000000 0.139626 0.000000
vt -0.000000 0.148353 0.000000
vt -0.000000 0.157080 0.000000
vt -0.000000 0.165806 0.000000
vt -0.000000 0.174533 0.000000
vt -0.000000 0.183260 0.000000
vt -0.000000 0.191986 0.000000
vt -0.000000 0.200713 0.000000
vt -0.000000 0.209440 0.000000
vt -0.000000 0.218166 0.000000
vt -0.000000 0.226893 0.000000
vt -0.150000 0.235619 0.000000
vt -0.150000 0.226893 0.000000
vt -0.150000 0.218166 0.000000
vt -0.150000 0.209440 0.000000
vt -0.150000 0.200713 0.000000
vt -0.150000 0.191986 0.000000
vt -0.150000 0.183260 0.000000
vt -0.150000 0.174533 0.000000
vt -0.150000 0.165806 0.000000
vt -0.150000 0.157080 0.000000
vt -0.150000 0.148353 0.000000
vt -0.150000 0.139626 0.000000
vt -0.150000 0.130900 0.000000
vt -0.150000 0.122173 0.000000
vt -0.150000 0.113446 0.000000
vt -0.150000 0.104720 0.000000
vt -0.150000 0.095993 0.000000
vt -0.150000 0.087266 0.000000
vt -0.150000 0.078540 0.000000
vt -0.150000 0.069813 0.000000
vt -0.150000 0.061087 0.000000
vt -0.150000 0.052360 0.000000
vt -0.150000 0.043633 0.000000
vt -0.150000 0.034907 0.000000
vt -0.150000 0.026180 0.000000
vt -0.150000 0.017453 0.000000
vt -0.150000 0.008727 0.000000
vt -0.150000 0.000000 0.000000
vt -0.150000 -0.008727 0.000000
vt -0.150000 -0.017453 0.000000
vt -0.150000 -0.026180 0.000000
vt -0.150000 -0.034907 0.000000
vt -0.150000 -0.043633 0.000000
vt -0.150000 -0.052360 0.000000
vt -0.150000 -0.061087 0.000000
vt -0.150000 -0.069813 0.000000
vt -0.150000 -0.078540 0.000000
vt -0.150000 -0.087266 0.000000
vt -0.150000 -0.095993 0.000000
vt -0.150000 -0.104720 0.000000
vt -0.150000 -0.113446 0.000000
vt -0.150000 -0.122173 0.000000
vt -0.150000 -0.130900 0.000000
vt -0.150000 -0.139626 0.000000
vt -0.150000 -0.148353 0.000000
vt -0.150000 -0.157080 0.000000
vt -0.150000 -0.165806 0.000000
vt -0.150000 -0.174533 0.000000
vt -0.150000 -0.183260 0.000000
vt -0.150000 -0.191986 0.000000
vt -0.150000 -0.200713 0.000000
vt -0.150000 -0.209440 0.000000
vt -0.150000 -0.218166 0.000000
vt -0.150000 -0.226893 0.000000
vt -0.150000 -0.235619 0.000000
vt -0.000000 0.235619 0.000000
vt -0.075000 0.000000 0.000000
vt -0.074493 -0.008707 0.000000
vt -0.072978 -0.017296 0.000000
vt -0.070477 -0.025652 0.000000
vt -0.067022 -0.033660 0.000000
vt -0.062662 -0.041213 0.000000
vt -0.057453 -0.048209 0.000000
vt -0.051468 -0.054553 0.000000
vt -0.044787 -0.060159 0.000000
vt -0.037500 -0.064952 0.000000
vt -0.029706 -0.068866 0.000000
vt -0.021510 -0.071849 0.000000
vt -0.013024 -0.073861 0.000000
vt -0.004361 -0.074873 0.000000
vt 0.004361 -0.074873 0.000000
vt 0.013024 -0.073861 0.000000
vt 0.021510 -0.071849 0.000000
vt 0.029706 -0.068866 0.000000
vt 0.037500 -0.064952 0.000000
vt 0.044787 -0.060159 0.000000
vt 0.051468 -0.054553 0.000000
vt 0.057453 -0.048209 0.000000
vt 0.062662 -0.041213 0.000000
vt 0.067022 -0.033660 0.000000
vt 0.070477 -0.025652 0.000000
vt 0.072978 -0.017296 0.000000
vt 0.074493 -0.008707 0.000000
vt 0.075000 0.000000 0.000000
vt 0.074493 0.008707 0.000000
vt 0.072978 0.017296 0.000000
vt 0.070477 0.025652 0.000000
vt 0.067022 0.033660 0.000000
vt 0.062662 0.041213 0.000000
vt 0.057453 0.048209 0.000000
vt 0.051468 0.054553 0.000000
vt 0.044787 0.060159 0.000000
vt 0.037500 0.064952 0.000000
vt 0.029706 0.068866 0.000000
vt 0.021510 0.071849 0.000000
vt 0.013024 0.073861 0.000000
vt 0.004361 0.074873 0.000000
vt -0.004361 0.074873 0.000000
vt -0.013024 0.073861 0.000000
vt -0.021510 0.071849 0.000000
vt -0.029706 0.068866 0.000000
vt -0.037500 0.064952 0.000000
vt -0.044787 0.060159 0.000000
vt -0.051468 0.054553 0.000000
vt -0.057453 0.048209 0.000000
vt -0.062662 0.041213 0.000000
vt -0.067022 0.033660 0.000000
vt -0.070477 0.025652 0.000000
vt -0.072978 0.017296 0.000000
vt -0.074493 0.008707 0.000000
vt -0.050000 0.000000 0.000000
vt -0.049491 0.007116 0.000000
vt -0.047975 0.014087 0.000000
vt -0.045482 0.020771 0.000000
vt -0.042063 0.027032 0.000000
vt -0.037787 0.032743 0.000000
vt -0.032743 0.037787 0.000000
vt -0.027032 0.042063 0.000000
vt -0.020771 0.045482 0.000000
vt -0.014087 0.047975 0.000000
vt -0.007116 0.049491 0.000000
vt 0.000000 0.050000 0.000000
vt 0.007116 0.049491 0.000000
vt 0.014087 0.047975 0.000000
vt 0.020771 0.045482 0.000000
vt 0.027032 0.042063 0.000000
vt 0.032743 0.037787 0.000000
vt 0.037787 0.032743 0.000000
vt 0.042063 0.027032 0.000000
vt 0.045482 0.020771 0.000000
vt 0.047975 0.014087 0.000000
vt 0.049491 0.007116 0.000000
vt 0.050000 0.000000 0.000000
vt 0.049491 -0.007116 0.000000
vt 0.047975 -0.014087 0.000000
vt 0.045482 -0.020771 0.000000
vt 0.042063 -0.027032 0.000000
vt 0.037787 -0.032743 0.000000
vt 0.032743 -0.037787 0.000000
vt 0.027032 -0.042063 0.000000
vt 0.020771 -0.045482 0.000000
vt 0.014087 -0.047975 0.000000
vt 0.007116 -0.049491 0.000000
vt 0.000000 -0.050000 0.000000
vt -0.007116 -0.049491 0.000000
vt -0.014087 -0.047975 0.000000
vt -0.020771 -0.045482 0.000000
vt -0.027032 -0.042063 0.000000
vt -0.032743 -0.037787 0.000000
vt -0.037787 -0.032743 0.000000
vt -0.042063 -0.027032 0.000000
vt -0.045482 -0.020771 0.000000
vt -0.047975 -0.014087 0.000000
vt -0.049491 -0.007116 0.000000
vt 0.717857 -0.687500 0.000000
vt 0.717350 -0.678793 0.000000
vt 0.715836 -0.670204 0.000000
vt 0.713334 -0.661848 0.000000
vt 0.709880 -0.653840 0.000000
vt 0.705519 -0.646287 0.000000
vt 0.700310 -0.639291 0.000000
vt 0.694325 -0.632947 0.000000
vt 0.687644 -0.627341 0.000000
vt 0.680357 -0.622548 0.000000
vt 0.672563 -0.618634 0.000000
vt 0.664367 -0.615651 0.000000
vt 0.655881 -0.613639 0.000000
vt 0.647218 -0.612627 0.000000
vt 0.638496 -0.612627 0.000000
vt 0.629834 -0.613639 0.000000
vt 0.621347 -0.615651 0.000000
vt 0.613151 -0.618634 0.000000
vt 0.605357 -0.622548 0.000000
vt 0.598070 -0.627341 0.000000
vt 0.591389 -0.632947 0.000000
vt 0.585404 -0.639291 0.000000
vt 0.580196 -0.646287 0.000000
vt 0.575835 -0.653840 0.000000
vt 0.572380 -0.661848 0.000000
vt 0.569879 -0.670204 0.000000
vt 0.568364 -0.678793 0.000000
vt 0.567857 -0.687500 0.000000
vt 0.568364 -0.696207 0.000000
vt 0.569879 -0.704796 0.000000
vt 0.572380 -0.713152 0.000000
vt 0.575835 -0.721160 0.000000
vt 0.580196 -0.728713 0.000000
vt 0.585404 -0.735709 0.000000
vt 0.591389 -0.742053 0.000000
vt 0.598070 -0.747659 0.000000
vt 0.605357 -0.752452 0.000000
vt 0.613151 -0.756366 0.000000
vt 0.621347 -0.759349 0.000000
vt 0.629834 -0.761361 0.000000
vt 0.638496 -0.762373 0.000000
vt 0.647218 -0.762373 0.000000
vt 0.655881 -0.761361 0.000000
vt 0.664367 -0.759349 0.000000
vt 0.672563 -0.756366 0.000000
vt 0.680357 -0.752452 0.000000
vt 0.687644 -0.747659 0.000000
vt 0.694325 -0.742053 0.000000
vt 0.700310 -0.735709 0.000000
vt 0.705519 -0.728713 0.000000
vt 0.709880 -0.721160 0.000000
vt 0.713334 -0.713152 0.000000
vt 0.715836 -0.704796 0.000000
vt 0.717350 -0.696207 0.000000
vt 0.692857 -0.687500 0.000000
vt 0.692348 -0.694616 0.000000
vt 0.690832 -0.701587 0.000000
vt 0.688339 -0.708271 0.000000
vt 0.684920 -0.714532 0.000000
vt 0.680645 -0.720243 0.000000
vt 0.675600 -0.725287 0.000000
vt 0.669889 -0.729563 0.000000
vt 0.663628 -0.732982 0.000000
vt 0.656944 -0.735475 0.000000
vt 0.649973 -0.736991 0.000000
vt 0.642857 -0.737500 0.000000
vt 0.635741 -0.736991 0.000000
vt 0.628771 -0.735475 0.000000
vt 0.622086 -0.732982 0.000000
vt 0.615825 -0.729563 0.000000
vt 0.610114 -0.725287 0.000000
vt 0.605070 -0.720243 0.000000
vt 0.600794 -0.714532 0.000000
vt 0.597376 -0.708271 0.000000
vt 0.594882 -0.701587 0.000000
vt 0.593366 -0.694616 0.000000
vt 0.592857 -0.687500 0.000000
vt 0.593366 -0.680384 0.000000
vt 0.594882 -0.673413 0.000000
vt 0.597376 -0.666729 0.000000
vt 0.600794 -0.660468 0.000000
vt 0.605070 -0.654757 0.000000
vt 0.610114 -0.649713 0.000000
vt 0.615825 -0.645437 0.000000
vt 0.622086 -0.642018 0.000000
vt 0.628771 -0.639525 0.000000
vt 0.635741 -0.638009 0.000000
vt 0.642857 -0.637500 0.000000
vt 0.649973 -0.638009 0.000000
vt 0.656944 -0.639525 0.000000
vt 0.663628 -0.642018 0.000000
vt 0.669889 -0.645437 0.000000
vt 0.675600 -0.649713 0.000000
vt 0.680645 -0.654757 0.000000
vt 0.684920 -0.660468 0.000000
vt 0.688339 -0.666729 0.000000
vt 0.690832 -0.673413 0.000000
vt 0.692348 -0.680384 0.000000
vn 0.000000 -2.540000 0.000000
vn 0.361480 -2.514146 0.000000
vn 0.715601 -2.437112 0.000000
vn 1.055154 -2.310465 0.000000
vn 1.373228 -2.136784 0.000000
vn 1.663346 -1.919604 0.000000
vn 1.919604 -1.663346 0.000000
vn 2.136784 -1.373228 0.000000
vn 2.310465 -1.055154 0.000000
vn 2.437112 -0.715601 0.000000
vn 2.514146 -0.361480 0.000000
vn 2.540000 0.000000 0.000000
vn 2.514146 0.361480 0.000000
vn 2.437112 0.715601 0.000000
vn 2.310465 1.055154 0.000000
vn 2.136784 1.373228 0.000000
vn 1.919604 1.663346 0.000000
vn 1.663346 1.919604 0.000000
vn 1.373228 2.136784 0.000000
vn 1.055154 2.310465 0.000000
vn 0.715601 2.437112 0.000000
vn 0.361480 2.514146 0.000000
vn 0.000000 2.540000 -0.000000
vn -0.361480 2.514146 -0.000000
vn -0.715601 2.437112 -0.000000
vn -1.055154 2.310465 -0.000000
vn -1.373228 2.136784 -0.000000
vn -1.663346 1.919604 -0.000000
vn -1.919604 1.663346 -0.000000
vn -2.136784 1.373228 -0.000000
vn -2.310465 1.055154 -0.000000
vn -2.437112 0.715601 -0.000000
vn -2.514146 0.361480 -0.000000
vn -2.540000 -0.000000 -0.000000
vn -2.514146 -0.361480 -0.000000
vn -2.437112 -0.715601 -0.000000
vn -2.310465 -1.055154 -0.000000
vn -2.136784 -1.373228 -0.000000
vn -1.919604 -1.663346 -0.000000
vn -1.663346 -1.919604 -0.000000
vn -1.373228 -2.136784 -0.000000
vn -1.055154 -2.310465 -0.000000
vn -0.715601 -2.437112 -0.000000
vn -0.361480 -2.514146 -0.000000
vn 0.000000 -2.540000 0.000000
vn -0.361480 -2.514146 -0.000000
vn -0.715601 -2.437112 -0.000000
vn -1.055154 -2.310465 -0.000000
vn -1.373228 -2.136784 -0.000000
vn -1.663346 -1.919604 -0.000000
vn -1.919604 -1.663346 -0.000000
vn -2.136784 -1.373228 -0.000000
vn -2.310465 -1.055154 -0.000000
vn -2.437112 -0.715601 -0.000000
vn -2.514146 -0.361480 -0.000000
vn -2.540000 -0.000000 -0.000000
vn -2.514146 0.361480 -0.000000
vn -2.437112 0.715601 -0.000000
vn -2.310465 1.055154 -0.000000
vn -2.136784 1.373228 -0.000000
vn -1.919604 1.663346 -0.000000
vn -1.663346 1.919604 -0.000000
vn -1.373228 2.136784 -0.000000
vn -1.055154 2.310465 -0.000000
vn -0.715601 2.437112 -0.000000
vn -0.361480 2.514146 -0.000000
vn 0.000000 2.540000 -0.000000
vn 0.361480 2.514146 0.000000
vn 0.715601 2.437112 0.000000
vn 1.055154 2.310465 0.000000
vn 1.373228 2.136784 0.000000
vn 1.663346 1.919604 0.000000
vn 1.919604 1.663346 0.000000
vn 2.136784 1.373228 0.000000
vn 2.310465 1.055154 0.000000
vn 2.437112 0.715601 0.000000
vn 2.514146 0.361480 0.000000
vn 2.540000 0.000000 0.000000
vn 2.514146 -0.361480 0.000000
vn 2.437112 -0.715601 0.000000
vn 2.310465 -1.055154 0.000000
vn 2.136784 -1.373228 0.000000
vn 1.919604 -1.663346 0.000000
vn 1.663346 -1.919604 0.000000
vn 1.373228 -2.136784 0.000000
vn 1.055154 -2.310465 0.000000
vn 0.715601 -2.437112 0.000000
vn 0.361480 -2.514146 0.000000
vn 0.000000 -2.540000 0.000000
vn 0.000000 -2.540000 0.000000
vn 0.000000 2.540000 -0.000000
vn 0.294876 2.522825 0.000000
vn 0.585764 2.471534 0.000000
vn 0.868731 2.386819 0.000000
vn 1.139950 2.269827 0.000000
vn 1.395753 2.122139 0.000000
vn 1.632681 1.945753 0.000000
vn 1.847529 1.743054 0.000000
vn 2.037393 1.516783 0.000000
vn 2.199704 1.270000 0.000000
vn 2.332269 1.006043 0.000000
vn 2.433293 0.728480 0.000000
vn 2.501412 0.441066 0.000000
vn 2.535703 0.147688 0.000000
vn 2.535703 -0.147688 0.000000
vn 2.501412 -0.441066 0.000000
vn 2.433293 -0.728480 0.000000
vn 2.332269 -1.006043 0.000000
vn 2.199704 -1.270000 0.000000
vn 2.037393 -1.516783 0.000000
vn 1.847529 -1.743054 0.000000
vn 1.632681 -1.945753 0.000000
vn 1.395753 -2.122139 0.000000
vn 1.139950 -2.269827 0.000000
vn 0.868731 -2.386819 0.000000
vn 0.585764 -2.471534 0.000000
vn 0.294876 -2.522825 0.000000
vn 0.000000 -2.540000 0.000000
vn -0.294876 -2.522825 -0.000000
vn -0.585764 -2.471534 -0.000000
vn -0.868731 -2.386819 -0.000000
vn -1.139950 -2.269827 -0.000000
vn -1.395753 -2.122139 -0.000000
vn -1.632681 -1.945753 -0.000000
vn -1.847529 -1.743054 -0.000000
vn -2.037393 -1.516783 -0.000000
vn -2.199704 -1.270000 -0.000000
vn -2.332269 -1.006043 -0.000000
vn -2.433293 -0.728480 -0.000000
vn -2.501412 -0.441066 -0.000000
vn -2.535703 -0.147688 -0.000000
vn -2.535703 0.147688 -0.000000
vn -2.501412 0.441066 -0.000000
vn -2.433293 0.728480 -0.000000
vn -2.332269 1.006043 -0.000000
vn -2.199704 1.270000 -0.000000
vn -2.037393 1.516783 -0.000000
vn -1.847529 1.743054 -0.000000
vn -1.632681 1.945753 -0.000000
vn -1.395753 2.122139 -0.000000
vn -1.139950 2.269827 -0.000000
vn -0.868731 2.386819 -0.000000
vn -0.585764 2.471534 -0.000000
vn -0.294876 2.522825 -0.000000
vn 0.000000 2.540000 -0.000000
vn -0.294876 2.522825 -0.000000
vn -0.585764 2.471534 -0.000000
vn -0.868731 2.386819 -0.000000
vn -1.139950 2.269827 -0.000000
vn -1.395753 2.122139 -0.000000
vn -1.632681 1.945753 -0.000000
vn -1.847529 1.743054 -0.000000
vn -2.037393 1.516783 -0.000000
vn -2.199704 1.270000 -0.000000
vn -2.332269 1.006043 -0.000000
vn -2.433293 0.728480 -0.000000
vn -2.501412 0.441066 -0.000000
vn -2.535703 0.147688 -0.000000
vn -2.535703 -0.147688 -0.000000
vn -2.501412 -0.441066 -0.000000
vn -2.433293 -0.728480 -0.000000
vn -2.332269 -1.006043 -0.000000
vn -2.199704 -1.270000 -0.000000
vn -2.037393 -1.516783 -0.000000
vn -1.847529 -1.743054 -0.000000
vn -1.632681 -1.945753 -0.000000
vn -1.395753 -2.122139 -0.000000
vn -1.139950 -2.269827 -0.000000
vn -0.868731 -2.386819 -0.000000
vn -0.585764 -2.471534 -0.000000
vn -0.294876 -2.522825 -0.000000
vn 0.000000 -2.540000 0.000000
vn 0.294876 -2.522825 0.000000
vn 0.585764 -2.471534 0.000000
vn 0.868731 -2.386819 0.000000
vn 1.139950 -2.269827 0.000000
vn 1.395753 -2.122139 0.000000
vn 1.632681 -1.945753 0.000000
vn 1.847529 -1.743054 0.000000
vn 2.037393 -1.516783 0.000000
vn 2.199704 -1.270000 0.000000
vn 2.332269 -1.006043 0.000000
vn 2.433293 -0.728480 0.000000
vn 2.501412 -0.441066 0.000000
vn 2.535703 -0.147688 0.000000
vn 2.535703 0.147688 0.000000
vn 2.501412 0.441066 0.000000
vn 2.433293 0.728480 0.000000
vn 2.332269 1.006043 0.000000
vn 2.199704 1.270000 0.000000
vn 2.037393 1.516783 0.000000
vn 1.847529 1.743054 0.000000
vn 1.632681 1.945753 0.000000
vn 1.395753 2.122139 0.000000
vn 1.139950 2.269827 0.000000
vn 0.868731 2.386819 0.000000
vn 0.585764 2.471534 0.000000
vn 0.294876 2.522825 0.000000
vn 0.000000 2.540000 -0.000000
vn 0.000000 2.540000 -0.000000
vn -0.000000 0.000000 2.540000
vn -0.000000 0.000000 2.540000
vn -0.000000 0.000000 2.540000
vn -0.000000 0.000000 2.540000
vn -0.000000 0.000000 2.540000
vn -0.000000 0.000000 2.540000
vn -0.000000 0.000000 2.540000
vn -0.000000 0.000000 2.540000
vn -0.000000 0.000000 2.540000
vn -0.000000 0.000000 2.540000
vn -0.000000 0.000000 2.540000
vn -0.000000 0.000000 2.540000
vn -0.000000 0.000000 2.540000
vn -0.000000 0.000000 2.540000
vn -0.000000 0.000000 2.540000
vn -0.000000 0.000000 2.540000
vn -0.000000 0.000000 2.540000
vn -0.000000 0.000000 2.540000
vn -0.000000 0.000000 2.540000
vn -0.000000 0.000000 2.540000
vn -0.000000 0.000000 2.540000
vn -0.000000 0.000000 2.540000
vn -0.000000 0.000000 2.540000
vn -0.000000 0.000000 2.540000
vn -0.000000 0.000000 2.540000
vn -0.000000 0.000000 2.540000
vn -0.000000 0.000000 2.540000
vn -0.000000 0.000000 2.540000
vn -0.000000 0.000000 2.540000
vn -0.000000 0.000000 2.540000
vn -0.000000 0.000000 2.540000
vn -0.000000 0.000000 2.540000
vn -0.000000 0.000000 2.540000
vn -0.000000 0.000000 2.540000
vn -0.000000 0.000000 2.540000
vn -0.000000 0.000000 2.540000
vn -0.000000 0.000000 2.540000
vn -0.000000 0.000000 2.540000
vn -0.000000 0.000000 2.540000
vn -0.000000 0.000000 2.540000
vn -0.000000 0.000000 2.540000
vn -0.000000 0.000000 2.540000
vn -0.000000 0.000000 2.540000
vn -0.000000 0.000000 2.540000
vn -0.000000 0.000000 2.540000
vn -0.000000 0.000000 2.540000
vn -0.000000 0.000000 2.540000
vn -0.000000 0.000000 2.540000
vn -0.000000 0.000000 2.540000
vn -0.000000 0.000000 2.540000
vn -0.000000 0.000000 2.540000
vn -0.000000 0.000000 2.540000
vn -0.000000 0.000000 2.540000
vn -0.000000 0.000000 2.540000
vn -0.000000 0.000000 2.540000
vn -0.000000 0.000000 2.540000
vn -0.000000 0.000000 2.540000
vn -0.000000 0.000000 2.540000
vn -0.000000 0.000000 2.540000
vn -0.000000 0.000000 2.540000
vn -0.000000 0.000000 2.540000
vn -0.000000 0.000000 2.540000
vn -0.000000 0.000000 2.540000
vn -0.000000 0.000000 2.540000
vn -0.000000 0.000000 2.540000
vn -0.000000 0.000000 2.540000
vn -0.000000 0.000000 2.540000
vn -0.000000 0.000000 2.540000
vn -0.000000 0.000000 2.540000
vn -0.000000 0.000000 2.540000
vn -0.000000 0.000000 2.540000
vn -0.000000 0.000000 2.540000
vn -0.000000 0.000000 2.540000
vn -0.000000 0.000000 2.540000
vn -0.000000 0.000000 2.540000
vn -0.000000 0.000000 2.540000
vn -0.000000 0.000000 2.540000
vn -0.000000 0.000000 2.540000
vn -0.000000 0.000000 2.540000
vn -0.000000 0.000000 2.540000
vn -0.000000 0.000000 2.540000
vn -0.000000 0.000000 2.540000
vn -0.000000 0.000000 2.540000
vn -0.000000 0.000000 2.540000
vn -0.000000 0.000000 2.540000
vn -0.000000 0.000000 2.540000
vn -0.000000 0.000000 2.540000
vn -0.000000 0.000000 2.540000
vn -0.000000 0.000000 2.540000
vn -0.000000 0.000000 2.540000
vn -0.000000 0.000000 2.540000
vn -0.000000 0.000000 2.540000
vn -0.000000 0.000000 2.540000
vn -0.000000 0.000000 2.540000
vn -0.000000 0.000000 2.540000
vn -0.000000 0.000000 2.540000
vn -0.000000 0.000000 2.540000
vn -0.000000 0.000000 2.540000
vn 0.000000 -0.000000 -2.540000
vn 0.000000 -0.000000 -2.540000
vn 0.000000 -0.000000 -2.540000
vn 0.000000 -0.000000 -2.540000
vn 0.000000 -0.000000 -2.540000
vn 0.000000 -0.000000 -2.540000
vn 0.000000 -0.000000 -2.540000
vn 0.000000 -0.000000 -2.540000
vn 0.000000 -0.000000 -2.540000
vn 0.000000 -0.000000 -2.540000
vn 0.000000 -0.000000 -2.540000
vn 0.000000 -0.000000 -2.540000
vn 0.000000 -0.000000 -2.540000
vn 0.000000 -0.000000 -2.540000
vn 0.000000 -0.000000 -2.540000
vn 0.000000 -0.000000 -2.540000
vn 0.000000 -0.000000 -2.540000
vn 0.000000 -0.000000 -2.540000
vn 0.000000 -0.000000 -2.540000
vn 0.000000 -0.000000 -2.540000
vn 0.000000 -0.000000 -2.540000
vn 0.000000 -0.000000 -2.540000
vn 0.000000 -0.000000 -2.540000
vn 0.000000 -0.000000 -2.540000
vn 0.000000 -0.000000 -2.540000
vn 0.000000 -0.000000 -2.540000
vn 0.000000 -0.000000 -2.540000
vn 0.000000 -0.000000 -2.540000
vn 0.000000 -0.000000 -2.540000
vn 0.000000 -0.000000 -2.540000
vn 0.000000 -0.000000 -2.540000
vn 0.000000 -0.000000 -2.540000
vn 0.000000 -0.000000 -2.540000
vn 0.000000 -0.000000 -2.540000
vn 0.000000 -0.000000 -2.540000
vn 0.000000 -0.000000 -2.540000
vn 0.000000 -0.000000 -2.540000
vn 0.000000 -0.000000 -2.540000
vn 0.000000 -0.000000 -2.540000
vn 0.000000 -0.000000 -2.540000
vn 0.000000 -0.000000 -2.540000
vn 0.000000 -0.000000 -2.540000
vn 0.000000 -0.000000 -2.540000
vn 0.000000 -0.000000 -2.540000
vn 0.000000 -0.000000 -2.540000
vn 0.000000 -0.000000 -2.540000
vn 0.000000 -0.000000 -2.540000
vn 0.000000 -0.000000 -2.540000
vn 0.000000 -0.000000 -2.540000
vn 0.000000 -0.000000 -2.540000
vn 0.000000 -0.000000 -2.540000
vn 0.000000 -0.000000 -2.540000
vn 0.000000 -0.000000 -2.540000
vn 0.000000 -0.000000 -2.540000
vn 0.000000 -0.000000 -2.540000
vn 0.000000 -0.000000 -2.540000
vn 0.000000 -0.000000 -2.540000
vn 0.000000 -0.000000 -2.540000
vn 0.000000 -0.000000 -2.540000
vn 0.000000 -0.000000 -2.540000
vn 0.000000 -0.000000 -2.540000
vn 0.000000 -0.000000 -2.540000
vn 0.000000 -0.000000 -2.540000
vn 0.000000 -0.000000 -2.540000
vn 0.000000 -0.000000 -2.540000
vn 0.000000 -0.000000 -2.540000
vn 0.000000 -0.000000 -2.540000
vn 0.000000 -0.000000 -2.540000
vn 0.000000 -0.000000 -2.540000
vn 0.000000 -0.000000 -2.540000
vn 0.000000 -0.000000 -2.540000
vn 0.000000 -0.000000 -2.540000
vn 0.000000 -0.000000 -2.540000
vn 0.000000 -0.000000 -2.540000
vn 0.000000 -0.000000 -2.540000
vn 0.000000 -0.000000 -2.540000
vn 0.000000 -0.000000 -2.540000
vn 0.000000 -0.000000 -2.540000
vn 0.000000 -0.000000 -2.540000
vn 0.000000 -0.000000 -2.540000
vn 0.000000 -0.000000 -2.540000
vn 0.000000 -0.000000 -2.540000
vn 0.000000 -0.000000 -2.540000
vn 0.000000 -0.000000 -2.540000
vn 0.000000 -0.000000 -2.540000
vn 0.000000 -0.000000 -2.540000
vn 0.000000 -0.000000 -2.540000
vn 0.000000 -0.000000 -2.540000
vn 0.000000 -0.000000 -2.540000
vn 0.000000 -0.000000 -2.540000
vn 0.000000 -0.000000 -2.540000
vn 0.000000 -0.000000 -2.540000
vn 0.000000 -0.000000 -2.540000
vn 0.000000 -0.000000 -2.540000
vn 0.000000 -0.000000 -2.540000
vn 0.000000 -0.000000 -2.540000
vn 0.000000 -0.000000 -2.540000
vn 0.000000 -0.000000 -2.540000
f 1974/4200/4200 1973/4286/4286 1972/4199/4199
f 1972/4199/4199 1973/4286/4286 1971/4287/4287
f 1972/4288/4288 1971/4243/4243 1976/4242/4242
f 1976/4242/4242 1971/4243/4243 1975/4244/4244
f 1976/4242/4242 1975/4244/4244 1980/4241/4241
f 1980/4241/4241 1975/4244/4244 1979/4245/4245
f 1980/4241/4241 1979/4245/4245 1984/4240/4240
f 1984/4240/4240 1979/4245/4245 1983/4246/4246
f 1984/4240/4240 1983/4246/4246 1992/4239/4239
f 1992/4239/4239 1983/4246/4246 1991/4247/4247
f 1992/4239/4239 1991/4247/4247 1996/4238/4238
f 1996/4238/4238 1991/4247/4247 1995/4248/4248
f 1996/4238/4238 1995/4248/4248 2004/4237/4237
f 2004/4237/4237 1995/4248/4248 2003/4249/4249
f 2004/4237/4237 2003/4249/4249 2012/4236/4236
f 2012/4236/4236 2003/4249/4249 2011/4250/4250
f 2012/4236/4236 2011/4250/4250 2020/4235/4235
f 2020/4235/4235 2011/4250/4250 2019/4251/4251
f 2020/4235/4235 2019/4251/4251 2024/4234/4234
f 2024/4234/4234 2019/4251/4251 2023/4252/4252
f 2024/4234/4234 2023/4252/4252 2032/4233/4233
f 2032/4233/4233 2023/4252/4252 2031/4253/4253
f 2032/4233/4233 2031/4253/4253 2040/4232/4232
f 2040/4232/4232 2031/4253/4253 2039/4254/4254
f 2040/4232/4232 2039/4254/4254 2048/4231/4231
f 2048/4231/4231 2039/4254/4254 2047/4255/4255
f 2048/4231/4231 2047/4255/4255 2056/4230/4230
f 2056/4230/4230 2047/4255/4255 2055/4256/4256
f 2056/4230/4230 2055/4256/4256 2060/4229/4229
f 2060/4229/4229 2055/4256/4256 2059/4257/4257
f 2060/4229/4229 2059/4257/4257 2068/4228/4228
f 2068/4228/4228 2059/4257/4257 2067/4258/4258
f 2068/4228/4228 2067/4258/4258 2076/4227/4227
f 2076/4227/4227 2067/4258/4258 2075/4259/4259
f 2076/4227/4227 2075/4259/4259 2084/4226/4226
f 2084/4226/4226 2075/4259/4259 2083/4260/4260
f 2084/4226/4226 2083/4260/4260 2088/4225/4225
f 2088/4225/4225 2083/4260/4260 2087/4261/4261
f 2088/4225/4225 2087/4261/4261 2096/4224/4224
f 2096/4224/4224 2087/4261/4261 2095/4262/4262
f 2096/4224/4224 2095/4262/4262 2100/4223/4223
f 2100/4223/4223 2095/4262/4262 2099/4263/4263
f 2100/4223/4223 2099/4263/4263 2104/4222/4222
f 2104/4222/4222 2099/4263/4263 2103/4264/4264
f 2104/4222/4222 2103/4264/4264 2106/4221/4221
f 2106/4221/4221 2103/4264/4264 2105/4265/4265
f 2106/4221/4221 2105/4265/4265 2102/4220/4220
f 2102/4220/4220 2105/4265/4265 2101/4266/4266
f 2102/4220/4220 2101/4266/4266 2098/4219/4219
f 2098/4219/4219 2101/4266/4266 2097/4267/4267
f 2098/4219/4219 2097/4267/4267 2094/4218/4218
f 2094/4218/4218 2097/4267/4267 2093/4268/4268
f 2094/4218/4218 2093/4268/4268 2086/4217/4217
f 2086/4217/4217 2093/4268/4268 2085/4269/4269
f 2086/4217/4217 2085/4269/4269 2082/4216/4216
f 2082/4216/4216 2085/4269/4269 2081/4270/4270
f 2082/4216/4216 2081/4270/4270 2074/4215/4215
f 2074/4215/4215 2081/4270/4270 2073/4271/4271
f 2074/4215/4215 2073/4271/4271 2066/4214/4214
f 2066/4214/4214 2073/4271/4271 2065/4272/4272
f 2066/4214/4214 2065/4272/4272 2058/4213/4213
f 2058/4213/4213 2065/4272/4272 2057/4273/4273
f 2058/4213/4213 2057/4273/4273 2054/4212/4212
f 2054/4212/4212 2057/4273/4273 2053/4274/4274
f 2054/4212/4212 2053/4274/4274 2046/4211/4211
f 2046/4211/4211 2053/4274/4274 2045/4275/4275
f 2046/4211/4211 2045/4275/4275 2038/4210/4210
f 2038/4210/4210 2045/4275/4275 2037/4276/4276
f 2038/4210/4210 2037/4276/4276 2030/4209/4209
f 2030/4209/4209 2037/4276/4276 2029/4277/4277
f 2030/4209/4209 2029/4277/4277 2022/4208/4208
f 2022/4208/4208 2029/4277/4277 2021/4278/4278
f 2022/4208/4208 2021/4278/4278 2018/4207/4207
f 2018/4207/4207 2021/4278/4278 2017/4279/4279
f 2018/4207/4207 2017/4279/4279 2010/4206/4206
f 2010/4206/4206 2017/4279/4279 2009/4280/4280
f 2010/4206/4206 2009/4280/4280 2002/4205/4205
f 2002/4205/4205 2009/4280/4280 2001/4281/4281
f 2002/4205/4205 2001/4281/4281 1994/4204/4204
f 1994/4204/4204 2001/4281/4281 1993/4282/4282
f 1994/4204/4204 1993/4282/4282 1990/4203/4203
f 1990/4203/4203 1993/4282/4282 1989/4283/4283
f 1990/4203/4203 1989/4283/4283 1982/4202/4202
f 1982/4202/4202 1989/4283/4283 1981/4284/4284
f 1982/4202/4202 1981/4284/4284 1978/4201/4201
f 1978/4201/4201 1981/4284/4284 1977/4285/4285
f 1978/4201/4201 1977/4285/4285 1974/4200/4200
f 1974/4200/4200 1977/4285/4285 1973/4286/4286
f 1946/4290/4290 1945/4396/4396 1942/4289/4289
f 1942/4289/4289 1945/4396/4396 1941/4397/4397
f 1942/4398/4398 1941/4343/4343 1944/4342/4342
f 1944/4342/4342 1941/4343/4343 1943/4344/4344
f 1944/4342/4342 1943/4344/4344 1948/4341/4341
f 1948/4341/4341 1943/4344/4344 1947/4345/4345
f 1948/4341/4341 1947/4345/4345 1952/4340/4340
f 1952/4340/4340 1947/4345/4345 1951/4346/4346
f 1952/4340/4340 1951/4346/4346 1956/4339/4339
f 1956/4339/4339 1951/4346/4346 1955/4347/4347
f 1956/4339/4339 1955/4347/4347 1960/4338/4338
f 1960/4338/4338 1955/4347/4347 1959/4348/4348
f 1960/4338/4338 1959/4348/4348 1964/4337/4337
f 1964/4337/4337 1959/4348/4348 1963/4349/4349
f 1964/4337/4337 1963/4349/4349 1968/4336/4336
f 1968/4336/4336 1963/4349/4349 1967/4350/4350
f 1968/4336/4336 1967/4350/4350 1986/4335/4335
f 1986/4335/4335 1967/4350/4350 1985/4351/4351
f 1986/4335/4335 1985/4351/4351 1998/4334/4334
f 1998/4334/4334 1985/4351/4351 1997/4352/4352
f 1998/4334/4334 1997/4352/4352 2006/4333/4333
f 2006/4333/4333 1997/4352/4352 2005/4353/4353
f 2006/4333/4333 2005/4353/4353 2014/4332/4332
f 2014/4332/4332 2005/4353/4353 2013/4354/4354
f 2014/4332/4332 2013/4354/4354 2026/4331/4331
f 2026/4331/4331 2013/4354/4354 2025/4355/4355
f 2026/4331/4331 2025/4355/4355 2034/4330/4330
f 2034/4330/4330 2025/4355/4355 2033/4356/4356
f 2034/4330/4330 2033/4356/4356 2042/4329/4329
f 2042/4329/4329 2033/4356/4356 2041/4357/4357
f 2042/4329/4329 2041/4357/4357 2050/4328/4328
f 2050/4328/4328 2041/4357/4357 2049/4358/4358
f 2050/4328/4328 2049/4358/4358 2062/4327/4327
f 2062/4327/4327 2049/4358/4358 2061/4359/4359
f 2062/4327/4327 2061/4359/4359 2070/4326/4326
f 2070/4326/4326 2061/4359/4359 2069/4360/4360
f 2070/4326/4326 2069/4360/4360 2078/4325/4325
f 2078/4325/4325 2069/4360/4360 2077/4361/4361
f 2078/4325/4325 2077/4361/4361 2090/4324/4324
f 2090/4324/4324 2077/4361/4361 2089/4362/4362
f 2090/4324/4324 2089/4362/4362 2108/4323/4323
f 2108/4323/4323 2089/4362/4362 2107/4363/4363
f 2108/4323/4323 2107/4363/4363 2112/4322/4322
f 2112/4322/4322 2107/4363/4363 2111/4364/4364
f 2112/4322/4322 2111/4364/4364 2116/4321/4321
f 2116/4321/4321 2111/4364/4364 2115/4365/4365
f 2116/4321/4321 2115/4365/4365 2120/4320/4320
f 2120/4320/4320 2115/4365/4365 2119/4366/4366
f 2120/4320/4320 2119/4366/4366 2124/4319/4319
f 2124/4319/4319 2119/4366/4366 2123/4367/4367
f 2124/4319/4319 2123/4367/4367 2128/4318/4318
f 2128/4318/4318 2123/4367/4367 2127/4368/4368
f 2128/4318/4318 2127/4368/4368 2132/4317/4317
f 2132/4317/4317 2127/4368/4368 2131/4369/4369
f 2132/4317/4317 2131/4369/4369 2136/4316/4316
f 2136/4316/4316 2131/4369/4369 2135/4370/4370
f 2136/4316/4316 2135/4370/4370 2134/4315/4315
f 2134/4315/4315 2135/4370/4370 2133/4371/4371
f 2134/4315/4315 2133/4371/4371 2130/4314/4314
f 2130/4314/4314 2133/4371/4371 2129/4372/4372
f 2130/4314/4314 2129/4372/4372 2126/4313/4313
f 2126/4313/4313 2129/4372/4372 2125/4373/4373
f 2126/4313/4313 2125/4373/4373 2122/4312/4312
f 2122/4312/4312 2125/4373/4373 2121/4374/4374
f 2122/4312/4312 2121/4374/4374 2118/4311/4311
f 2118/4311/4311 2121/4374/4374 2117/4375/4375
f 2118/4311/4311 2117/4375/4375 2114/4310/4310
f 2114/4310/4310 2117/4375/4375 2113/4376/4376
f 2114/4310/4310 2113/4376/4376 2110/4309/4309
f 2110/4309/4309 2113/4376/4376 2109/4377/4377
f 2110/4309/4309 2109/4377/4377 2092/4308/4308
f 2092/4308/4308 2109/4377/4377 2091/4378/4378
f 2092/4308/4308 2091/4378/4378 2080/4307/4307
f 2080/4307/4307 2091/4378/4378 2079/4379/4379
f 2080/4307/4307 2079/4379/4379 2072/4306/4306
f 2072/4306/4306 2079/4379/4379 2071/4380/4380
f 2072/4306/4306 2071/4380/4380 2064/4305/4305
f 2064/4305/4305 2071/4380/4380 2063/4381/4381
f 2064/4305/4305 2063/4381/4381 2052/4304/4304
f 2052/4304/4304 2063/4381/4381 2051/4382/4382
f 2052/4304/4304 2051/4382/4382 2044/4303/4303
f 2044/4303/4303 2051/4382/4382 2043/4383/4383
f 2044/4303/4303 2043/4383/4383 2036/4302/4302
f 2036/4302/4302 2043/4383/4383 2035/4384/4384
f 2036/4302/4302 2035/4384/4384 2028/4301/4301
f 2028/4301/4301 2035/4384/4384 2027/4385/4385
f 2028/4301/4301 2027/4385/4385 2016/4300/4300
f 2016/4300/4300 2027/4385/4385 2015/4386/4386
f 2016/4300/4300 2015/4386/4386 2008/4299/4299
f 2008/4299/4299 2015/4386/4386 2007/4387/4387
f 2008/4299/4299 2007/4387/4387 2000/4298/4298
f 2000/4298/4298 2007/4387/4387 1999/4388/4388
f 2000/4298/4298 1999/4388/4388 1988/4297/4297
f 1988/4297/4297 1999/4388/4388 1987/4389/4389
f 1988/4297/4297 1987/4389/4389 1970/4296/4296
f 1970/4296/4296 1987/4389/4389 1969/4390/4390
f 1970/4296/4296 1969/4390/4390 1966/4295/4295
f 1966/4295/4295 1969/4390/4390 1965/4391/4391
f 1966/4295/4295 1965/4391/4391 1962/4294/4294
f 1962/4294/4294 1965/4391/4391 1961/4392/4392
f 1962/4294/4294 1961/4392/4392 1958/4293/4293
f 1958/4293/4293 1961/4392/4392 1957/4393/4393
f 1958/4293/4293 1957/4393/4393 1954/4292/4292
f 1954/4292/4292 1957/4393/4393 1953/4394/4394
f 1954/4292/4292 1953/4394/4394 1950/4291/4291
f 1950/4291/4291 1953/4394/4394 1949/4395/4395
f 1950/4291/4291 1949/4395/4395 1946/4290/4290
f 1946/4290/4290 1949/4395/4395 1945/4396/4396
f 1946/4452/4452 1942/4399/4399 1972/4453/4453
f 1972/4453/4453 1942/4399/4399 1944/4400/4400
f 1972/4453/4453 1944/4400/4400 1974/4496/4496
f 1974/4496/4496 1944/4400/4400 1948/4401/4401
f 1974/4496/4496 1948/4401/4401 1978/4495/4495
f 1978/4495/4495 1948/4401/4401 1952/4402/4402
f 1978/4495/4495 1952/4402/4402 1982/4494/4494
f 1982/4494/4494 1952/4402/4402 1956/4403/4403
f 1982/4494/4494 1956/4403/4403 1990/4493/4493
f 1990/4493/4493 1956/4403/4403 1960/4404/4404
f 1990/4493/4493 1960/4404/4404 1964/4405/4405
f 1990/4493/4493 1964/4405/4405 1994/4492/4492
f 1994/4492/4492 1964/4405/4405 1968/4406/4406
f 1994/4492/4492 1968/4406/4406 2002/4491/4491
f 2002/4491/4491 1968/4406/4406 1986/4407/4407
f 2002/4491/4491 1986/4407/4407 2010/4490/4490
f 2010/4490/4490 1986/4407/4407 1998/4408/4408
f 2010/4490/4490 1998/4408/4408 2018/4489/4489
f 2018/4489/4489 1998/4408/4408 2006/4409/4409
f 2018/4489/4489 2006/4409/4409 2022/4488/4488
f 2022/4488/4488 2006/4409/4409 2014/4410/4410
f 2022/4488/4488 2014/4410/4410 2026/4411/4411
f 2022/4488/4488 2026/4411/4411 2030/4487/4487
f 2030/4487/4487 2026/4411/4411 2034/4412/4412
f 2030/4487/4487 2034/4412/4412 2038/4486/4486
f 2038/4486/4486 2034/4412/4412 2042/4413/4413
f 2038/4486/4486 2042/4413/4413 2046/4485/4485
f 2046/4485/4485 2042/4413/4413 2050/4414/4414
f 2046/4485/4485 2050/4414/4414 2054/4484/4484
f 2054/4484/4484 2050/4414/4414 2062/4415/4415
f 2054/4484/4484 2062/4415/4415 2070/4416/4416
f 2054/4484/4484 2070/4416/4416 2058/4483/4483
f 2058/4483/4483 2070/4416/4416 2078/4417/4417
f 2058/4483/4483 2078/4417/4417 2066/4482/4482
f 2066/4482/4482 2078/4417/4417 2090/4418/4418
f 2066/4482/4482 2090/4418/4418 2074/4481/4481
f 2074/4481/4481 2090/4418/4418 2108/4419/4419
f 2074/4481/4481 2108/4419/4419 2082/4480/4480
f 2082/4480/4480 2108/4419/4419 2112/4420/4420
f 2082/4480/4480 2112/4420/4420 2086/4479/4479
f 2086/4479/4479 2112/4420/4420 2116/4421/4421
f 2086/4479/4479 2116/4421/4421 2120/4422/4422
f 2086/4479/4479 2120/4422/4422 2094/4478/4478
f 2094/4478/4478 2120/4422/4422 2124/4423/4423
f 2094/4478/4478 2124/4423/4423 2098/4477/4477
f 2098/4477/4477 2124/4423/4423 2128/4424/4424
f 2098/4477/4477 2128/4424/4424 2102/4476/4476
f 2102/4476/4476 2128/4424/4424 2132/4425/4425
f 2102/4476/4476 2132/4425/4425 2106/4475/4475
f 2106/4475/4475 2132/4425/4425 2136/4426/4426
f 2106/4475/4475 2136/4426/4426 2134/4427/4427
f 2106/4475/4475 2134/4427/4427 2104/4474/4474
f 2104/4474/4474 2134/4427/4427 2130/4428/4428
f 2104/4474/4474 2130/4428/4428 2100/4473/4473
f 2100/4473/4473 2130/4428/4428 2126/4429/4429
f 2100/4473/4473 2126/4429/4429 2096/4472/4472
f 2096/4472/4472 2126/4429/4429 2122/4430/4430
f 2096/4472/4472 2122/4430/4430 2088/4471/4471
f 2088/4471/4471 2122/4430/4430 2118/4431/4431
f 2088/4471/4471 2118/4431/4431 2114/4432/4432
f 2088/4471/4471 2114/4432/4432 2084/4470/4470
f 2084/4470/4470 2114/4432/4432 2110/4433/4433
f 2084/4470/4470 2110/4433/4433 2076/4469/4469
f 2076/4469/4469 2110/4433/4433 2092/4434/4434
f 2076/4469/4469 2092/4434/4434 2068/4468/4468
f 2068/4468/4468 2092/4434/4434 2080/4435/4435
f 2068/4468/4468 2080/4435/4435 2060/4467/4467
f 2060/4467/4467 2080/4435/4435 2072/4436/4436
f 2060/4467/4467 2072/4436/4436 2056/4466/4466
f 2056/4466/4466 2072/4436/4436 2064/4437/4437
f 2056/4466/4466 2064/4437/4437 2052/4438/4438
f 2056/4466/4466 2052/4438/4438 2048/4465/4465
f 2048/4465/4465 2052/4438/4438 2044/4439/4439
f 2048/4465/4465 2044/4439/4439 2040/4464/4464
f 2040/4464/4464 2044/4439/4439 2036/4440/4440
f 2040/4464/4464 2036/4440/4440 2032/4463/4463
f 2032/4463/4463 2036/4440/4440 2028/4441/4441
f 2032/4463/4463 2028/4441/4441 2024/4462/4462
f 2024/4462/4462 2028/4441/4441 2016/4442/4442
f 2024/4462/4462 2016/4442/4442 2008/4443/4443
f 2024/4462/4462 2008/4443/4443 2020/4461/4461
f 2020/4461/4461 2008/4443/4443 2000/4444/4444
f 2020/4461/4461 2000/4444/4444 2012/4460/4460
f 2012/4460/4460 2000/4444/4444 1988/4445/4445
f 2012/4460/4460 1988/4445/4445 2004/4459/4459
f 2004/4459/4459 1988/4445/4445 1970/4446/4446
f 2004/4459/4459 1970/4446/4446 1996/4458/4458
f 1996/4458/4458 1970/4446/4446 1966/4447/4447
f 1996/4458/4458 1966/4447/4447 1992/4457/4457
f 1992/4457/4457 1966/4447/4447 1962/4448/4448
f 1992/4457/4457 1962/4448/4448 1958/4449/4449
f 1992/4457/4457 1958/4449/4449 1984/4456/4456
f 1984/4456/4456 1958/4449/4449 1954/4450/4450
f 1984/4456/4456 1954/4450/4450 1980/4455/4455
f 1980/4455/4455 1954/4450/4450 1950/4451/4451
f 1980/4455/4455 1950/4451/4451 1976/4454/4454
f 1976/4454/4454 1950/4451/4451 1946/4452/4452
f 1976/4454/4454 1946/4452/4452 1972/4453/4453
f 1943/4550/4550 1941/4497/4497 1971/4551/4551
f 1971/4551/4551 1941/4497/4497 1945/4498/4498
f 1971/4551/4551 1945/4498/4498 1975/4594/4594
f 1975/4594/4594 1945/4498/4498 1949/4499/4499
f 1975/4594/4594 1949/4499/4499 1979/4593/4593
f 1979/4593/4593 1949/4499/4499 1953/4500/4500
f 1979/4593/4593 1953/4500/4500 1983/4592/4592
f 1983/4592/4592 1953/4500/4500 1957/4501/4501
f 1983/4592/4592 1957/4501/4501 1991/4591/4591
f 1991/4591/4591 1957/4501/4501 1961/4502/4502
f 1991/4591/4591 1961/4502/4502 1965/4503/4503
f 1991/4591/4591 1965/4503/4503 1995/4590/4590
f 1995/4590/4590 1965/4503/4503 1969/4504/4504
f 1995/4590/4590 1969/4504/4504 2003/4589/4589
f 2003/4589/4589 1969/4504/4504 1987/4505/4505
f 2003/4589/4589 1987/4505/4505 2011/4588/4588
f 2011/4588/4588 1987/4505/4505 1999/4506/4506
f 2011/4588/4588 1999/4506/4506 2019/4587/4587
f 2019/4587/4587 1999/4506/4506 2007/4507/4507
f 2019/4587/4587 2007/4507/4507 2023/4586/4586
f 2023/4586/4586 2007/4507/4507 2015/4508/4508
f 2023/4586/4586 2015/4508/4508 2027/4509/4509
f 2023/4586/4586 2027/4509/4509 2031/4585/4585
f 2031/4585/4585 2027/4509/4509 2035/4510/4510
f 2031/4585/4585 2035/4510/4510 2039/4584/4584
f 2039/4584/4584 2035/4510/4510 2043/4511/4511
f 2039/4584/4584 2043/4511/4511 2047/4583/4583
f 2047/4583/4583 2043/4511/4511 2051/4512/4512
f 2047/4583/4583 2051/4512/4512 2055/4582/4582
f 2055/4582/4582 2051/4512/4512 2063/4513/4513
f 2055/4582/4582 2063/4513/4513 2071/4514/4514
f 2055/4582/4582 2071/4514/4514 2059/4581/4581
f 2059/4581/4581 2071/4514/4514 2079/4515/4515
f 2059/4581/4581 2079/4515/4515 2067/4580/4580
f 2067/4580/4580 2079/4515/4515 2091/4516/4516
f 2067/4580/4580 2091/4516/4516 2075/4579/4579
f 2075/4579/4579 2091/4516/4516 2109/4517/4517
f 2075/4579/4579 2109/4517/4517 2083/4578/4578
f 2083/4578/4578 2109/4517/4517 2113/4518/4518
f 2083/4578/4578 2113/4518/4518 2087/4577/4577
f 2087/4577/4577 2113/4518/4518 2117/4519/4519
f 2087/4577/4577 2117/4519/4519 2121/4520/4520
f 2087/4577/4577 2121/4520/4520 2095/4576/4576
f 2095/4576/4576 2121/4520/4520 2125/4521/4521
f 2095/4576/4576 2125/4521/4521 2099/4575/4575
f 2099/4575/4575 2125/4521/4521 2129/4522/4522
f 2099/4575/4575 2129/4522/4522 2103/4574/4574
f 2103/4574/4574 2129/4522/4522 2133/4523/4523
f 2103/4574/4574 2133/4523/4523 2105/4573/4573
f 2105/4573/4573 2133/4523/4523 2135/4524/4524
f 2105/4573/4573 2135/4524/4524 2131/4525/4525
f 2105/4573/4573 2131/4525/4525 2101/4572/4572
f 2101/4572/4572 2131/4525/4525 2127/4526/4526
f 2101/4572/4572 2127/4526/4526 2097/4571/4571
f 2097/4571/4571 2127/4526/4526 2123/4527/4527
f 2097/4571/4571 2123/4527/4527 2093/4570/4570
f 2093/4570/4570 2123/4527/4527 2119/4528/4528
f 2093/4570/4570 2119/4528/4528 2085/4569/4569
f 2085/4569/4569 2119/4528/4528 2115/4529/4529
f 2085/4569/4569 2115/4529/4529 2111/4530/4530
f 2085/4569/4569 2111/4530/4530 2081/4568/4568
f 2081/4568/4568 2111/4530/4530 2107/4531/4531
f 2081/4568/4568 2107/4531/4531 2073/4567/4567
f 2073/4567/4567 2107/4531/4531 2089/4532/4532
f 2073/4567/4567 2089/4532/4532 2065/4566/4566
f 2065/4566/4566 2089/4532/4532 2077/4533/4533
f 2065/4566/4566 2077/4533/4533 2057/4565/4565
f 2057/4565/4565 2077/4533/4533 2069/4534/4534
f 2057/4565/4565 2069/4534/4534 2053/4564/4564
f 2053/4564/4564 2069/4534/4534 2061/4535/4535
f 2053/4564/4564 2061/4535/4535 2049/4536/4536
f 2053/4564/4564 2049/4536/4536 2045/4563/4563
f 2045/4563/4563 2049/4536/4536 2041/4537/4537
f 2045/4563/4563 2041/4537/4537 2037/4562/4562
f 2037/4562/4562 2041/4537/4537 2033/4538/4538
f 2037/4562/4562 2033/4538/4538 2029/4561/4561
f 2029/4561/4561 2033/4538/4538 2025/4539/4539
f 2029/4561/4561 2025/4539/4539 2021/4560/4560
f 2021/4560/4560 2025/4539/4539 2013/4540/4540
f 2021/4560/4560 2013/4540/4540 2005/4541/4541
f 2021/4560/4560 2005/4541/4541 2017/4559/4559
f 2017/4559/4559 2005/4541/4541 1997/4542/4542
f 2017/4559/4559 1997/4542/4542 2009/4558/4558
f 2009/4558/4558 1997/4542/4542 1985/4543/4543
f 2009/4558/4558 1985/4543/4543 2001/4557/4557
f 2001/4557/4557 1985/4543/4543 1967/4544/4544
f 2001/4557/4557 1967/4544/4544 1993/4556/4556
f 1993/4556/4556 1967/4544/4544 1963/4545/4545
f 1993/4556/4556 1963/4545/4545 1989/4555/4555
f 1989/4555/4555 1963/4545/4545 1959/4546/4546
f 1989/4555/4555 1959/4546/4546 1955/4547/4547
f 1989/4555/4555 1955/4547/4547 1981/4554/4554
f 1981/4554/4554 1955/4547/4547 1951/4548/4548
f 1981/4554/4554 1951/4548/4548 1977/4553/4553
f 1977/4553/4553 1951/4548/4548 1947/4549/4549
f 1977/4553/4553 1947/4549/4549 1973/4552/4552
f 1973/4552/4552 1947/4549/4549 1943/4550/4550
f 1973/4552/4552 1943/4550/4550 1971/4551/4551
g Solid24

v 0.039370 -0.148304 -0.000000
v 0.039370 -0.148304 0.059055
v 0.035942 -0.148504 -0.000000
v 0.035942 -0.148504 0.059055
v 0.042798 -0.148504 -0.000000
v 0.042798 -0.148504 0.059055
v 0.032561 -0.149100 -0.000000
v 0.032561 -0.149100 0.059055
v 0.046180 -0.149100 -0.000000
v 0.046180 -0.149100 0.059055
v 0.029271 -0.150085 -0.000000
v 0.029271 -0.150085 0.059055
v 0.049469 -0.150085 -0.000000
v 0.049469 -0.150085 0.059055
v 0.026118 -0.151445 -0.000000
v 0.026118 -0.151445 0.059055
v 0.052622 -0.151445 -0.000000
v 0.052622 -0.151445 0.059055
v 0.023144 -0.153162 -0.000000
v 0.023144 -0.153162 0.059055
v 0.055596 -0.153162 -0.000000
v 0.055596 -0.153162 0.059055
v 0.020390 -0.155212 -0.000000
v 0.020390 -0.155212 0.059055
v 0.058350 -0.155212 -0.000000
v 0.058350 -0.155212 0.059055
v 0.017893 -0.157569 -0.000000
v 0.017893 -0.157569 0.059055
v 0.060848 -0.157569 -0.000000
v 0.060848 -0.157569 0.059055
v 0.039370 -0.158147 -0.000000
v 0.039370 -0.158147 0.059055
v 0.036569 -0.158347 -0.000000
v 0.036569 -0.158347 0.059055
v 0.042172 -0.158347 -0.000000
v 0.042172 -0.158347 0.059055
v 0.033824 -0.158944 -0.000000
v 0.033824 -0.158944 0.059055
v 0.044916 -0.158944 -0.000000
v 0.044916 -0.158944 0.059055
v 0.031193 -0.159926 -0.000000
v 0.031193 -0.159926 0.059055
v 0.047548 -0.159926 -0.000000
v 0.047548 -0.159926 0.059055
v 0.015685 -0.160199 -0.000000
v 0.015685 -0.160199 0.059055
v 0.063055 -0.160199 -0.000000
v 0.063055 -0.160199 0.059055
v 0.028728 -0.161272 -0.000000
v 0.028728 -0.161272 0.059055
v 0.050013 -0.161272 -0.000000
v 0.050013 -0.161272 0.059055
v 0.026479 -0.162955 -0.000000
v 0.026479 -0.162955 0.059055
v 0.052261 -0.162955 -0.000000
v 0.052261 -0.162955 0.059055
v 0.013798 -0.163068 -0.000000
v 0.013798 -0.163068 0.059055
v 0.064942 -0.163068 -0.000000
v 0.064942 -0.163068 0.059055
v 0.024493 -0.164941 -0.000000
v 0.024493 -0.164941 0.059055
v 0.054247 -0.164941 -0.000000
v 0.054247 -0.164941 0.059055
v 0.012257 -0.166137 -0.000000
v 0.012257 -0.166137 0.059055
v 0.066483 -0.166137 -0.000000
v 0.066483 -0.166137 0.059055
v 0.022810 -0.167189 -0.000000
v 0.022810 -0.167189 0.059055
v 0.055930 -0.167189 -0.000000
v 0.055930 -0.167189 0.059055
v 0.011083 -0.169363 -0.000000
v 0.011083 -0.169363 0.059055
v 0.067657 -0.169363 -0.000000
v 0.067657 -0.169363 0.059055
v 0.021464 -0.169654 -0.000000
v 0.021464 -0.169654 0.059055
v 0.057276 -0.169654 -0.000000
v 0.057276 -0.169654 0.059055
v 0.020482 -0.172286 -0.000000
v 0.020482 -0.172286 0.059055
v 0.058258 -0.172286 -0.000000
v 0.058258 -0.172286 0.059055
v 0.010291 -0.172705 -0.000000
v 0.010291 -0.172705 0.059055
v 0.068449 -0.172705 -0.000000
v 0.068449 -0.172705 0.059055
v 0.019885 -0.175030 -0.000000
v 0.019885 -0.175030 0.059055
v 0.058855 -0.175030 -0.000000
v 0.058855 -0.175030 0.059055
v 0.009892 -0.176115 -0.000000
v 0.009892 -0.176115 0.059055
v 0.068848 -0.176115 -0.000000
v 0.068848 -0.176115 0.059055
v 0.019685 -0.177832 -0.000000
v 0.019685 -0.177832 0.059055
v 0.059055 -0.177832 -0.000000
v 0.059055 -0.177832 0.059055
v 0.009892 -0.179549 -0.000000
v 0.009892 -0.179549 0.059055
v 0.068848 -0.179549 -0.000000
v 0.068848 -0.179549 0.059055
v 0.019885 -0.180633 -0.000000
v 0.019885 -0.180633 0.059055
v 0.058855 -0.180633 -0.000000
v 0.058855 -0.180633 0.059055
v 0.010291 -0.182959 -0.000000
v 0.010291 -0.182959 0.059055
v 0.068449 -0.182959 -0.000000
v 0.068449 -0.182959 0.059055
v 0.020482 -0.183378 -0.000000
v 0.020482 -0.183378 0.059055
v 0.058258 -0.183378 -0.000000
v 0.058258 -0.183378 0.059055
v 0.021464 -0.186009 -0.000000
v 0.021464 -0.186009 0.059055
v 0.057276 -0.186009 -0.000000
v 0.057276 -0.186009 0.059055
v 0.011083 -0.186301 -0.000000
v 0.011083 -0.186301 0.059055
v 0.067657 -0.186301 -0.000000
v 0.067657 -0.186301 0.059055
v 0.022810 -0.188474 -0.000000
v 0.022810 -0.188474 0.059055
v 0.055930 -0.188474 -0.000000
v 0.055930 -0.188474 0.059055
v 0.012257 -0.189527 -0.000000
v 0.012257 -0.189527 0.059055
v 0.066483 -0.189527 -0.000000
v 0.066483 -0.189527 0.059055
v 0.024493 -0.190723 -0.000000
v 0.024493 -0.190723 0.059055
v 0.054247 -0.190723 -0.000000
v 0.054247 -0.190723 0.059055
v 0.013798 -0.192596 -0.000000
v 0.013798 -0.192596 0.059055
v 0.064942 -0.192596 -0.000000
v 0.064942 -0.192596 0.059055
v 0.026479 -0.192709 -0.000000
v 0.026479 -0.192709 0.059055
v 0.052261 -0.192709 -0.000000
v 0.052261 -0.192709 0.059055
v 0.028728 -0.194392 -0.000000
v 0.028728 -0.194392 0.059055
v 0.050013 -0.194392 -0.000000
v 0.050013 -0.194392 0.059055
v 0.015685 -0.195465 -0.000000
v 0.015685 -0.195465 0.059055
v 0.063055 -0.195465 -0.000000
v 0.063055 -0.195465 0.059055
v 0.031193 -0.195738 -0.000000
v 0.031193 -0.195738 0.059055
v 0.047548 -0.195738 -0.000000
v 0.047548 -0.195738 0.059055
v 0.033824 -0.196720 -0.000000
v 0.033824 -0.196720 0.059055
v 0.044916 -0.196720 -0.000000
v 0.044916 -0.196720 0.059055
v 0.036569 -0.197317 -0.000000
v 0.036569 -0.197317 0.059055
v 0.042172 -0.197317 -0.000000
v 0.042172 -0.197317 0.059055
v 0.039370 -0.197517 -0.000000
v 0.039370 -0.197517 0.059055
v 0.017893 -0.198095 -0.000000
v 0.017893 -0.198095 0.059055
v 0.060848 -0.198095 -0.000000
v 0.060848 -0.198095 0.059055
v 0.020390 -0.200451 -0.000000
v 0.020390 -0.200451 0.059055
v 0.058350 -0.200451 -0.000000
v 0.058350 -0.200451 0.059055
v 0.023144 -0.202502 -0.000000
v 0.023144 -0.202502 0.059055
v 0.055596 -0.202502 -0.000000
v 0.055596 -0.202502 0.059055
v 0.026118 -0.204219 -0.000000
v 0.026118 -0.204219 0.059055
v 0.052622 -0.204219 -0.000000
v 0.052622 -0.204219 0.059055
v 0.029271 -0.205579 -0.000000
v 0.029271 -0.205579 0.059055
v 0.049469 -0.205579 -0.000000
v 0.049469 -0.205579 0.059055
v 0.032561 -0.206564 -0.000000
v 0.032561 -0.206564 0.059055
v 0.046180 -0.206564 -0.000000
v 0.046180 -0.206564 0.059055
v 0.035942 -0.207160 -0.000000
v 0.035942 -0.207160 0.059055
v 0.042798 -0.207160 -0.000000
v 0.042798 -0.207160 0.059055
v 0.039370 -0.207359 -0.000000
v 0.039370 -0.207359 0.059055
vt 0.000000 0.157080 0.000000
vt 0.000000 0.149940 0.000000
vt 0.000000 0.142800 0.000000
vt 0.000000 0.135660 0.000000
vt 0.000000 0.128520 0.000000
vt 0.000000 0.121380 0.000000
vt 0.000000 0.114240 0.000000
vt 0.000000 0.107100 0.000000
vt 0.000000 0.099960 0.000000
vt 0.000000 0.092820 0.000000
vt 0.000000 0.085680 0.000000
vt 0.000000 0.078540 0.000000
vt 0.000000 0.071400 0.000000
vt 0.000000 0.064260 0.000000
vt 0.000000 0.057120 0.000000
vt 0.000000 0.049980 0.000000
vt 0.000000 0.042840 0.000000
vt 0.000000 0.035700 0.000000
vt 0.000000 0.028560 0.000000
vt 0.000000 0.021420 0.000000
vt 0.000000 0.014280 0.000000
vt 0.000000 0.007140 0.000000
vt 0.000000 0.000000 0.000000
vt 0.000000 -0.007140 0.000000
vt 0.000000 -0.014280 0.000000
vt 0.000000 -0.021420 0.000000
vt 0.000000 -0.028560 0.000000
vt 0.000000 -0.035700 0.000000
vt 0.000000 -0.042840 0.000000
vt 0.000000 -0.049980 0.000000
vt 0.000000 -0.057120 0.000000
vt 0.000000 -0.064260 0.000000
vt 0.000000 -0.071400 0.000000
vt 0.000000 -0.078540 0.000000
vt 0.000000 -0.085680 0.000000
vt 0.000000 -0.092820 0.000000
vt 0.000000 -0.099960 0.000000
vt 0.000000 -0.107100 0.000000
vt 0.000000 -0.114240 0.000000
vt 0.000000 -0.121380 0.000000
vt 0.000000 -0.128520 0.000000
vt 0.000000 -0.135660 0.000000
vt 0.000000 -0.142800 0.000000
vt 0.000000 -0.149940 0.000000
vt 0.150000 -0.157080 0.000000
vt 0.150000 -0.149940 0.000000
vt 0.150000 -0.142800 0.000000
vt 0.150000 -0.135660 0.000000
vt 0.150000 -0.128520 0.000000
vt 0.150000 -0.121380 0.000000
vt 0.150000 -0.114240 0.000000
vt 0.150000 -0.107100 0.000000
vt 0.150000 -0.099960 0.000000
vt 0.150000 -0.092820 0.000000
vt 0.150000 -0.085680 0.000000
vt 0.150000 -0.078540 0.000000
vt 0.150000 -0.071400 0.000000
vt 0.150000 -0.064260 0.000000
vt 0.150000 -0.057120 0.000000
vt 0.150000 -0.049980 0.000000
vt 0.150000 -0.042840 0.000000
vt 0.150000 -0.035700 0.000000
vt 0.150000 -0.028560 0.000000
vt 0.150000 -0.021420 0.000000
vt 0.150000 -0.014280 0.000000
vt 0.150000 -0.007140 0.000000
vt 0.150000 0.000000 0.000000
vt 0.150000 0.007140 0.000000
vt 0.150000 0.014280 0.000000
vt 0.150000 0.021420 0.000000
vt 0.150000 0.028560 0.000000
vt 0.150000 0.035700 0.000000
vt 0.150000 0.042840 0.000000
vt 0.150000 0.049980 0.000000
vt 0.150000 0.057120 0.000000
vt 0.150000 0.064260 0.000000
vt 0.150000 0.071400 0.000000
vt 0.150000 0.078540 0.000000
vt 0.150000 0.085680 0.000000
vt 0.150000 0.092820 0.000000
vt 0.150000 0.099960 0.000000
vt 0.150000 0.107100 0.000000
vt 0.150000 0.114240 0.000000
vt 0.150000 0.121380 0.000000
vt 0.150000 0.128520 0.000000
vt 0.150000 0.135660 0.000000
vt 0.150000 0.142800 0.000000
vt 0.150000 0.149940 0.000000
vt 0.150000 0.157080 0.000000
vt 0.000000 -0.157080 0.000000
vt -0.000000 -0.235619 0.000000
vt -0.000000 -0.226893 0.000000
vt -0.000000 -0.218166 0.000000
vt -0.000000 -0.209440 0.000000
vt -0.000000 -0.200713 0.000000
vt -0.000000 -0.191986 0.000000
vt -0.000000 -0.183260 0.000000
vt -0.000000 -0.174533 0.000000
vt -0.000000 -0.165806 0.000000
vt -0.000000 -0.157080 0.000000
vt -0.000000 -0.148353 0.000000
vt -0.000000 -0.139626 0.000000
vt -0.000000 -0.130900 0.000000
vt -0.000000 -0.122173 0.000000
vt -0.000000 -0.113446 0.000000
vt -0.000000 -0.104720 0.000000
vt -0.000000 -0.095993 0.000000
vt -0.000000 -0.087266 0.000000
vt -0.000000 -0.078540 0.000000
vt -0.000000 -0.069813 0.000000
vt -0.000000 -0.061087 0.000000
vt -0.000000 -0.052360 0.000000
vt -0.000000 -0.043633 0.000000
vt -0.000000 -0.034907 0.000000
vt -0.000000 -0.026180 0.000000
vt -0.000000 -0.017453 0.000000
vt -0.000000 -0.008727 0.000000
vt -0.000000 0.000000 0.000000
vt -0.000000 0.008727 0.000000
vt -0.000000 0.017453 0.000000
vt -0.000000 0.026180 0.000000
vt -0.000000 0.034907 0.000000
vt -0.000000 0.043633 0.000000
vt -0.000000 0.052360 0.000000
vt -0.000000 0.061087 0.000000
vt -0.000000 0.069813 0.000000
vt -0.000000 0.078540 0.000000
vt -0.000000 0.087266 0.000000
vt -0.000000 0.095993 0.000000
vt -0.000000 0.104720 0.000000
vt -0.000000 0.113446 0.000000
vt -0.000000 0.122173 0.000000
vt -0.000000 0.130900 0.000000
vt -0.000000 0.139626 0.000000
vt -0.000000 0.148353 0.000000
vt -0.000000 0.157080 0.000000
vt -0.000000 0.165806 0.000000
vt -0.000000 0.174533 0.000000
vt -0.000000 0.183260 0.000000
vt -0.000000 0.191986 0.000000
vt -0.000000 0.200713 0.000000
vt -0.000000 0.209440 0.000000
vt -0.000000 0.218166 0.000000
vt -0.000000 0.226893 0.000000
vt -0.150000 0.235619 0.000000
vt -0.150000 0.226893 0.000000
vt -0.150000 0.218166 0.000000
vt -0.150000 0.209440 0.000000
vt -0.150000 0.200713 0.000000
vt -0.150000 0.191986 0.000000
vt -0.150000 0.183260 0.000000
vt -0.150000 0.174533 0.000000
vt -0.150000 0.165806 0.000000
vt -0.150000 0.157080 0.000000
vt -0.150000 0.148353 0.000000
vt -0.150000 0.139626 0.000000
vt -0.150000 0.130900 0.000000
vt -0.150000 0.122173 0.000000
vt -0.150000 0.113446 0.000000
vt -0.150000 0.104720 0.000000
vt -0.150000 0.095993 0.000000
vt -0.150000 0.087266 0.000000
vt -0.150000 0.078540 0.000000
vt -0.150000 0.069813 0.000000
vt -0.150000 0.061087 0.000000
vt -0.150000 0.052360 0.000000
vt -0.150000 0.043633 0.000000
vt -0.150000 0.034907 0.000000
vt -0.150000 0.026180 0.000000
vt -0.150000 0.017453 0.000000
vt -0.150000 0.008727 0.000000
vt -0.150000 0.000000 0.000000
vt -0.150000 -0.008727 0.000000
vt -0.150000 -0.017453 0.000000
vt -0.150000 -0.026180 0.000000
vt -0.150000 -0.034907 0.000000
vt -0.150000 -0.043633 0.000000
vt -0.150000 -0.052360 0.000000
vt -0.150000 -0.061087 0.000000
vt -0.150000 -0.069813 0.000000
vt -0.150000 -0.078540 0.000000
vt -0.150000 -0.087266 0.000000
vt -0.150000 -0.095993 0.000000
vt -0.150000 -0.104720 0.000000
vt -0.150000 -0.113446 0.000000
vt -0.150000 -0.122173 0.000000
vt -0.150000 -0.130900 0.000000
vt -0.150000 -0.139626 0.000000
vt -0.150000 -0.148353 0.000000
vt -0.150000 -0.157080 0.000000
vt -0.150000 -0.165806 0.000000
vt -0.150000 -0.174533 0.000000
vt -0.150000 -0.183260 0.000000
vt -0.150000 -0.191986 0.000000
vt -0.150000 -0.200713 0.000000
vt -0.150000 -0.209440 0.000000
vt -0.150000 -0.218166 0.000000
vt -0.150000 -0.226893 0.000000
vt -0.150000 -0.235619 0.000000
vt -0.000000 0.235619 0.000000
vt -0.075000 0.000000 0.000000
vt -0.074493 -0.008707 0.000000
vt -0.072978 -0.017296 0.000000
vt -0.070477 -0.025652 0.000000
vt -0.067022 -0.033660 0.000000
vt -0.062662 -0.041213 0.000000
vt -0.057453 -0.048209 0.000000
vt -0.051468 -0.054553 0.000000
vt -0.044787 -0.060159 0.000000
vt -0.037500 -0.064952 0.000000
vt -0.029706 -0.068866 0.000000
vt -0.021510 -0.071849 0.000000
vt -0.013024 -0.073861 0.000000
vt -0.004361 -0.074873 0.000000
vt 0.004361 -0.074873 0.000000
vt 0.013024 -0.073861 0.000000
vt 0.021510 -0.071849 0.000000
vt 0.029706 -0.068866 0.000000
vt 0.037500 -0.064952 0.000000
vt 0.044787 -0.060159 0.000000
vt 0.051468 -0.054553 0.000000
vt 0.057453 -0.048209 0.000000
vt 0.062662 -0.041213 0.000000
vt 0.067022 -0.033660 0.000000
vt 0.070477 -0.025652 0.000000
vt 0.072978 -0.017296 0.000000
vt 0.074493 -0.008707 0.000000
vt 0.075000 0.000000 0.000000
vt 0.074493 0.008707 0.000000
vt 0.072978 0.017296 0.000000
vt 0.070477 0.025652 0.000000
vt 0.067022 0.033660 0.000000
vt 0.062662 0.041213 0.000000
vt 0.057453 0.048209 0.000000
vt 0.051468 0.054553 0.000000
vt 0.044787 0.060159 0.000000
vt 0.037500 0.064952 0.000000
vt 0.029706 0.068866 0.000000
vt 0.021510 0.071849 0.000000
vt 0.013024 0.073861 0.000000
vt 0.004361 0.074873 0.000000
vt -0.004361 0.074873 0.000000
vt -0.013024 0.073861 0.000000
vt -0.021510 0.071849 0.000000
vt -0.029706 0.068866 0.000000
vt -0.037500 0.064952 0.000000
vt -0.044787 0.060159 0.000000
vt -0.051468 0.054553 0.000000
vt -0.057453 0.048209 0.000000
vt -0.062662 0.041213 0.000000
vt -0.067022 0.033660 0.000000
vt -0.070477 0.025652 0.000000
vt -0.072978 0.017296 0.000000
vt -0.074493 0.008707 0.000000
vt -0.050000 0.000000 0.000000
vt -0.049491 0.007116 0.000000
vt -0.047975 0.014087 0.000000
vt -0.045482 0.020771 0.000000
vt -0.042063 0.027032 0.000000
vt -0.037787 0.032743 0.000000
vt -0.032743 0.037787 0.000000
vt -0.027032 0.042063 0.000000
vt -0.020771 0.045482 0.000000
vt -0.014087 0.047975 0.000000
vt -0.007116 0.049491 0.000000
vt 0.000000 0.050000 0.000000
vt 0.007116 0.049491 0.000000
vt 0.014087 0.047975 0.000000
vt 0.020771 0.045482 0.000000
vt 0.027032 0.042063 0.000000
vt 0.032743 0.037787 0.000000
vt 0.037787 0.032743 0.000000
vt 0.042063 0.027032 0.000000
vt 0.045482 0.020771 0.000000
vt 0.047975 0.014087 0.000000
vt 0.049491 0.007116 0.000000
vt 0.050000 0.000000 0.000000
vt 0.049491 -0.007116 0.000000
vt 0.047975 -0.014087 0.000000
vt 0.045482 -0.020771 0.000000
vt 0.042063 -0.027032 0.000000
vt 0.037787 -0.032743 0.000000
vt 0.032743 -0.037787 0.000000
vt 0.027032 -0.042063 0.000000
vt 0.020771 -0.045482 0.000000
vt 0.014087 -0.047975 0.000000
vt 0.007116 -0.049491 0.000000
vt 0.000000 -0.050000 0.000000
vt -0.007116 -0.049491 0.000000
vt -0.014087 -0.047975 0.000000
vt -0.020771 -0.045482 0.000000
vt -0.027032 -0.042063 0.000000
vt -0.032743 -0.037787 0.000000
vt -0.037787 -0.032743 0.000000
vt -0.042063 -0.027032 0.000000
vt -0.045482 -0.020771 0.000000
vt -0.047975 -0.014087 0.000000
vt -0.049491 -0.007116 0.000000
vt -0.310714 -0.687500 0.000000
vt -0.311221 -0.678793 0.000000
vt -0.312736 -0.670204 0.000000
vt -0.315237 -0.661848 0.000000
vt -0.318692 -0.653840 0.000000
vt -0.323053 -0.646287 0.000000
vt -0.328261 -0.639291 0.000000
vt -0.334246 -0.632947 0.000000
vt -0.340927 -0.627341 0.000000
vt -0.348214 -0.622548 0.000000
vt -0.356008 -0.618634 0.000000
vt -0.364204 -0.615651 0.000000
vt -0.372691 -0.613639 0.000000
vt -0.381353 -0.612627 0.000000
vt -0.390075 -0.612627 0.000000
vt -0.398738 -0.613639 0.000000
vt -0.407225 -0.615651 0.000000
vt -0.415420 -0.618634 0.000000
vt -0.423214 -0.622548 0.000000
vt -0.430501 -0.627341 0.000000
vt -0.437182 -0.632947 0.000000
vt -0.443168 -0.639291 0.000000
vt -0.448376 -0.646287 0.000000
vt -0.452737 -0.653840 0.000000
vt -0.456191 -0.661848 0.000000
vt -0.458693 -0.670204 0.000000
vt -0.460207 -0.678793 0.000000
vt -0.460714 -0.687500 0.000000
vt -0.460207 -0.696207 0.000000
vt -0.458693 -0.704796 0.000000
vt -0.456191 -0.713152 0.000000
vt -0.452737 -0.721160 0.000000
vt -0.448376 -0.728713 0.000000
vt -0.443168 -0.735709 0.000000
vt -0.437182 -0.742053 0.000000
vt -0.430501 -0.747659 0.000000
vt -0.423214 -0.752452 0.000000
vt -0.415420 -0.756366 0.000000
vt -0.407225 -0.759349 0.000000
vt -0.398738 -0.761361 0.000000
vt -0.390075 -0.762373 0.000000
vt -0.381353 -0.762373 0.000000
vt -0.372691 -0.761361 0.000000
vt -0.364204 -0.759349 0.000000
vt -0.356008 -0.756366 0.000000
vt -0.348214 -0.752452 0.000000
vt -0.340927 -0.747659 0.000000
vt -0.334246 -0.742053 0.000000
vt -0.328261 -0.735709 0.000000
vt -0.323053 -0.728713 0.000000
vt -0.318692 -0.721160 0.000000
vt -0.315237 -0.713152 0.000000
vt -0.312736 -0.704796 0.000000
vt -0.311221 -0.696207 0.000000
vt -0.335714 -0.687500 0.000000
vt -0.336223 -0.694616 0.000000
vt -0.337740 -0.701587 0.000000
vt -0.340233 -0.708271 0.000000
vt -0.343652 -0.714532 0.000000
vt -0.347927 -0.720243 0.000000
vt -0.352971 -0.725287 0.000000
vt -0.358682 -0.729563 0.000000
vt -0.364944 -0.732982 0.000000
vt -0.371628 -0.735475 0.000000
vt -0.378599 -0.736991 0.000000
vt -0.385714 -0.737500 0.000000
vt -0.392830 -0.736991 0.000000
vt -0.399801 -0.735475 0.000000
vt -0.406485 -0.732982 0.000000
vt -0.412746 -0.729563 0.000000
vt -0.418457 -0.725287 0.000000
vt -0.423502 -0.720243 0.000000
vt -0.427777 -0.714532 0.000000
vt -0.431196 -0.708271 0.000000
vt -0.433689 -0.701587 0.000000
vt -0.435205 -0.694616 0.000000
vt -0.435714 -0.687500 0.000000
vt -0.435205 -0.680384 0.000000
vt -0.433689 -0.673413 0.000000
vt -0.431196 -0.666729 0.000000
vt -0.427777 -0.660468 0.000000
vt -0.423502 -0.654757 0.000000
vt -0.418457 -0.649713 0.000000
vt -0.412746 -0.645437 0.000000
vt -0.406485 -0.642018 0.000000
vt -0.399801 -0.639525 0.000000
vt -0.392830 -0.638009 0.000000
vt -0.385714 -0.637500 0.000000
vt -0.378599 -0.638009 0.000000
vt -0.371628 -0.639525 0.000000
vt -0.364944 -0.642018 0.000000
vt -0.358682 -0.645437 0.000000
vt -0.352971 -0.649713 0.000000
vt -0.347927 -0.654757 0.000000
vt -0.343652 -0.660468 0.000000
vt -0.340233 -0.666729 0.000000
vt -0.337740 -0.673413 0.000000
vt -0.336223 -0.680384 0.000000
vn 0.000000 -2.540000 0.000000
vn 0.361480 -2.514146 0.000000
vn 0.715601 -2.437112 0.000000
vn 1.055154 -2.310465 0.000000
vn 1.373228 -2.136784 0.000000
vn 1.663346 -1.919604 0.000000
vn 1.919604 -1.663346 0.000000
vn 2.136784 -1.373228 0.000000
vn 2.310465 -1.055154 0.000000
vn 2.437112 -0.715601 0.000000
vn 2.514146 -0.361480 0.000000
vn 2.540000 0.000000 0.000000
vn 2.514146 0.361480 0.000000
vn 2.437112 0.715601 0.000000
vn 2.310465 1.055154 0.000000
vn 2.136784 1.373228 0.000000
vn 1.919604 1.663346 0.000000
vn 1.663346 1.919604 0.000000
vn 1.373228 2.136784 0.000000
vn 1.055154 2.310465 0.000000
vn 0.715601 2.437112 0.000000
vn 0.361480 2.514146 0.000000
vn 0.000000 2.540000 -0.000000
vn -0.361480 2.514146 -0.000000
vn -0.715601 2.437112 -0.000000
vn -1.055154 2.310465 -0.000000
vn -1.373228 2.136784 -0.000000
vn -1.663346 1.919604 -0.000000
vn -1.919604 1.663346 -0.000000
vn -2.136784 1.373228 -0.000000
vn -2.310465 1.055154 -0.000000
vn -2.437112 0.715601 -0.000000
vn -2.514146 0.361480 -0.000000
vn -2.540000 -0.000000 -0.000000
vn -2.514146 -0.361480 -0.000000
vn -2.437112 -0.715601 -0.000000
vn -2.310465 -1.055154 -0.000000
vn -2.136784 -1.373228 -0.000000
vn -1.919604 -1.663346 -0.000000
vn -1.663346 -1.919604 -0.000000
vn -1.373228 -2.136784 -0.000000
vn -1.055154 -2.310465 -0.000000
vn -0.715601 -2.437112 -0.000000
vn -0.361480 -2.514146 -0.000000
vn 0.000000 -2.540000 0.000000
vn -0.361480 -2.514146 -0.000000
vn -0.715601 -2.437112 -0.000000
vn -1.055154 -2.310465 -0.000000
vn -1.373228 -2.136784 -0.000000
vn -1.663346 -1.919604 -0.000000
vn -1.919604 -1.663346 -0.000000
vn -2.136784 -1.373228 -0.000000
vn -2.310465 -1.055154 -0.000000
vn -2.437112 -0.715601 -0.000000
vn -2.514146 -0.361480 -0.000000
vn -2.540000 -0.000000 -0.000000
vn -2.514146 0.361480 -0.000000
vn -2.437112 0.715601 -0.000000
vn -2.310465 1.055154 -0.000000
vn -2.136784 1.373228 -0.000000
vn -1.919604 1.663346 -0.000000
vn -1.663346 1.919604 -0.000000
vn -1.373228 2.136784 -0.000000
vn -1.055154 2.310465 -0.000000
vn -0.715601 2.437112 -0.000000
vn -0.361480 2.514146 -0.000000
vn 0.000000 2.540000 -0.000000
vn 0.361480 2.514146 0.000000
vn 0.715601 2.437112 0.000000
vn 1.055154 2.310465 0.000000
vn 1.373228 2.136784 0.000000
vn 1.663346 1.919604 0.000000
vn 1.919604 1.663346 0.000000
vn 2.136784 1.373228 0.000000
vn 2.310465 1.055154 0.000000
vn 2.437112 0.715601 0.000000
vn 2.514146 0.361480 0.000000
vn 2.540000 0.000000 0.000000
vn 2.514146 -0.361480 0.000000
vn 2.437112 -0.715601 0.000000
vn 2.310465 -1.055154 0.000000
vn 2.136784 -1.373228 0.000000
vn 1.919604 -1.663346 0.000000
vn 1.663346 -1.919604 0.000000
vn 1.373228 -2.136784 0.000000
vn 1.055154 -2.310465 0.000000
vn 0.715601 -2.437112 0.000000
vn 0.361480 -2.514146 0.000000
vn 0.000000 -2.540000 0.000000
vn 0.000000 -2.540000 0.000000
vn 0.000000 2.540000 -0.000000
vn 0.294876 2.522825 0.000000
vn 0.585764 2.471534 0.000000
vn 0.868731 2.386819 0.000000
vn 1.139950 2.269827 0.000000
vn 1.395753 2.122139 0.000000
vn 1.632681 1.945753 0.000000
vn 1.847529 1.743054 0.000000
vn 2.037393 1.516783 0.000000
vn 2.199704 1.270000 0.000000
vn 2.332269 1.006043 0.000000
vn 2.433293 0.728480 0.000000
vn 2.501412 0.441066 0.000000
vn 2.535703 0.147688 0.000000
vn 2.535703 -0.147688 0.000000
vn 2.501412 -0.441066 0.000000
vn 2.433293 -0.728480 0.000000
vn 2.332269 -1.006043 0.000000
vn 2.199704 -1.270000 0.000000
vn 2.037393 -1.516783 0.000000
vn 1.847529 -1.743054 0.000000
vn 1.632681 -1.945753 0.000000
vn 1.395753 -2.122139 0.000000
vn 1.139950 -2.269827 0.000000
vn 0.868731 -2.386819 0.000000
vn 0.585764 -2.471534 0.000000
vn 0.294876 -2.522825 0.000000
vn 0.000000 -2.540000 0.000000
vn -0.294876 -2.522825 -0.000000
vn -0.585764 -2.471534 -0.000000
vn -0.868731 -2.386819 -0.000000
vn -1.139950 -2.269827 -0.000000
vn -1.395753 -2.122139 -0.000000
vn -1.632681 -1.945753 -0.000000
vn -1.847529 -1.743054 -0.000000
vn -2.037393 -1.516783 -0.000000
vn -2.199704 -1.270000 -0.000000
vn -2.332269 -1.006043 -0.000000
vn -2.433293 -0.728480 -0.000000
vn -2.501412 -0.441066 -0.000000
vn -2.535703 -0.147688 -0.000000
vn -2.535703 0.147688 -0.000000
vn -2.501412 0.441066 -0.000000
vn -2.433293 0.728480 -0.000000
vn -2.332269 1.006043 -0.000000
vn -2.199704 1.270000 -0.000000
vn -2.037393 1.516783 -0.000000
vn -1.847529 1.743054 -0.000000
vn -1.632681 1.945753 -0.000000
vn -1.395753 2.122139 -0.000000
vn -1.139950 2.269827 -0.000000
vn -0.868731 2.386819 -0.000000
vn -0.585764 2.471534 -0.000000
vn -0.294876 2.522825 -0.000000
vn 0.000000 2.540000 -0.000000
vn -0.294876 2.522825 -0.000000
vn -0.585764 2.471534 -0.000000
vn -0.868731 2.386819 -0.000000
vn -1.139950 2.269827 -0.000000
vn -1.395753 2.122139 -0.000000
vn -1.632681 1.945753 -0.000000
vn -1.847529 1.743054 -0.000000
vn -2.037393 1.516783 -0.000000
vn -2.199704 1.270000 -0.000000
vn -2.332269 1.006043 -0.000000
vn -2.433293 0.728480 -0.000000
vn -2.501412 0.441066 -0.000000
vn -2.535703 0.147688 -0.000000
vn -2.535703 -0.147688 -0.000000
vn -2.501412 -0.441066 -0.000000
vn -2.433293 -0.728480 -0.000000
vn -2.332269 -1.006043 -0.000000
vn -2.199704 -1.270000 -0.000000
vn -2.037393 -1.516783 -0.000000
vn -1.847529 -1.743054 -0.000000
vn -1.632681 -1.945753 -0.000000
vn -1.395753 -2.122139 -0.000000
vn -1.139950 -2.269827 -0.000000
vn -0.868731 -2.386819 -0.000000
vn -0.585764 -2.471534 -0.000000
vn -0.294876 -2.522825 -0.000000
vn 0.000000 -2.540000 0.000000
vn 0.294876 -2.522825 0.000000
vn 0.585764 -2.471534 0.000000
vn 0.868731 -2.386819 0.000000
vn 1.139950 -2.269827 0.000000
vn 1.395753 -2.122139 0.000000
vn 1.632681 -1.945753 0.000000
vn 1.847529 -1.743054 0.000000
vn 2.037393 -1.516783 0.000000
vn 2.199704 -1.270000 0.000000
vn 2.332269 -1.006043 0.000000
vn 2.433293 -0.728480 0.000000
vn 2.501412 -0.441066 0.000000
vn 2.535703 -0.147688 0.000000
vn 2.535703 0.147688 0.000000
vn 2.501412 0.441066 0.000000
vn 2.433293 0.728480 0.000000
vn 2.332269 1.006043 0.000000
vn 2.199704 1.270000 0.000000
vn 2.037393 1.516783 0.000000
vn 1.847529 1.743054 0.000000
vn 1.632681 1.945753 0.000000
vn 1.395753 2.122139 0.000000
vn 1.139950 2.269827 0.000000
vn 0.868731 2.386819 0.000000
vn 0.585764 2.471534 0.000000
vn 0.294876 2.522825 0.000000
vn 0.000000 2.540000 -0.000000
vn 0.000000 2.540000 -0.000000
vn -0.000000 0.000000 2.540000
vn -0.000000 0.000000 2.540000
vn -0.000000 0.000000 2.540000
vn -0.000000 0.000000 2.540000
vn -0.000000 0.000000 2.540000
vn -0.000000 0.000000 2.540000
vn -0.000000 0.000000 2.540000
vn -0.000000 0.000000 2.540000
vn -0.000000 0.000000 2.540000
vn -0.000000 0.000000 2.540000
vn -0.000000 0.000000 2.540000
vn -0.000000 0.000000 2.540000
vn -0.000000 0.000000 2.540000
vn -0.000000 0.000000 2.540000
vn -0.000000 0.000000 2.540000
vn -0.000000 0.000000 2.540000
vn -0.000000 0.000000 2.540000
vn -0.000000 0.000000 2.540000
vn -0.000000 0.000000 2.540000
vn -0.000000 0.000000 2.540000
vn -0.000000 0.000000 2.540000
vn -0.000000 0.000000 2.540000
vn -0.000000 0.000000 2.540000
vn -0.000000 0.000000 2.540000
vn -0.000000 0.000000 2.540000
vn -0.000000 0.000000 2.540000
vn -0.000000 0.000000 2.540000
vn -0.000000 0.000000 2.540000
vn -0.000000 0.000000 2.540000
vn -0.000000 0.000000 2.540000
vn -0.000000 0.000000 2.540000
vn -0.000000 0.000000 2.540000
vn -0.000000 0.000000 2.540000
vn -0.000000 0.000000 2.540000
vn -0.000000 0.000000 2.540000
vn -0.000000 0.000000 2.540000
vn -0.000000 0.000000 2.540000
vn -0.000000 0.000000 2.540000
vn -0.000000 0.000000 2.540000
vn -0.000000 0.000000 2.540000
vn -0.000000 0.000000 2.540000
vn -0.000000 0.000000 2.540000
vn -0.000000 0.000000 2.540000
vn -0.000000 0.000000 2.540000
vn -0.000000 0.000000 2.540000
vn -0.000000 0.000000 2.540000
vn -0.000000 0.000000 2.540000
vn -0.000000 0.000000 2.540000
vn -0.000000 0.000000 2.540000
vn -0.000000 0.000000 2.540000
vn -0.000000 0.000000 2.540000
vn -0.000000 0.000000 2.540000
vn -0.000000 0.000000 2.540000
vn -0.000000 0.000000 2.540000
vn -0.000000 0.000000 2.540000
vn -0.000000 0.000000 2.540000
vn -0.000000 0.000000 2.540000
vn -0.000000 0.000000 2.540000
vn -0.000000 0.000000 2.540000
vn -0.000000 0.000000 2.540000
vn -0.000000 0.000000 2.540000
vn -0.000000 0.000000 2.540000
vn -0.000000 0.000000 2.540000
vn -0.000000 0.000000 2.540000
vn -0.000000 0.000000 2.540000
vn -0.000000 0.000000 2.540000
vn -0.000000 0.000000 2.540000
vn -0.000000 0.000000 2.540000
vn -0.000000 0.000000 2.540000
vn -0.000000 0.000000 2.540000
vn -0.000000 0.000000 2.540000
vn -0.000000 0.000000 2.540000
vn -0.000000 0.000000 2.540000
vn -0.000000 0.000000 2.540000
vn -0.000000 0.000000 2.540000
vn -0.000000 0.000000 2.540000
vn -0.000000 0.000000 2.540000
vn -0.000000 0.000000 2.540000
vn -0.000000 0.000000 2.540000
vn -0.000000 0.000000 2.540000
vn -0.000000 0.000000 2.540000
vn -0.000000 0.000000 2.540000
vn -0.000000 0.000000 2.540000
vn -0.000000 0.000000 2.540000
vn -0.000000 0.000000 2.540000
vn -0.000000 0.000000 2.540000
vn -0.000000 0.000000 2.540000
vn -0.000000 0.000000 2.540000
vn -0.000000 0.000000 2.540000
vn -0.000000 0.000000 2.540000
vn -0.000000 0.000000 2.540000
vn -0.000000 0.000000 2.540000
vn -0.000000 0.000000 2.540000
vn -0.000000 0.000000 2.540000
vn -0.000000 0.000000 2.540000
vn -0.000000 0.000000 2.540000
vn -0.000000 0.000000 2.540000
vn -0.000000 0.000000 2.540000
vn 0.000000 -0.000000 -2.540000
vn 0.000000 -0.000000 -2.540000
vn 0.000000 -0.000000 -2.540000
vn 0.000000 -0.000000 -2.540000
vn 0.000000 -0.000000 -2.540000
vn 0.000000 -0.000000 -2.540000
vn 0.000000 -0.000000 -2.540000
vn 0.000000 -0.000000 -2.540000
vn 0.000000 -0.000000 -2.540000
vn 0.000000 -0.000000 -2.540000
vn 0.000000 -0.000000 -2.540000
vn 0.000000 -0.000000 -2.540000
vn 0.000000 -0.000000 -2.540000
vn 0.000000 -0.000000 -2.540000
vn 0.000000 -0.000000 -2.540000
vn 0.000000 -0.000000 -2.540000
vn 0.000000 -0.000000 -2.540000
vn 0.000000 -0.000000 -2.540000
vn 0.000000 -0.000000 -2.540000
vn 0.000000 -0.000000 -2.540000
vn 0.000000 -0.000000 -2.540000
vn 0.000000 -0.000000 -2.540000
vn 0.000000 -0.000000 -2.540000
vn 0.000000 -0.000000 -2.540000
vn 0.000000 -0.000000 -2.540000
vn 0.000000 -0.000000 -2.540000
vn 0.000000 -0.000000 -2.540000
vn 0.000000 -0.000000 -2.540000
vn 0.000000 -0.000000 -2.540000
vn 0.000000 -0.000000 -2.540000
vn 0.000000 -0.000000 -2.540000
vn 0.000000 -0.000000 -2.540000
vn 0.000000 -0.000000 -2.540000
vn 0.000000 -0.000000 -2.540000
vn 0.000000 -0.000000 -2.540000
vn 0.000000 -0.000000 -2.540000
vn 0.000000 -0.000000 -2.540000
vn 0.000000 -0.000000 -2.540000
vn 0.000000 -0.000000 -2.540000
vn 0.000000 -0.000000 -2.540000
vn 0.000000 -0.000000 -2.540000
vn 0.000000 -0.000000 -2.540000
vn 0.000000 -0.000000 -2.540000
vn 0.000000 -0.000000 -2.540000
vn 0.000000 -0.000000 -2.540000
vn 0.000000 -0.000000 -2.540000
vn 0.000000 -0.000000 -2.540000
vn 0.000000 -0.000000 -2.540000
vn 0.000000 -0.000000 -2.540000
vn 0.000000 -0.000000 -2.540000
vn 0.000000 -0.000000 -2.540000
vn 0.000000 -0.000000 -2.540000
vn 0.000000 -0.000000 -2.540000
vn 0.000000 -0.000000 -2.540000
vn 0.000000 -0.000000 -2.540000
vn 0.000000 -0.000000 -2.540000
vn 0.000000 -0.000000 -2.540000
vn 0.000000 -0.000000 -2.540000
vn 0.000000 -0.000000 -2.540000
vn 0.000000 -0.000000 -2.540000
vn 0.000000 -0.000000 -2.540000
vn 0.000000 -0.000000 -2.540000
vn 0.000000 -0.000000 -2.540000
vn 0.000000 -0.000000 -2.540000
vn 0.000000 -0.000000 -2.540000
vn 0.000000 -0.000000 -2.540000
vn 0.000000 -0.000000 -2.540000
vn 0.000000 -0.000000 -2.540000
vn 0.000000 -0.000000 -2.540000
vn 0.000000 -0.000000 -2.540000
vn 0.000000 -0.000000 -2.540000
vn 0.000000 -0.000000 -2.540000
vn 0.000000 -0.000000 -2.540000
vn 0.000000 -0.000000 -2.540000
vn 0.000000 -0.000000 -2.540000
vn 0.000000 -0.000000 -2.540000
vn 0.000000 -0.000000 -2.540000
vn 0.000000 -0.000000 -2.540000
vn 0.000000 -0.000000 -2.540000
vn 0.000000 -0.000000 -2.540000
vn 0.000000 -0.000000 -2.540000
vn 0.000000 -0.000000 -2.540000
vn 0.000000 -0.000000 -2.540000
vn 0.000000 -0.000000 -2.540000
vn 0.000000 -0.000000 -2.540000
vn 0.000000 -0.000000 -2.540000
vn 0.000000 -0.000000 -2.540000
vn 0.000000 -0.000000 -2.540000
vn 0.000000 -0.000000 -2.540000
vn 0.000000 -0.000000 -2.540000
vn 0.000000 -0.000000 -2.540000
vn 0.000000 -0.000000 -2.540000
vn 0.000000 -0.000000 -2.540000
vn 0.000000 -0.000000 -2.540000
vn 0.000000 -0.000000 -2.540000
vn 0.000000 -0.000000 -2.540000
vn 0.000000 -0.000000 -2.540000
vn 0.000000 -0.000000 -2.540000
f 2170/4596/4596 2169/4682/4682 2168/4595/4595
f 2168/4595/4595 2169/4682/4682 2167/4683/4683
f 2168/4684/4684 2167/4639/4639 2172/4638/4638
f 2172/4638/4638 2167/4639/4639 2171/4640/4640
f 2172/4638/4638 2171/4640/4640 2176/4637/4637
f 2176/4637/4637 2171/4640/4640 2175/4641/4641
f 2176/4637/4637 2175/4641/4641 2180/4636/4636
f 2180/4636/4636 2175/4641/4641 2179/4642/4642
f 2180/4636/4636 2179/4642/4642 2188/4635/4635
f 2188/4635/4635 2179/4642/4642 2187/4643/4643
f 2188/4635/4635 2187/4643/4643 2192/4634/4634
f 2192/4634/4634 2187/4643/4643 2191/4644/4644
f 2192/4634/4634 2191/4644/4644 2200/4633/4633
f 2200/4633/4633 2191/4644/4644 2199/4645/4645
f 2200/4633/4633 2199/4645/4645 2208/4632/4632
f 2208/4632/4632 2199/4645/4645 2207/4646/4646
f 2208/4632/4632 2207/4646/4646 2216/4631/4631
f 2216/4631/4631 2207/4646/4646 2215/4647/4647
f 2216/4631/4631 2215/4647/4647 2220/4630/4630
f 2220/4630/4630 2215/4647/4647 2219/4648/4648
f 2220/4630/4630 2219/4648/4648 2228/4629/4629
f 2228/4629/4629 2219/4648/4648 2227/4649/4649
f 2228/4629/4629 2227/4649/4649 2236/4628/4628
f 2236/4628/4628 2227/4649/4649 2235/4650/4650
f 2236/4628/4628 2235/4650/4650 2244/4627/4627
f 2244/4627/4627 2235/4650/4650 2243/4651/4651
f 2244/4627/4627 2243/4651/4651 2252/4626/4626
f 2252/4626/4626 2243/4651/4651 2251/4652/4652
f 2252/4626/4626 2251/4652/4652 2256/4625/4625
f 2256/4625/4625 2251/4652/4652 2255/4653/4653
f 2256/4625/4625 2255/4653/4653 2264/4624/4624
f 2264/4624/4624 2255/4653/4653 2263/4654/4654
f 2264/4624/4624 2263/4654/4654 2272/4623/4623
f 2272/4623/4623 2263/4654/4654 2271/4655/4655
f 2272/4623/4623 2271/4655/4655 2280/4622/4622
f 2280/4622/4622 2271/4655/4655 2279/4656/4656
f 2280/4622/4622 2279/4656/4656 2284/4621/4621
f 2284/4621/4621 2279/4656/4656 2283/4657/4657
f 2284/4621/4621 2283/4657/4657 2292/4620/4620
f 2292/4620/4620 2283/4657/4657 2291/4658/4658
f 2292/4620/4620 2291/4658/4658 2296/4619/4619
f 2296/4619/4619 2291/4658/4658 2295/4659/4659
f 2296/4619/4619 2295/4659/4659 2300/4618/4618
f 2300/4618/4618 2295/4659/4659 2299/4660/4660
f 2300/4618/4618 2299/4660/4660 2302/4617/4617
f 2302/4617/4617 2299/4660/4660 2301/4661/4661
f 2302/4617/4617 2301/4661/4661 2298/4616/4616
f 2298/4616/4616 2301/4661/4661 2297/4662/4662
f 2298/4616/4616 2297/4662/4662 2294/4615/4615
f 2294/4615/4615 2297/4662/4662 2293/4663/4663
f 2294/4615/4615 2293/4663/4663 2290/4614/4614
f 2290/4614/4614 2293/4663/4663 2289/4664/4664
f 2290/4614/4614 2289/4664/4664 2282/4613/4613
f 2282/4613/4613 2289/4664/4664 2281/4665/4665
f 2282/4613/4613 2281/4665/4665 2278/4612/4612
f 2278/4612/4612 2281/4665/4665 2277/4666/4666
f 2278/4612/4612 2277/4666/4666 2270/4611/4611
f 2270/4611/4611 2277/4666/4666 2269/4667/4667
f 2270/4611/4611 2269/4667/4667 2262/4610/4610
f 2262/4610/4610 2269/4667/4667 2261/4668/4668
f 2262/4610/4610 2261/4668/4668 2254/4609/4609
f 2254/4609/4609 2261/4668/4668 2253/4669/4669
f 2254/4609/4609 2253/4669/4669 2250/4608/4608
f 2250/4608/4608 2253/4669/4669 2249/4670/4670
f 2250/4608/4608 2249/4670/4670 2242/4607/4607
f 2242/4607/4607 2249/4670/4670 2241/4671/4671
f 2242/4607/4607 2241/4671/4671 2234/4606/4606
f 2234/4606/4606 2241/4671/4671 2233/4672/4672
f 2234/4606/4606 2233/4672/4672 2226/4605/4605
f 2226/4605/4605 2233/4672/4672 2225/4673/4673
f 2226/4605/4605 2225/4673/4673 2218/4604/4604
f 2218/4604/4604 2225/4673/4673 2217/4674/4674
f 2218/4604/4604 2217/4674/4674 2214/4603/4603
f 2214/4603/4603 2217/4674/4674 2213/4675/4675
f 2214/4603/4603 2213/4675/4675 2206/4602/4602
f 2206/4602/4602 2213/4675/4675 2205/4676/4676
f 2206/4602/4602 2205/4676/4676 2198/4601/4601
f 2198/4601/4601 2205/4676/4676 2197/4677/4677
f 2198/4601/4601 2197/4677/4677 2190/4600/4600
f 2190/4600/4600 2197/4677/4677 2189/4678/4678
f 2190/4600/4600 2189/4678/4678 2186/4599/4599
f 2186/4599/4599 2189/4678/4678 2185/4679/4679
f 2186/4599/4599 2185/4679/4679 2178/4598/4598
f 2178/4598/4598 2185/4679/4679 2177/4680/4680
f 2178/4598/4598 2177/4680/4680 2174/4597/4597
f 2174/4597/4597 2177/4680/4680 2173/4681/4681
f 2174/4597/4597 2173/4681/4681 2170/4596/4596
f 2170/4596/4596 2173/4681/4681 2169/4682/4682
f 2142/4686/4686 2141/4792/4792 2138/4685/4685
f 2138/4685/4685 2141/4792/4792 2137/4793/4793
f 2138/4794/4794 2137/4739/4739 2140/4738/4738
f 2140/4738/4738 2137/4739/4739 2139/4740/4740
f 2140/4738/4738 2139/4740/4740 2144/4737/4737
f 2144/4737/4737 2139/4740/4740 2143/4741/4741
f 2144/4737/4737 2143/4741/4741 2148/4736/4736
f 2148/4736/4736 2143/4741/4741 2147/4742/4742
f 2148/4736/4736 2147/4742/4742 2152/4735/4735
f 2152/4735/4735 2147/4742/4742 2151/4743/4743
f 2152/4735/4735 2151/4743/4743 2156/4734/4734
f 2156/4734/4734 2151/4743/4743 2155/4744/4744
f 2156/4734/4734 2155/4744/4744 2160/4733/4733
f 2160/4733/4733 2155/4744/4744 2159/4745/4745
f 2160/4733/4733 2159/4745/4745 2164/4732/4732
f 2164/4732/4732 2159/4745/4745 2163/4746/4746
f 2164/4732/4732 2163/4746/4746 2182/4731/4731
f 2182/4731/4731 2163/4746/4746 2181/4747/4747
f 2182/4731/4731 2181/4747/4747 2194/4730/4730
f 2194/4730/4730 2181/4747/4747 2193/4748/4748
f 2194/4730/4730 2193/4748/4748 2202/4729/4729
f 2202/4729/4729 2193/4748/4748 2201/4749/4749
f 2202/4729/4729 2201/4749/4749 2210/4728/4728
f 2210/4728/4728 2201/4749/4749 2209/4750/4750
f 2210/4728/4728 2209/4750/4750 2222/4727/4727
f 2222/4727/4727 2209/4750/4750 2221/4751/4751
f 2222/4727/4727 2221/4751/4751 2230/4726/4726
f 2230/4726/4726 2221/4751/4751 2229/4752/4752
f 2230/4726/4726 2229/4752/4752 2238/4725/4725
f 2238/4725/4725 2229/4752/4752 2237/4753/4753
f 2238/4725/4725 2237/4753/4753 2246/4724/4724
f 2246/4724/4724 2237/4753/4753 2245/4754/4754
f 2246/4724/4724 2245/4754/4754 2258/4723/4723
f 2258/4723/4723 2245/4754/4754 2257/4755/4755
f 2258/4723/4723 2257/4755/4755 2266/4722/4722
f 2266/4722/4722 2257/4755/4755 2265/4756/4756
f 2266/4722/4722 2265/4756/4756 2274/4721/4721
f 2274/4721/4721 2265/4756/4756 2273/4757/4757
f 2274/4721/4721 2273/4757/4757 2286/4720/4720
f 2286/4720/4720 2273/4757/4757 2285/4758/4758
f 2286/4720/4720 2285/4758/4758 2304/4719/4719
f 2304/4719/4719 2285/4758/4758 2303/4759/4759
f 2304/4719/4719 2303/4759/4759 2308/4718/4718
f 2308/4718/4718 2303/4759/4759 2307/4760/4760
f 2308/4718/4718 2307/4760/4760 2312/4717/4717
f 2312/4717/4717 2307/4760/4760 2311/4761/4761
f 2312/4717/4717 2311/4761/4761 2316/4716/4716
f 2316/4716/4716 2311/4761/4761 2315/4762/4762
f 2316/4716/4716 2315/4762/4762 2320/4715/4715
f 2320/4715/4715 2315/4762/4762 2319/4763/4763
f 2320/4715/4715 2319/4763/4763 2324/4714/4714
f 2324/4714/4714 2319/4763/4763 2323/4764/4764
f 2324/4714/4714 2323/4764/4764 2328/4713/4713
f 2328/4713/4713 2323/4764/4764 2327/4765/4765
f 2328/4713/4713 2327/4765/4765 2332/4712/4712
f 2332/4712/4712 2327/4765/4765 2331/4766/4766
f 2332/4712/4712 2331/4766/4766 2330/4711/4711
f 2330/4711/4711 2331/4766/4766 2329/4767/4767
f 2330/4711/4711 2329/4767/4767 2326/4710/4710
f 2326/4710/4710 2329/4767/4767 2325/4768/4768
f 2326/4710/4710 2325/4768/4768 2322/4709/4709
f 2322/4709/4709 2325/4768/4768 2321/4769/4769
f 2322/4709/4709 2321/4769/4769 2318/4708/4708
f 2318/4708/4708 2321/4769/4769 2317/4770/4770
f 2318/4708/4708 2317/4770/4770 2314/4707/4707
f 2314/4707/4707 2317/4770/4770 2313/4771/4771
f 2314/4707/4707 2313/4771/4771 2310/4706/4706
f 2310/4706/4706 2313/4771/4771 2309/4772/4772
f 2310/4706/4706 2309/4772/4772 2306/4705/4705
f 2306/4705/4705 2309/4772/4772 2305/4773/4773
f 2306/4705/4705 2305/4773/4773 2288/4704/4704
f 2288/4704/4704 2305/4773/4773 2287/4774/4774
f 2288/4704/4704 2287/4774/4774 2276/4703/4703
f 2276/4703/4703 2287/4774/4774 2275/4775/4775
f 2276/4703/4703 2275/4775/4775 2268/4702/4702
f 2268/4702/4702 2275/4775/4775 2267/4776/4776
f 2268/4702/4702 2267/4776/4776 2260/4701/4701
f 2260/4701/4701 2267/4776/4776 2259/4777/4777
f 2260/4701/4701 2259/4777/4777 2248/4700/4700
f 2248/4700/4700 2259/4777/4777 2247/4778/4778
f 2248/4700/4700 2247/4778/4778 2240/4699/4699
f 2240/4699/4699 2247/4778/4778 2239/4779/4779
f 2240/4699/4699 2239/4779/4779 2232/4698/4698
f 2232/4698/4698 2239/4779/4779 2231/4780/4780
f 2232/4698/4698 2231/4780/4780 2224/4697/4697
f 2224/4697/4697 2231/4780/4780 2223/4781/4781
f 2224/4697/4697 2223/4781/4781 2212/4696/4696
f 2212/4696/4696 2223/4781/4781 2211/4782/4782
f 2212/4696/4696 2211/4782/4782 2204/4695/4695
f 2204/4695/4695 2211/4782/4782 2203/4783/4783
f 2204/4695/4695 2203/4783/4783 2196/4694/4694
f 2196/4694/4694 2203/4783/4783 2195/4784/4784
f 2196/4694/4694 2195/4784/4784 2184/4693/4693
f 2184/4693/4693 2195/4784/4784 2183/4785/4785
f 2184/4693/4693 2183/4785/4785 2166/4692/4692
f 2166/4692/4692 2183/4785/4785 2165/4786/4786
f 2166/4692/4692 2165/4786/4786 2162/4691/4691
f 2162/4691/4691 2165/4786/4786 2161/4787/4787
f 2162/4691/4691 2161/4787/4787 2158/4690/4690
f 2158/4690/4690 2161/4787/4787 2157/4788/4788
f 2158/4690/4690 2157/4788/4788 2154/4689/4689
f 2154/4689/4689 2157/4788/4788 2153/4789/4789
f 2154/4689/4689 2153/4789/4789 2150/4688/4688
f 2150/4688/4688 2153/4789/4789 2149/4790/4790
f 2150/4688/4688 2149/4790/4790 2146/4687/4687
f 2146/4687/4687 2149/4790/4790 2145/4791/4791
f 2146/4687/4687 2145/4791/4791 2142/4686/4686
f 2142/4686/4686 2145/4791/4791 2141/4792/4792
f 2142/4848/4848 2138/4795/4795 2168/4849/4849
f 2168/4849/4849 2138/4795/4795 2140/4796/4796
f 2168/4849/4849 2140/4796/4796 2170/4892/4892
f 2170/4892/4892 2140/4796/4796 2144/4797/4797
f 2170/4892/4892 2144/4797/4797 2174/4891/4891
f 2174/4891/4891 2144/4797/4797 2148/4798/4798
f 2174/4891/4891 2148/4798/4798 2178/4890/4890
f 2178/4890/4890 2148/4798/4798 2152/4799/4799
f 2178/4890/4890 2152/4799/4799 2186/4889/4889
f 2186/4889/4889 2152/4799/4799 2156/4800/4800
f 2186/4889/4889 2156/4800/4800 2160/4801/4801
f 2186/4889/4889 2160/4801/4801 2190/4888/4888
f 2190/4888/4888 2160/4801/4801 2164/4802/4802
f 2190/4888/4888 2164/4802/4802 2198/4887/4887
f 2198/4887/4887 2164/4802/4802 2182/4803/4803
f 2198/4887/4887 2182/4803/4803 2206/4886/4886
f 2206/4886/4886 2182/4803/4803 2194/4804/4804
f 2206/4886/4886 2194/4804/4804 2214/4885/4885
f 2214/4885/4885 2194/4804/4804 2202/4805/4805
f 2214/4885/4885 2202/4805/4805 2218/4884/4884
f 2218/4884/4884 2202/4805/4805 2210/4806/4806
f 2218/4884/4884 2210/4806/4806 2222/4807/4807
f 2218/4884/4884 2222/4807/4807 2226/4883/4883
f 2226/4883/4883 2222/4807/4807 2230/4808/4808
f 2226/4883/4883 2230/4808/4808 2234/4882/4882
f 2234/4882/4882 2230/4808/4808 2238/4809/4809
f 2234/4882/4882 2238/4809/4809 2242/4881/4881
f 2242/4881/4881 2238/4809/4809 2246/4810/4810
f 2242/4881/4881 2246/4810/4810 2250/4880/4880
f 2250/4880/4880 2246/4810/4810 2258/4811/4811
f 2250/4880/4880 2258/4811/4811 2266/4812/4812
f 2250/4880/4880 2266/4812/4812 2254/4879/4879
f 2254/4879/4879 2266/4812/4812 2274/4813/4813
f 2254/4879/4879 2274/4813/4813 2262/4878/4878
f 2262/4878/4878 2274/4813/4813 2286/4814/4814
f 2262/4878/4878 2286/4814/4814 2270/4877/4877
f 2270/4877/4877 2286/4814/4814 2304/4815/4815
f 2270/4877/4877 2304/4815/4815 2278/4876/4876
f 2278/4876/4876 2304/4815/4815 2308/4816/4816
f 2278/4876/4876 2308/4816/4816 2282/4875/4875
f 2282/4875/4875 2308/4816/4816 2312/4817/4817
f 2282/4875/4875 2312/4817/4817 2316/4818/4818
f 2282/4875/4875 2316/4818/4818 2290/4874/4874
f 2290/4874/4874 2316/4818/4818 2320/4819/4819
f 2290/4874/4874 2320/4819/4819 2294/4873/4873
f 2294/4873/4873 2320/4819/4819 2324/4820/4820
f 2294/4873/4873 2324/4820/4820 2298/4872/4872
f 2298/4872/4872 2324/4820/4820 2328/4821/4821
f 2298/4872/4872 2328/4821/4821 2302/4871/4871
f 2302/4871/4871 2328/4821/4821 2332/4822/4822
f 2302/4871/4871 2332/4822/4822 2330/4823/4823
f 2302/4871/4871 2330/4823/4823 2300/4870/4870
f 2300/4870/4870 2330/4823/4823 2326/4824/4824
f 2300/4870/4870 2326/4824/4824 2296/4869/4869
f 2296/4869/4869 2326/4824/4824 2322/4825/4825
f 2296/4869/4869 2322/4825/4825 2292/4868/4868
f 2292/4868/4868 2322/4825/4825 2318/4826/4826
f 2292/4868/4868 2318/4826/4826 2284/4867/4867
f 2284/4867/4867 2318/4826/4826 2314/4827/4827
f 2284/4867/4867 2314/4827/4827 2310/4828/4828
f 2284/4867/4867 2310/4828/4828 2280/4866/4866
f 2280/4866/4866 2310/4828/4828 2306/4829/4829
f 2280/4866/4866 2306/4829/4829 2272/4865/4865
f 2272/4865/4865 2306/4829/4829 2288/4830/4830
f 2272/4865/4865 2288/4830/4830 2264/4864/4864
f 2264/4864/4864 2288/4830/4830 2276/4831/4831
f 2264/4864/4864 2276/4831/4831 2256/4863/4863
f 2256/4863/4863 2276/4831/4831 2268/4832/4832
f 2256/4863/4863 2268/4832/4832 2252/4862/4862
f 2252/4862/4862 2268/4832/4832 2260/4833/4833
f 2252/4862/4862 2260/4833/4833 2248/4834/4834
f 2252/4862/4862 2248/4834/4834 2244/4861/4861
f 2244/4861/4861 2248/4834/4834 2240/4835/4835
f 2244/4861/4861 2240/4835/4835 2236/4860/4860
f 2236/4860/4860 2240/4835/4835 2232/4836/4836
f 2236/4860/4860 2232/4836/4836 2228/4859/4859
f 2228/4859/4859 2232/4836/4836 2224/4837/4837
f 2228/4859/4859 2224/4837/4837 2220/4858/4858
f 2220/4858/4858 2224/4837/4837 2212/4838/4838
f 2220/4858/4858 2212/4838/4838 2204/4839/4839
f 2220/4858/4858 2204/4839/4839 2216/4857/4857
f 2216/4857/4857 2204/4839/4839 2196/4840/4840
f 2216/4857/4857 2196/4840/4840 2208/4856/4856
f 2208/4856/4856 2196/4840/4840 2184/4841/4841
f 2208/4856/4856 2184/4841/4841 2200/4855/4855
f 2200/4855/4855 2184/4841/4841 2166/4842/4842
f 2200/4855/4855 2166/4842/4842 2192/4854/4854
f 2192/4854/4854 2166/4842/4842 2162/4843/4843
f 2192/4854/4854 2162/4843/4843 2188/4853/4853
f 2188/4853/4853 2162/4843/4843 2158/4844/4844
f 2188/4853/4853 2158/4844/4844 2154/4845/4845
f 2188/4853/4853 2154/4845/4845 2180/4852/4852
f 2180/4852/4852 2154/4845/4845 2150/4846/4846
f 2180/4852/4852 2150/4846/4846 2176/4851/4851
f 2176/4851/4851 2150/4846/4846 2146/4847/4847
f 2176/4851/4851 2146/4847/4847 2172/4850/4850
f 2172/4850/4850 2146/4847/4847 2142/4848/4848
f 2172/4850/4850 2142/4848/4848 2168/4849/4849
f 2139/4946/4946 2137/4893/4893 2167/4947/4947
f 2167/4947/4947 2137/4893/4893 2141/4894/4894
f 2167/4947/4947 2141/4894/4894 2171/4990/4990
f 2171/4990/4990 2141/4894/4894 2145/4895/4895
f 2171/4990/4990 2145/4895/4895 2175/4989/4989
f 2175/4989/4989 2145/4895/4895 2149/4896/4896
f 2175/4989/4989 2149/4896/4896 2179/4988/4988
f 2179/4988/4988 2149/4896/4896 2153/4897/4897
f 2179/4988/4988 2153/4897/4897 2187/4987/4987
f 2187/4987/4987 2153/4897/4897 2157/4898/4898
f 2187/4987/4987 2157/4898/4898 2161/4899/4899
f 2187/4987/4987 2161/4899/4899 2191/4986/4986
f 2191/4986/4986 2161/4899/4899 2165/4900/4900
f 2191/4986/4986 2165/4900/4900 2199/4985/4985
f 2199/4985/4985 2165/4900/4900 2183/4901/4901
f 2199/4985/4985 2183/4901/4901 2207/4984/4984
f 2207/4984/4984 2183/4901/4901 2195/4902/4902
f 2207/4984/4984 2195/4902/4902 2215/4983/4983
f 2215/4983/4983 2195/4902/4902 2203/4903/4903
f 2215/4983/4983 2203/4903/4903 2219/4982/4982
f 2219/4982/4982 2203/4903/4903 2211/4904/4904
f 2219/4982/4982 2211/4904/4904 2223/4905/4905
f 2219/4982/4982 2223/4905/4905 2227/4981/4981
f 2227/4981/4981 2223/4905/4905 2231/4906/4906
f 2227/4981/4981 2231/4906/4906 2235/4980/4980
f 2235/4980/4980 2231/4906/4906 2239/4907/4907
f 2235/4980/4980 2239/4907/4907 2243/4979/4979
f 2243/4979/4979 2239/4907/4907 2247/4908/4908
f 2243/4979/4979 2247/4908/4908 2251/4978/4978
f 2251/4978/4978 2247/4908/4908 2259/4909/4909
f 2251/4978/4978 2259/4909/4909 2267/4910/4910
f 2251/4978/4978 2267/4910/4910 2255/4977/4977
f 2255/4977/4977 2267/4910/4910 2275/4911/4911
f 2255/4977/4977 2275/4911/4911 2263/4976/4976
f 2263/4976/4976 2275/4911/4911 2287/4912/4912
f 2263/4976/4976 2287/4912/4912 2271/4975/4975
f 2271/4975/4975 2287/4912/4912 2305/4913/4913
f 2271/4975/4975 2305/4913/4913 2279/4974/4974
f 2279/4974/4974 2305/4913/4913 2309/4914/4914
f 2279/4974/4974 2309/4914/4914 2283/4973/4973
f 2283/4973/4973 2309/4914/4914 2313/4915/4915
f 2283/4973/4973 2313/4915/4915 2317/4916/4916
f 2283/4973/4973 2317/4916/4916 2291/4972/4972
f 2291/4972/4972 2317/4916/4916 2321/4917/4917
f 2291/4972/4972 2321/4917/4917 2295/4971/4971
f 2295/4971/4971 2321/4917/4917 2325/4918/4918
f 2295/4971/4971 2325/4918/4918 2299/4970/4970
f 2299/4970/4970 2325/4918/4918 2329/4919/4919
f 2299/4970/4970 2329/4919/4919 2301/4969/4969
f 2301/4969/4969 2329/4919/4919 2331/4920/4920
f 2301/4969/4969 2331/4920/4920 2327/4921/4921
f 2301/4969/4969 2327/4921/4921 2297/4968/4968
f 2297/4968/4968 2327/4921/4921 2323/4922/4922
f 2297/4968/4968 2323/4922/4922 2293/4967/4967
f 2293/4967/4967 2323/4922/4922 2319/4923/4923
f 2293/4967/4967 2319/4923/4923 2289/4966/4966
f 2289/4966/4966 2319/4923/4923 2315/4924/4924
f 2289/4966/4966 2315/4924/4924 2281/4965/4965
f 2281/4965/4965 2315/4924/4924 2311/4925/4925
f 2281/4965/4965 2311/4925/4925 2307/4926/4926
f 2281/4965/4965 2307/4926/4926 2277/4964/4964
f 2277/4964/4964 2307/4926/4926 2303/4927/4927
f 2277/4964/4964 2303/4927/4927 2269/4963/4963
f 2269/4963/4963 2303/4927/4927 2285/4928/4928
f 2269/4963/4963 2285/4928/4928 2261/4962/4962
f 2261/4962/4962 2285/4928/4928 2273/4929/4929
f 2261/4962/4962 2273/4929/4929 2253/4961/4961
f 2253/4961/4961 2273/4929/4929 2265/4930/4930
f 2253/4961/4961 2265/4930/4930 2249/4960/4960
f 2249/4960/4960 2265/4930/4930 2257/4931/4931
f 2249/4960/4960 2257/4931/4931 2245/4932/4932
f 2249/4960/4960 2245/4932/4932 2241/4959/4959
f 2241/4959/4959 2245/4932/4932 2237/4933/4933
f 2241/4959/4959 2237/4933/4933 2233/4958/4958
f 2233/4958/4958 2237/4933/4933 2229/4934/4934
f 2233/4958/4958 2229/4934/4934 2225/4957/4957
f 2225/4957/4957 2229/4934/4934 2221/4935/4935
f 2225/4957/4957 2221/4935/4935 2217/4956/4956
f 2217/4956/4956 2221/4935/4935 2209/4936/4936
f 2217/4956/4956 2209/4936/4936 2201/4937/4937
f 2217/4956/4956 2201/4937/4937 2213/4955/4955
f 2213/4955/4955 2201/4937/4937 2193/4938/4938
f 2213/4955/4955 2193/4938/4938 2205/4954/4954
f 2205/4954/4954 2193/4938/4938 2181/4939/4939
f 2205/4954/4954 2181/4939/4939 2197/4953/4953
f 2197/4953/4953 2181/4939/4939 2163/4940/4940
f 2197/4953/4953 2163/4940/4940 2189/4952/4952
f 2189/4952/4952 2163/4940/4940 2159/4941/4941
f 2189/4952/4952 2159/4941/4941 2185/4951/4951
f 2185/4951/4951 2159/4941/4941 2155/4942/4942
f 2185/4951/4951 2155/4942/4942 2151/4943/4943
f 2185/4951/4951 2151/4943/4943 2177/4950/4950
f 2177/4950/4950 2151/4943/4943 2147/4944/4944
f 2177/4950/4950 2147/4944/4944 2173/4949/4949
f 2173/4949/4949 2147/4944/4944 2143/4945/4945
f 2173/4949/4949 2143/4945/4945 2169/4948/4948
f 2169/4948/4948 2143/4945/4945 2139/4946/4946
f 2169/4948/4948 2139/4946/4946 2167/4947/4947
g Solid25

v 0.541339 -0.272039 -0.000000
v 0.541339 -0.272039 0.059055
v 0.533889 -0.272443 -0.000000
v 0.533889 -0.272443 0.059055
v 0.548788 -0.272443 -0.000000
v 0.548788 -0.272443 0.059055
v 0.526528 -0.273650 -0.000000
v 0.526528 -0.273650 0.059055
v 0.556150 -0.273650 -0.000000
v 0.556150 -0.273650 0.059055
v 0.519339 -0.275645 -0.000000
v 0.519339 -0.275645 0.059055
v 0.563338 -0.275645 -0.000000
v 0.563338 -0.275645 0.059055
v 0.512409 -0.278407 -0.000000
v 0.512409 -0.278407 0.059055
v 0.570268 -0.278407 -0.000000
v 0.570268 -0.278407 0.059055
v 0.505818 -0.281901 -0.000000
v 0.505818 -0.281901 0.059055
v 0.541339 -0.281881 -0.000000
v 0.541339 -0.281881 0.059055
v 0.576859 -0.281901 -0.000000
v 0.576859 -0.281901 0.059055
v 0.534483 -0.282281 -0.000000
v 0.534483 -0.282281 0.059055
v 0.548194 -0.282281 -0.000000
v 0.548194 -0.282281 0.059055
v 0.527720 -0.283473 -0.000000
v 0.527720 -0.283473 0.059055
v 0.554958 -0.283473 -0.000000
v 0.554958 -0.283473 0.059055
v 0.521141 -0.285443 -0.000000
v 0.521141 -0.285443 0.059055
v 0.561537 -0.285443 -0.000000
v 0.561537 -0.285443 0.059055
v 0.499644 -0.286088 -0.000000
v 0.499644 -0.286088 0.059055
v 0.583034 -0.286088 -0.000000
v 0.583034 -0.286088 0.059055
v 0.514835 -0.288163 -0.000000
v 0.514835 -0.288163 0.059055
v 0.567842 -0.288163 -0.000000
v 0.567842 -0.288163 0.059055
v 0.493958 -0.290917 -0.000000
v 0.493958 -0.290917 0.059055
v 0.588719 -0.290917 -0.000000
v 0.588719 -0.290917 0.059055
v 0.508887 -0.291597 -0.000000
v 0.508887 -0.291597 0.059055
v 0.573790 -0.291597 -0.000000
v 0.573790 -0.291597 0.059055
v 0.503379 -0.295698 -0.000000
v 0.503379 -0.295698 0.059055
v 0.579298 -0.295698 -0.000000
v 0.579298 -0.295698 0.059055
v 0.488827 -0.296333 -0.000000
v 0.488827 -0.296333 0.059055
v 0.593850 -0.296333 -0.000000
v 0.593850 -0.296333 0.059055
v 0.498383 -0.300410 -0.000000
v 0.498383 -0.300410 0.059055
v 0.584294 -0.300410 -0.000000
v 0.584294 -0.300410 0.059055
v 0.484313 -0.302272 -0.000000
v 0.484313 -0.302272 0.059055
v 0.598364 -0.302272 -0.000000
v 0.598364 -0.302272 0.059055
v 0.493969 -0.305671 -0.000000
v 0.493969 -0.305671 0.059055
v 0.588708 -0.305671 -0.000000
v 0.588708 -0.305671 0.059055
v 0.480467 -0.308664 -0.000000
v 0.480467 -0.308664 0.059055
v 0.602210 -0.308664 -0.000000
v 0.602210 -0.308664 0.059055
v 0.490195 -0.311409 -0.000000
v 0.490195 -0.311409 0.059055
v 0.592482 -0.311409 -0.000000
v 0.592482 -0.311409 0.059055
v 0.477334 -0.315435 -0.000000
v 0.477334 -0.315435 0.059055
v 0.605343 -0.315435 -0.000000
v 0.605343 -0.315435 0.059055
v 0.487113 -0.317546 -0.000000
v 0.487113 -0.317546 0.059055
v 0.595564 -0.317546 -0.000000
v 0.595564 -0.317546 0.059055
v 0.474952 -0.322504 -0.000000
v 0.474952 -0.322504 0.059055
v 0.607725 -0.322504 -0.000000
v 0.607725 -0.322504 0.059055
v 0.484764 -0.323999 -0.000000
v 0.484764 -0.323999 0.059055
v 0.597913 -0.323999 -0.000000
v 0.597913 -0.323999 0.059055
v 0.473349 -0.329790 -0.000000
v 0.473349 -0.329790 0.059055
v 0.609329 -0.329790 -0.000000
v 0.609329 -0.329790 0.059055
v 0.483181 -0.330682 -0.000000
v 0.483181 -0.330682 0.059055
v 0.599497 -0.330682 -0.000000
v 0.599497 -0.330682 0.059055
v 0.472542 -0.337206 -0.000000
v 0.472542 -0.337206 0.059055
v 0.610135 -0.337206 -0.000000
v 0.610135 -0.337206 0.059055
v 0.482383 -0.337503 -0.000000
v 0.482383 -0.337503 0.059055
v 0.600294 -0.337503 -0.000000
v 0.600294 -0.337503 0.059055
v 0.482383 -0.344370 -0.000000
v 0.482383 -0.344370 0.059055
v 0.600294 -0.344370 -0.000000
v 0.600294 -0.344370 0.059055
v 0.472542 -0.344667 -0.000000
v 0.472542 -0.344667 0.059055
v 0.610135 -0.344667 -0.000000
v 0.610135 -0.344667 0.059055
v 0.483181 -0.351191 -0.000000
v 0.483181 -0.351191 0.059055
v 0.599497 -0.351191 -0.000000
v 0.599497 -0.351191 0.059055
v 0.473349 -0.352083 -0.000000
v 0.473349 -0.352083 0.059055
v 0.609329 -0.352083 -0.000000
v 0.609329 -0.352083 0.059055
v 0.484764 -0.357874 -0.000000
v 0.484764 -0.357874 0.059055
v 0.597913 -0.357874 -0.000000
v 0.597913 -0.357874 0.059055
v 0.474952 -0.359369 -0.000000
v 0.474952 -0.359369 0.059055
v 0.607725 -0.359369 -0.000000
v 0.607725 -0.359369 0.059055
v 0.487113 -0.364327 -0.000000
v 0.487113 -0.364327 0.059055
v 0.595564 -0.364327 -0.000000
v 0.595564 -0.364327 0.059055
v 0.477334 -0.366438 -0.000000
v 0.477334 -0.366438 0.059055
v 0.605343 -0.366438 -0.000000
v 0.605343 -0.366438 0.059055
v 0.490195 -0.370464 -0.000000
v 0.490195 -0.370464 0.059055
v 0.592482 -0.370464 -0.000000
v 0.592482 -0.370464 0.059055
v 0.480467 -0.373209 -0.000000
v 0.480467 -0.373209 0.059055
v 0.602210 -0.373209 -0.000000
v 0.602210 -0.373209 0.059055
v 0.493969 -0.376202 -0.000000
v 0.493969 -0.376202 0.059055
v 0.588708 -0.376202 -0.000000
v 0.588708 -0.376202 0.059055
v 0.484313 -0.379601 -0.000000
v 0.484313 -0.379601 0.059055
v 0.598364 -0.379601 -0.000000
v 0.598364 -0.379601 0.059055
v 0.498383 -0.381463 -0.000000
v 0.498383 -0.381463 0.059055
v 0.584294 -0.381463 -0.000000
v 0.584294 -0.381463 0.059055
v 0.488827 -0.385540 -0.000000
v 0.488827 -0.385540 0.059055
v 0.593850 -0.385540 -0.000000
v 0.593850 -0.385540 0.059055
v 0.503379 -0.386175 -0.000000
v 0.503379 -0.386175 0.059055
v 0.579298 -0.386175 -0.000000
v 0.579298 -0.386175 0.059055
v 0.508887 -0.390276 -0.000000
v 0.508887 -0.390276 0.059055
v 0.573790 -0.390276 -0.000000
v 0.573790 -0.390276 0.059055
v 0.493958 -0.390956 -0.000000
v 0.493958 -0.390956 0.059055
v 0.588719 -0.390956 -0.000000
v 0.588719 -0.390956 0.059055
v 0.514835 -0.393710 -0.000000
v 0.514835 -0.393710 0.059055
v 0.567842 -0.393710 -0.000000
v 0.567842 -0.393710 0.059055
v 0.499644 -0.395785 -0.000000
v 0.499644 -0.395785 0.059055
v 0.583034 -0.395785 -0.000000
v 0.583034 -0.395785 0.059055
v 0.521141 -0.396430 -0.000000
v 0.521141 -0.396430 0.059055
v 0.561537 -0.396430 -0.000000
v 0.561537 -0.396430 0.059055
v 0.527720 -0.398400 -0.000000
v 0.527720 -0.398400 0.059055
v 0.554958 -0.398400 -0.000000
v 0.554958 -0.398400 0.059055
v 0.534483 -0.399592 -0.000000
v 0.534483 -0.399592 0.059055
v 0.548194 -0.399592 -0.000000
v 0.548194 -0.399592 0.059055
v 0.505818 -0.399972 -0.000000
v 0.505818 -0.399972 0.059055
v 0.576859 -0.399972 -0.000000
v 0.576859 -0.399972 0.059055
v 0.541339 -0.399992 -0.000000
v 0.541339 -0.399992 0.059055
v 0.512409 -0.403466 -0.000000
v 0.512409 -0.403466 0.059055
v 0.570268 -0.403466 -0.000000
v 0.570268 -0.403466 0.059055
v 0.519339 -0.406228 -0.000000
v 0.519339 -0.406228 0.059055
v 0.563338 -0.406228 -0.000000
v 0.563338 -0.406228 0.059055
v 0.526528 -0.408223 -0.000000
v 0.526528 -0.408223 0.059055
v 0.556150 -0.408223 -0.000000
v 0.556150 -0.408223 0.059055
v 0.533889 -0.409430 -0.000000
v 0.533889 -0.409430 0.059055
v 0.548788 -0.409430 -0.000000
v 0.548788 -0.409430 0.059055
v 0.541339 -0.409834 -0.000000
v 0.541339 -0.409834 0.059055
vt 0.000000 0.471239 0.000000
vt 0.000000 0.453786 0.000000
vt 0.000000 0.436332 0.000000
vt 0.000000 0.418879 0.000000
vt 0.000000 0.401426 0.000000
vt 0.000000 0.383972 0.000000
vt 0.000000 0.366519 0.000000
vt 0.000000 0.349066 0.000000
vt 0.000000 0.331613 0.000000
vt 0.000000 0.314159 0.000000
vt 0.000000 0.296706 0.000000
vt 0.000000 0.279253 0.000000
vt 0.000000 0.261799 0.000000
vt 0.000000 0.244346 0.000000
vt 0.000000 0.226893 0.000000
vt 0.000000 0.209440 0.000000
vt 0.000000 0.191986 0.000000
vt 0.000000 0.174533 0.000000
vt 0.000000 0.157080 0.000000
vt 0.000000 0.139626 0.000000
vt 0.000000 0.122173 0.000000
vt 0.000000 0.104720 0.000000
vt 0.000000 0.087266 0.000000
vt 0.000000 0.069813 0.000000
vt 0.000000 0.052360 0.000000
vt 0.000000 0.034907 0.000000
vt 0.000000 0.017453 0.000000
vt 0.000000 0.000000 0.000000
vt 0.000000 -0.017453 0.000000
vt 0.000000 -0.034907 0.000000
vt 0.000000 -0.052360 0.000000
vt 0.000000 -0.069813 0.000000
vt 0.000000 -0.087266 0.000000
vt 0.000000 -0.104720 0.000000
vt 0.000000 -0.122173 0.000000
vt 0.000000 -0.139626 0.000000
vt 0.000000 -0.157080 0.000000
vt 0.000000 -0.174533 0.000000
vt 0.000000 -0.191986 0.000000
vt 0.000000 -0.209440 0.000000
vt 0.000000 -0.226893 0.000000
vt 0.000000 -0.244346 0.000000
vt 0.000000 -0.261799 0.000000
vt 0.000000 -0.279253 0.000000
vt 0.000000 -0.296706 0.000000
vt 0.000000 -0.314159 0.000000
vt 0.000000 -0.331613 0.000000
vt 0.000000 -0.349066 0.000000
vt 0.000000 -0.366519 0.000000
vt 0.000000 -0.383972 0.000000
vt 0.000000 -0.401426 0.000000
vt 0.000000 -0.418879 0.000000
vt 0.000000 -0.436332 0.000000
vt 0.000000 -0.453786 0.000000
vt 0.150000 -0.471239 0.000000
vt 0.150000 -0.453786 0.000000
vt 0.150000 -0.436332 0.000000
vt 0.150000 -0.418879 0.000000
vt 0.150000 -0.401426 0.000000
vt 0.150000 -0.383972 0.000000
vt 0.150000 -0.366519 0.000000
vt 0.150000 -0.349066 0.000000
vt 0.150000 -0.331613 0.000000
vt 0.150000 -0.314159 0.000000
vt 0.150000 -0.296706 0.000000
vt 0.150000 -0.279253 0.000000
vt 0.150000 -0.261799 0.000000
vt 0.150000 -0.244346 0.000000
vt 0.150000 -0.226893 0.000000
vt 0.150000 -0.209440 0.000000
vt 0.150000 -0.191986 0.000000
vt 0.150000 -0.174533 0.000000
vt 0.150000 -0.157080 0.000000
vt 0.150000 -0.139626 0.000000
vt 0.150000 -0.122173 0.000000
vt 0.150000 -0.104720 0.000000
vt 0.150000 -0.087266 0.000000
vt 0.150000 -0.069813 0.000000
vt 0.150000 -0.052360 0.000000
vt 0.150000 -0.034907 0.000000
vt 0.150000 -0.017453 0.000000
vt 0.150000 0.000000 0.000000
vt 0.150000 0.017453 0.000000
vt 0.150000 0.034907 0.000000
vt 0.150000 0.052360 0.000000
vt 0.150000 0.069813 0.000000
vt 0.150000 0.087266 0.000000
vt 0.150000 0.104720 0.000000
vt 0.150000 0.122173 0.000000
vt 0.150000 0.139626 0.000000
vt 0.150000 0.157080 0.000000
vt 0.150000 0.174533 0.000000
vt 0.150000 0.191986 0.000000
vt 0.150000 0.209440 0.000000
vt 0.150000 0.226893 0.000000
vt 0.150000 0.244346 0.000000
vt 0.150000 0.261799 0.000000
vt 0.150000 0.279253 0.000000
vt 0.150000 0.296706 0.000000
vt 0.150000 0.314159 0.000000
vt 0.150000 0.331613 0.000000
vt 0.150000 0.349066 0.000000
vt 0.150000 0.366519 0.000000
vt 0.150000 0.383972 0.000000
vt 0.150000 0.401426 0.000000
vt 0.150000 0.418879 0.000000
vt 0.150000 0.436332 0.000000
vt 0.150000 0.453786 0.000000
vt 0.150000 0.471239 0.000000
vt 0.000000 -0.471239 0.000000
vt -0.000000 -0.549779 0.000000
vt -0.000000 -0.530821 0.000000
vt -0.000000 -0.511863 0.000000
vt -0.000000 -0.492905 0.000000
vt -0.000000 -0.473947 0.000000
vt -0.000000 -0.454989 0.000000
vt -0.000000 -0.436031 0.000000
vt -0.000000 -0.417073 0.000000
vt -0.000000 -0.398116 0.000000
vt -0.000000 -0.379158 0.000000
vt -0.000000 -0.360200 0.000000
vt -0.000000 -0.341242 0.000000
vt -0.000000 -0.322284 0.000000
vt -0.000000 -0.303326 0.000000
vt -0.000000 -0.284368 0.000000
vt -0.000000 -0.265410 0.000000
vt -0.000000 -0.246453 0.000000
vt -0.000000 -0.227495 0.000000
vt -0.000000 -0.208537 0.000000
vt -0.000000 -0.189579 0.000000
vt -0.000000 -0.170621 0.000000
vt -0.000000 -0.151663 0.000000
vt -0.000000 -0.132705 0.000000
vt -0.000000 -0.113747 0.000000
vt -0.000000 -0.094789 0.000000
vt -0.000000 -0.075832 0.000000
vt -0.000000 -0.056874 0.000000
vt -0.000000 -0.037916 0.000000
vt -0.000000 -0.018958 0.000000
vt -0.000000 0.000000 0.000000
vt -0.000000 0.018958 0.000000
vt -0.000000 0.037916 0.000000
vt -0.000000 0.056874 0.000000
vt -0.000000 0.075832 0.000000
vt -0.000000 0.094789 0.000000
vt -0.000000 0.113747 0.000000
vt -0.000000 0.132705 0.000000
vt -0.000000 0.151663 0.000000
vt -0.000000 0.170621 0.000000
vt -0.000000 0.189579 0.000000
vt -0.000000 0.208537 0.000000
vt -0.000000 0.227495 0.000000
vt -0.000000 0.246453 0.000000
vt -0.000000 0.265410 0.000000
vt -0.000000 0.284368 0.000000
vt -0.000000 0.303326 0.000000
vt -0.000000 0.322284 0.000000
vt -0.000000 0.341242 0.000000
vt -0.000000 0.360200 0.000000
vt -0.000000 0.379158 0.000000
vt -0.000000 0.398116 0.000000
vt -0.000000 0.417073 0.000000
vt -0.000000 0.436031 0.000000
vt -0.000000 0.454989 0.000000
vt -0.000000 0.473947 0.000000
vt -0.000000 0.492905 0.000000
vt -0.000000 0.511863 0.000000
vt -0.000000 0.530821 0.000000
vt -0.150000 0.549779 0.000000
vt -0.150000 0.530821 0.000000
vt -0.150000 0.511863 0.000000
vt -0.150000 0.492905 0.000000
vt -0.150000 0.473947 0.000000
vt -0.150000 0.454989 0.000000
vt -0.150000 0.436031 0.000000
vt -0.150000 0.417073 0.000000
vt -0.150000 0.398116 0.000000
vt -0.150000 0.379158 0.000000
vt -0.150000 0.360200 0.000000
vt -0.150000 0.341242 0.000000
vt -0.150000 0.322284 0.000000
vt -0.150000 0.303326 0.000000
vt -0.150000 0.284368 0.000000
vt -0.150000 0.265410 0.000000
vt -0.150000 0.246453 0.000000
vt -0.150000 0.227495 0.000000
vt -0.150000 0.208537 0.000000
vt -0.150000 0.189579 0.000000
vt -0.150000 0.170621 0.000000
vt -0.150000 0.151663 0.000000
vt -0.150000 0.132705 0.000000
vt -0.150000 0.113747 0.000000
vt -0.150000 0.094789 0.000000
vt -0.150000 0.075832 0.000000
vt -0.150000 0.056874 0.000000
vt -0.150000 0.037916 0.000000
vt -0.150000 0.018958 0.000000
vt -0.150000 0.000000 0.000000
vt -0.150000 -0.018958 0.000000
vt -0.150000 -0.037916 0.000000
vt -0.150000 -0.056874 0.000000
vt -0.150000 -0.075832 0.000000
vt -0.150000 -0.094789 0.000000
vt -0.150000 -0.113747 0.000000
vt -0.150000 -0.132705 0.000000
vt -0.150000 -0.151663 0.000000
vt -0.150000 -0.170621 0.000000
vt -0.150000 -0.189579 0.000000
vt -0.150000 -0.208537 0.000000
vt -0.150000 -0.227495 0.000000
vt -0.150000 -0.246453 0.000000
vt -0.150000 -0.265410 0.000000
vt -0.150000 -0.284368 0.000000
vt -0.150000 -0.303326 0.000000
vt -0.150000 -0.322284 0.000000
vt -0.150000 -0.341242 0.000000
vt -0.150000 -0.360200 0.000000
vt -0.150000 -0.379158 0.000000
vt -0.150000 -0.398116 0.000000
vt -0.150000 -0.417073 0.000000
vt -0.150000 -0.436031 0.000000
vt -0.150000 -0.454989 0.000000
vt -0.150000 -0.473947 0.000000
vt -0.150000 -0.492905 0.000000
vt -0.150000 -0.511863 0.000000
vt -0.150000 -0.530821 0.000000
vt -0.150000 -0.549779 0.000000
vt -0.000000 0.549779 0.000000
vt -0.175000 0.000000 0.000000
vt -0.173974 -0.018921 0.000000
vt -0.170909 -0.037620 0.000000
vt -0.165839 -0.055878 0.000000
vt -0.158826 -0.073481 0.000000
vt -0.149950 -0.090222 0.000000
vt -0.139316 -0.105905 0.000000
vt -0.127049 -0.120347 0.000000
vt -0.113293 -0.133378 0.000000
vt -0.098208 -0.144846 0.000000
vt -0.081971 -0.154615 0.000000
vt -0.064774 -0.162571 0.000000
vt -0.046817 -0.168621 0.000000
vt -0.028312 -0.172695 0.000000
vt -0.009474 -0.174743 0.000000
vt 0.009474 -0.174743 0.000000
vt 0.028312 -0.172695 0.000000
vt 0.046817 -0.168621 0.000000
vt 0.064774 -0.162571 0.000000
vt 0.081971 -0.154615 0.000000
vt 0.098208 -0.144846 0.000000
vt 0.113293 -0.133378 0.000000
vt 0.127049 -0.120347 0.000000
vt 0.139316 -0.105905 0.000000
vt 0.149950 -0.090222 0.000000
vt 0.158826 -0.073481 0.000000
vt 0.165839 -0.055878 0.000000
vt 0.170909 -0.037620 0.000000
vt 0.173974 -0.018921 0.000000
vt 0.175000 0.000000 0.000000
vt 0.173974 0.018921 0.000000
vt 0.170909 0.037620 0.000000
vt 0.165839 0.055878 0.000000
vt 0.158826 0.073481 0.000000
vt 0.149950 0.090222 0.000000
vt 0.139316 0.105905 0.000000
vt 0.127049 0.120347 0.000000
vt 0.113293 0.133378 0.000000
vt 0.098208 0.144846 0.000000
vt 0.081971 0.154615 0.000000
vt 0.064774 0.162571 0.000000
vt 0.046817 0.168621 0.000000
vt 0.028312 0.172695 0.000000
vt 0.009474 0.174743 0.000000
vt -0.009474 0.174743 0.000000
vt -0.028312 0.172695 0.000000
vt -0.046817 0.168621 0.000000
vt -0.064774 0.162571 0.000000
vt -0.081971 0.154615 0.000000
vt -0.098208 0.144846 0.000000
vt -0.113293 0.133378 0.000000
vt -0.127049 0.120347 0.000000
vt -0.139316 0.105905 0.000000
vt -0.149950 0.090222 0.000000
vt -0.158826 0.073481 0.000000
vt -0.165839 0.055878 0.000000
vt -0.170909 0.037620 0.000000
vt -0.173974 0.018921 0.000000
vt -0.150000 0.000000 0.000000
vt -0.148986 0.017414 0.000000
vt -0.145957 0.034592 0.000000
vt -0.140954 0.051303 0.000000
vt -0.134045 0.067320 0.000000
vt -0.125323 0.082426 0.000000
vt -0.114907 0.096418 0.000000
vt -0.102936 0.109106 0.000000
vt -0.089574 0.120318 0.000000
vt -0.075000 0.129904 0.000000
vt -0.059412 0.137732 0.000000
vt -0.043020 0.143698 0.000000
vt -0.026047 0.147721 0.000000
vt -0.008722 0.149746 0.000000
vt 0.008722 0.149746 0.000000
vt 0.026047 0.147721 0.000000
vt 0.043020 0.143698 0.000000
vt 0.059412 0.137732 0.000000
vt 0.075000 0.129904 0.000000
vt 0.089574 0.120318 0.000000
vt 0.102936 0.109106 0.000000
vt 0.114907 0.096418 0.000000
vt 0.125323 0.082426 0.000000
vt 0.134045 0.067320 0.000000
vt 0.140954 0.051303 0.000000
vt 0.145957 0.034592 0.000000
vt 0.148986 0.017414 0.000000
vt 0.150000 0.000000 0.000000
vt 0.148986 -0.017414 0.000000
vt 0.145957 -0.034592 0.000000
vt 0.140954 -0.051303 0.000000
vt 0.134045 -0.067320 0.000000
vt 0.125323 -0.082426 0.000000
vt 0.114907 -0.096418 0.000000
vt 0.102936 -0.109106 0.000000
vt 0.089574 -0.120318 0.000000
vt 0.075000 -0.129904 0.000000
vt 0.059412 -0.137732 0.000000
vt 0.043020 -0.143698 0.000000
vt 0.026047 -0.147721 0.000000
vt 0.008722 -0.149746 0.000000
vt -0.008722 -0.149746 0.000000
vt -0.026047 -0.147721 0.000000
vt -0.043020 -0.143698 0.000000
vt -0.059412 -0.137732 0.000000
vt -0.075000 -0.129904 0.000000
vt -0.089574 -0.120318 0.000000
vt -0.102936 -0.109106 0.000000
vt -0.114907 -0.096418 0.000000
vt -0.125323 -0.082426 0.000000
vt -0.134045 -0.067320 0.000000
vt -0.140954 -0.051303 0.000000
vt -0.145957 -0.034592 0.000000
vt -0.148986 -0.017414 0.000000
vt -0.625000 0.587500 0.000000
vt -0.626026 0.606421 0.000000
vt -0.629091 0.625120 0.000000
vt -0.634161 0.643378 0.000000
vt -0.641174 0.660981 0.000000
vt -0.650050 0.677722 0.000000
vt -0.660684 0.693406 0.000000
vt -0.672951 0.707847 0.000000
vt -0.686707 0.720878 0.000000
vt -0.701792 0.732346 0.000000
vt -0.718029 0.742115 0.000000
vt -0.735226 0.750071 0.000000
vt -0.753183 0.756121 0.000000
vt -0.771688 0.760195 0.000000
vt -0.790526 0.762243 0.000000
vt -0.809474 0.762243 0.000000
vt -0.828312 0.760195 0.000000
vt -0.846817 0.756121 0.000000
vt -0.864774 0.750071 0.000000
vt -0.881971 0.742115 0.000000
vt -0.898208 0.732346 0.000000
vt -0.913293 0.720878 0.000000
vt -0.927049 0.707847 0.000000
vt -0.939316 0.693406 0.000000
vt -0.949950 0.677722 0.000000
vt -0.958826 0.660981 0.000000
vt -0.965839 0.643378 0.000000
vt -0.970909 0.625120 0.000000
vt -0.973974 0.606421 0.000000
vt -0.975000 0.587500 0.000000
vt -0.973974 0.568579 0.000000
vt -0.970909 0.549880 0.000000
vt -0.965839 0.531622 0.000000
vt -0.958826 0.514019 0.000000
vt -0.949950 0.497278 0.000000
vt -0.939316 0.481595 0.000000
vt -0.927049 0.467153 0.000000
vt -0.913293 0.454122 0.000000
vt -0.898208 0.442654 0.000000
vt -0.881971 0.432885 0.000000
vt -0.864774 0.424929 0.000000
vt -0.846817 0.418879 0.000000
vt -0.828312 0.414805 0.000000
vt -0.809474 0.412757 0.000000
vt -0.790526 0.412757 0.000000
vt -0.771688 0.414805 0.000000
vt -0.753183 0.418879 0.000000
vt -0.735226 0.424929 0.000000
vt -0.718029 0.432885 0.000000
vt -0.701792 0.442654 0.000000
vt -0.686707 0.454122 0.000000
vt -0.672951 0.467153 0.000000
vt -0.660684 0.481595 0.000000
vt -0.650050 0.497278 0.000000
vt -0.641174 0.514019 0.000000
vt -0.634161 0.531622 0.000000
vt -0.629091 0.549880 0.000000
vt -0.626026 0.568579 0.000000
vt -0.650000 0.587500 0.000000
vt -0.651014 0.570086 0.000000
vt -0.654043 0.552908 0.000000
vt -0.659046 0.536197 0.000000
vt -0.665955 0.520180 0.000000
vt -0.674677 0.505074 0.000000
vt -0.685093 0.491082 0.000000
vt -0.697064 0.478394 0.000000
vt -0.710426 0.467182 0.000000
vt -0.725000 0.457596 0.000000
vt -0.740588 0.449768 0.000000
vt -0.756980 0.443802 0.000000
vt -0.773953 0.439779 0.000000
vt -0.791278 0.437754 0.000000
vt -0.808722 0.437754 0.000000
vt -0.826047 0.439779 0.000000
vt -0.843021 0.443802 0.000000
vt -0.859412 0.449768 0.000000
vt -0.875000 0.457596 0.000000
vt -0.889574 0.467182 0.000000
vt -0.902936 0.478394 0.000000
vt -0.914907 0.491082 0.000000
vt -0.925323 0.505074 0.000000
vt -0.934045 0.520180 0.000000
vt -0.940954 0.536197 0.000000
vt -0.945957 0.552908 0.000000
vt -0.948986 0.570086 0.000000
vt -0.950000 0.587500 0.000000
vt -0.948986 0.604914 0.000000
vt -0.945957 0.622092 0.000000
vt -0.940954 0.638803 0.000000
vt -0.934045 0.654820 0.000000
vt -0.925323 0.669926 0.000000
vt -0.914907 0.683918 0.000000
vt -0.902936 0.696606 0.000000
vt -0.889574 0.707818 0.000000
vt -0.875000 0.717404 0.000000
vt -0.859412 0.725232 0.000000
vt -0.843021 0.731198 0.000000
vt -0.826047 0.735221 0.000000
vt -0.808722 0.737246 0.000000
vt -0.791278 0.737246 0.000000
vt -0.773953 0.735221 0.000000
vt -0.756980 0.731198 0.000000
vt -0.740588 0.725232 0.000000
vt -0.725000 0.717404 0.000000
vt -0.710426 0.707818 0.000000
vt -0.697064 0.696606 0.000000
vt -0.685093 0.683918 0.000000
vt -0.674677 0.669926 0.000000
vt -0.665955 0.654820 0.000000
vt -0.659046 0.638803 0.000000
vt -0.654043 0.622092 0.000000
vt -0.651014 0.604914 0.000000
vn 0.000000 -2.540000 0.000000
vn 0.294876 -2.522825 0.000000
vn 0.585764 -2.471534 0.000000
vn 0.868731 -2.386819 0.000000
vn 1.139950 -2.269827 0.000000
vn 1.395753 -2.122139 0.000000
vn 1.632681 -1.945753 0.000000
vn 1.847529 -1.743054 0.000000
vn 2.037393 -1.516783 0.000000
vn 2.199704 -1.270000 0.000000
vn 2.332269 -1.006043 0.000000
vn 2.433293 -0.728480 0.000000
vn 2.501412 -0.441066 0.000000
vn 2.535703 -0.147688 0.000000
vn 2.535703 0.147688 0.000000
vn 2.501412 0.441066 0.000000
vn 2.433293 0.728480 0.000000
vn 2.332269 1.006043 0.000000
vn 2.199704 1.270000 0.000000
vn 2.037393 1.516783 0.000000
vn 1.847529 1.743054 0.000000
vn 1.632681 1.945753 0.000000
vn 1.395753 2.122139 0.000000
vn 1.139950 2.269827 0.000000
vn 0.868731 2.386819 0.000000
vn 0.585764 2.471534 0.000000
vn 0.294876 2.522825 0.000000
vn 0.000000 2.540000 -0.000000
vn -0.294876 2.522825 -0.000000
vn -0.585764 2.471534 -0.000000
vn -0.868731 2.386819 -0.000000
vn -1.139950 2.269827 -0.000000
vn -1.395753 2.122139 -0.000000
vn -1.632681 1.945753 -0.000000
vn -1.847529 1.743054 -0.000000
vn -2.037393 1.516783 -0.000000
vn -2.199704 1.270000 -0.000000
vn -2.332269 1.006043 -0.000000
vn -2.433293 0.728480 -0.000000
vn -2.501412 0.441066 -0.000000
vn -2.535703 0.147688 -0.000000
vn -2.535703 -0.147688 -0.000000
vn -2.501412 -0.441066 -0.000000
vn -2.433293 -0.728480 -0.000000
vn -2.332269 -1.006043 -0.000000
vn -2.199704 -1.270000 -0.000000
vn -2.037393 -1.516783 -0.000000
vn -1.847529 -1.743054 -0.000000
vn -1.632681 -1.945753 -0.000000
vn -1.395753 -2.122139 -0.000000
vn -1.139950 -2.269827 -0.000000
vn -0.868731 -2.386819 -0.000000
vn -0.585764 -2.471534 -0.000000
vn -0.294876 -2.522825 -0.000000
vn 0.000000 -2.540000 0.000000
vn -0.294876 -2.522825 -0.000000
vn -0.585764 -2.471534 -0.000000
vn -0.868731 -2.386819 -0.000000
vn -1.139950 -2.269827 -0.000000
vn -1.395753 -2.122139 -0.000000
vn -1.632681 -1.945753 -0.000000
vn -1.847529 -1.743054 -0.000000
vn -2.037393 -1.516783 -0.000000
vn -2.199704 -1.270000 -0.000000
vn -2.332269 -1.006043 -0.000000
vn -2.433293 -0.728480 -0.000000
vn -2.501412 -0.441066 -0.000000
vn -2.535703 -0.147688 -0.000000
vn -2.535703 0.147688 -0.000000
vn -2.501412 0.441066 -0.000000
vn -2.433293 0.728480 -0.000000
vn -2.332269 1.006043 -0.000000
vn -2.199704 1.270000 -0.000000
vn -2.037393 1.516783 -0.000000
vn -1.847529 1.743054 -0.000000
vn -1.632681 1.945753 -0.000000
vn -1.395753 2.122139 -0.000000
vn -1.139950 2.269827 -0.000000
vn -0.868731 2.386819 -0.000000
vn -0.585764 2.471534 -0.000000
vn -0.294876 2.522825 -0.000000
vn 0.000000 2.540000 -0.000000
vn 0.294876 2.522825 0.000000
vn 0.585764 2.471534 0.000000
vn 0.868731 2.386819 0.000000
vn 1.139950 2.269827 0.000000
vn 1.395753 2.122139 0.000000
vn 1.632681 1.945753 0.000000
vn 1.847529 1.743054 0.000000
vn 2.037393 1.516783 0.000000
vn 2.199704 1.270000 0.000000
vn 2.332269 1.006043 0.000000
vn 2.433293 0.728480 0.000000
vn 2.501412 0.441066 0.000000
vn 2.535703 0.147688 0.000000
vn 2.535703 -0.147688 0.000000
vn 2.501412 -0.441066 0.000000
vn 2.433293 -0.728480 0.000000
vn 2.332269 -1.006043 0.000000
vn 2.199704 -1.270000 0.000000
vn 2.037393 -1.516783 0.000000
vn 1.847529 -1.743054 0.000000
vn 1.632681 -1.945753 0.000000
vn 1.395753 -2.122139 0.000000
vn 1.139950 -2.269827 0.000000
vn 0.868731 -2.386819 0.000000
vn 0.585764 -2.471534 0.000000
vn 0.294876 -2.522825 0.000000
vn 0.000000 -2.540000 0.000000
vn 0.000000 -2.540000 0.000000
vn 0.000000 2.540000 -0.000000
vn 0.274622 2.525110 0.000000
vn 0.546025 2.480616 0.000000
vn 0.811026 2.407039 0.000000
vn 1.066518 2.305242 0.000000
vn 1.309507 2.176417 0.000000
vn 1.537143 2.022076 0.000000
vn 1.746757 1.844029 0.000000
vn 1.935892 1.644361 0.000000
vn 2.102330 1.425415 0.000000
vn 2.244121 1.189757 0.000000
vn 2.359601 0.940151 0.000000
vn 2.447417 0.679522 0.000000
vn 2.506539 0.410926 0.000000
vn 2.536275 0.137513 0.000000
vn 2.536275 -0.137513 0.000000
vn 2.506539 -0.410926 0.000000
vn 2.447417 -0.679522 0.000000
vn 2.359601 -0.940151 0.000000
vn 2.244121 -1.189757 0.000000
vn 2.102330 -1.425415 0.000000
vn 1.935892 -1.644361 0.000000
vn 1.746757 -1.844029 0.000000
vn 1.537143 -2.022076 0.000000
vn 1.309507 -2.176417 0.000000
vn 1.066518 -2.305242 0.000000
vn 0.811026 -2.407039 0.000000
vn 0.546025 -2.480616 0.000000
vn 0.274622 -2.525110 0.000000
vn 0.000000 -2.540000 0.000000
vn -0.274622 -2.525110 -0.000000
vn -0.546025 -2.480616 -0.000000
vn -0.811026 -2.407039 -0.000000
vn -1.066518 -2.305242 -0.000000
vn -1.309507 -2.176417 -0.000000
vn -1.537143 -2.022076 -0.000000
vn -1.746757 -1.844029 -0.000000
vn -1.935892 -1.644361 -0.000000
vn -2.102330 -1.425415 -0.000000
vn -2.244121 -1.189757 -0.000000
vn -2.359601 -0.940151 -0.000000
vn -2.447417 -0.679522 -0.000000
vn -2.506539 -0.410926 -0.000000
vn -2.536275 -0.137513 -0.000000
vn -2.536275 0.137513 -0.000000
vn -2.506539 0.410926 -0.000000
vn -2.447417 0.679522 -0.000000
vn -2.359601 0.940151 -0.000000
vn -2.244121 1.189757 -0.000000
vn -2.102330 1.425415 -0.000000
vn -1.935892 1.644361 -0.000000
vn -1.746757 1.844029 -0.000000
vn -1.537143 2.022076 -0.000000
vn -1.309507 2.176417 -0.000000
vn -1.066518 2.305242 -0.000000
vn -0.811026 2.407039 -0.000000
vn -0.546025 2.480616 -0.000000
vn -0.274622 2.525110 -0.000000
vn 0.000000 2.540000 -0.000000
vn -0.274622 2.525110 -0.000000
vn -0.546025 2.480616 -0.000000
vn -0.811026 2.407039 -0.000000
vn -1.066518 2.305242 -0.000000
vn -1.309507 2.176417 -0.000000
vn -1.537143 2.022076 -0.000000
vn -1.746757 1.844029 -0.000000
vn -1.935892 1.644361 -0.000000
vn -2.102330 1.425415 -0.000000
vn -2.244121 1.189757 -0.000000
vn -2.359601 0.940151 -0.000000
vn -2.447417 0.679522 -0.000000
vn -2.506539 0.410926 -0.000000
vn -2.536275 0.137513 -0.000000
vn -2.536275 -0.137513 -0.000000
vn -2.506539 -0.410926 -0.000000
vn -2.447417 -0.679522 -0.000000
vn -2.359601 -0.940151 -0.000000
vn -2.244121 -1.189757 -0.000000
vn -2.102330 -1.425415 -0.000000
vn -1.935892 -1.644361 -0.000000
vn -1.746757 -1.844029 -0.000000
vn -1.537143 -2.022076 -0.000000
vn -1.309507 -2.176417 -0.000000
vn -1.066518 -2.305242 -0.000000
vn -0.811026 -2.407039 -0.000000
vn -0.546025 -2.480616 -0.000000
vn -0.274622 -2.525110 -0.000000
vn 0.000000 -2.540000 0.000000
vn 0.274622 -2.525110 0.000000
vn 0.546025 -2.480616 0.000000
vn 0.811026 -2.407039 0.000000
vn 1.066518 -2.305242 0.000000
vn 1.309507 -2.176417 0.000000
vn 1.537143 -2.022076 0.000000
vn 1.746757 -1.844029 0.000000
vn 1.935892 -1.644361 0.000000
vn 2.102330 -1.425415 0.000000
vn 2.244121 -1.189757 0.000000
vn 2.359601 -0.940151 0.000000
vn 2.447417 -0.679522 0.000000
vn 2.506539 -0.410926 0.000000
vn 2.536275 -0.137513 0.000000
vn 2.536275 0.137513 0.000000
vn 2.506539 0.410926 0.000000
vn 2.447417 0.679522 0.000000
vn 2.359601 0.940151 0.000000
vn 2.244121 1.189757 0.000000
vn 2.102330 1.425415 0.000000
vn 1.935892 1.644361 0.000000
vn 1.746757 1.844029 0.000000
vn 1.537143 2.022076 0.000000
vn 1.309507 2.176417 0.000000
vn 1.066518 2.305242 0.000000
vn 0.811026 2.407039 0.000000
vn 0.546025 2.480616 0.000000
vn 0.274622 2.525110 0.000000
vn 0.000000 2.540000 -0.000000
vn 0.000000 2.540000 -0.000000
vn -0.000000 0.000000 2.540000
vn -0.000000 0.000000 2.540000
vn -0.000000 0.000000 2.540000
vn -0.000000 0.000000 2.540000
vn -0.000000 0.000000 2.540000
vn -0.000000 0.000000 2.540000
vn -0.000000 0.000000 2.540000
vn -0.000000 0.000000 2.540000
vn -0.000000 0.000000 2.540000
vn -0.000000 0.000000 2.540000
vn -0.000000 0.000000 2.540000
vn -0.000000 0.000000 2.540000
vn -0.000000 0.000000 2.540000
vn -0.000000 0.000000 2.540000
vn -0.000000 0.000000 2.540000
vn -0.000000 0.000000 2.540000
vn -0.000000 0.000000 2.540000
vn -0.000000 0.000000 2.540000
vn -0.000000 0.000000 2.540000
vn -0.000000 0.000000 2.540000
vn -0.000000 0.000000 2.540000
vn -0.000000 0.000000 2.540000
vn -0.000000 0.000000 2.540000
vn -0.000000 0.000000 2.540000
vn -0.000000 0.000000 2.540000
vn -0.000000 0.000000 2.540000
vn -0.000000 0.000000 2.540000
vn -0.000000 0.000000 2.540000
vn -0.000000 0.000000 2.540000
vn -0.000000 0.000000 2.540000
vn -0.000000 0.000000 2.540000
vn -0.000000 0.000000 2.540000
vn -0.000000 0.000000 2.540000
vn -0.000000 0.000000 2.540000
vn -0.000000 0.000000 2.540000
vn -0.000000 0.000000 2.540000
vn -0.000000 0.000000 2.540000
vn -0.000000 0.000000 2.540000
vn -0.000000 0.000000 2.540000
vn -0.000000 0.000000 2.540000
vn -0.000000 0.000000 2.540000
vn -0.000000 0.000000 2.540000
vn -0.000000 0.000000 2.540000
vn -0.000000 0.000000 2.540000
vn -0.000000 0.000000 2.540000
vn -0.000000 0.000000 2.540000
vn -0.000000 0.000000 2.540000
vn -0.000000 0.000000 2.540000
vn -0.000000 0.000000 2.540000
vn -0.000000 0.000000 2.540000
vn -0.000000 0.000000 2.540000
vn -0.000000 0.000000 2.540000
vn -0.000000 0.000000 2.540000
vn -0.000000 0.000000 2.540000
vn -0.000000 0.000000 2.540000
vn -0.000000 0.000000 2.540000
vn -0.000000 0.000000 2.540000
vn -0.000000 0.000000 2.540000
vn -0.000000 0.000000 2.540000
vn -0.000000 0.000000 2.540000
vn -0.000000 0.000000 2.540000
vn -0.000000 0.000000 2.540000
vn -0.000000 0.000000 2.540000
vn -0.000000 0.000000 2.540000
vn -0.000000 0.000000 2.540000
vn -0.000000 0.000000 2.540000
vn -0.000000 0.000000 2.540000
vn -0.000000 0.000000 2.540000
vn -0.000000 0.000000 2.540000
vn -0.000000 0.000000 2.540000
vn -0.000000 0.000000 2.540000
vn -0.000000 0.000000 2.540000
vn -0.000000 0.000000 2.540000
vn -0.000000 0.000000 2.540000
vn -0.000000 0.000000 2.540000
vn -0.000000 0.000000 2.540000
vn -0.000000 0.000000 2.540000
vn -0.000000 0.000000 2.540000
vn -0.000000 0.000000 2.540000
vn -0.000000 0.000000 2.540000
vn -0.000000 0.000000 2.540000
vn -0.000000 0.000000 2.540000
vn -0.000000 0.000000 2.540000
vn -0.000000 0.000000 2.540000
vn -0.000000 0.000000 2.540000
vn -0.000000 0.000000 2.540000
vn -0.000000 0.000000 2.540000
vn -0.000000 0.000000 2.540000
vn -0.000000 0.000000 2.540000
vn -0.000000 0.000000 2.540000
vn -0.000000 0.000000 2.540000
vn -0.000000 0.000000 2.540000
vn -0.000000 0.000000 2.540000
vn -0.000000 0.000000 2.540000
vn -0.000000 0.000000 2.540000
vn -0.000000 0.000000 2.540000
vn -0.000000 0.000000 2.540000
vn -0.000000 0.000000 2.540000
vn -0.000000 0.000000 2.540000
vn -0.000000 0.000000 2.540000
vn -0.000000 0.000000 2.540000
vn -0.000000 0.000000 2.540000
vn -0.000000 0.000000 2.540000
vn -0.000000 0.000000 2.540000
vn -0.000000 0.000000 2.540000
vn -0.000000 0.000000 2.540000
vn -0.000000 0.000000 2.540000
vn -0.000000 0.000000 2.540000
vn -0.000000 0.000000 2.540000
vn -0.000000 0.000000 2.540000
vn -0.000000 0.000000 2.540000
vn -0.000000 0.000000 2.540000
vn 0.000000 -0.000000 -2.540000
vn 0.000000 -0.000000 -2.540000
vn 0.000000 -0.000000 -2.540000
vn 0.000000 -0.000000 -2.540000
vn 0.000000 -0.000000 -2.540000
vn 0.000000 -0.000000 -2.540000
vn 0.000000 -0.000000 -2.540000
vn 0.000000 -0.000000 -2.540000
vn 0.000000 -0.000000 -2.540000
vn 0.000000 -0.000000 -2.540000
vn 0.000000 -0.000000 -2.540000
vn 0.000000 -0.000000 -2.540000
vn 0.000000 -0.000000 -2.540000
vn 0.000000 -0.000000 -2.540000
vn 0.000000 -0.000000 -2.540000
vn 0.000000 -0.000000 -2.540000
vn 0.000000 -0.000000 -2.540000
vn 0.000000 -0.000000 -2.540000
vn 0.000000 -0.000000 -2.540000
vn 0.000000 -0.000000 -2.540000
vn 0.000000 -0.000000 -2.540000
vn 0.000000 -0.000000 -2.540000
vn 0.000000 -0.000000 -2.540000
vn 0.000000 -0.000000 -2.540000
vn 0.000000 -0.000000 -2.540000
vn 0.000000 -0.000000 -2.540000
vn 0.000000 -0.000000 -2.540000
vn 0.000000 -0.000000 -2.540000
vn 0.000000 -0.000000 -2.540000
vn 0.000000 -0.000000 -2.540000
vn 0.000000 -0.000000 -2.540000
vn 0.000000 -0.000000 -2.540000
vn 0.000000 -0.000000 -2.540000
vn 0.000000 -0.000000 -2.540000
vn 0.000000 -0.000000 -2.540000
vn 0.000000 -0.000000 -2.540000
vn 0.000000 -0.000000 -2.540000
vn 0.000000 -0.000000 -2.540000
vn 0.000000 -0.000000 -2.540000
vn 0.000000 -0.000000 -2.540000
vn 0.000000 -0.000000 -2.540000
vn 0.000000 -0.000000 -2.540000
vn 0.000000 -0.000000 -2.540000
vn 0.000000 -0.000000 -2.540000
vn 0.000000 -0.000000 -2.540000
vn 0.000000 -0.000000 -2.540000
vn 0.000000 -0.000000 -2.540000
vn 0.000000 -0.000000 -2.540000
vn 0.000000 -0.000000 -2.540000
vn 0.000000 -0.000000 -2.540000
vn 0.000000 -0.000000 -2.540000
vn 0.000000 -0.000000 -2.540000
vn 0.000000 -0.000000 -2.540000
vn 0.000000 -0.000000 -2.540000
vn 0.000000 -0.000000 -2.540000
vn 0.000000 -0.000000 -2.540000
vn 0.000000 -0.000000 -2.540000
vn 0.000000 -0.000000 -2.540000
vn 0.000000 -0.000000 -2.540000
vn 0.000000 -0.000000 -2.540000
vn 0.000000 -0.000000 -2.540000
vn 0.000000 -0.000000 -2.540000
vn 0.000000 -0.000000 -2.540000
vn 0.000000 -0.000000 -2.540000
vn 0.000000 -0.000000 -2.540000
vn 0.000000 -0.000000 -2.540000
vn 0.000000 -0.000000 -2.540000
vn 0.000000 -0.000000 -2.540000
vn 0.000000 -0.000000 -2.540000
vn 0.000000 -0.000000 -2.540000
vn 0.000000 -0.000000 -2.540000
vn 0.000000 -0.000000 -2.540000
vn 0.000000 -0.000000 -2.540000
vn 0.000000 -0.000000 -2.540000
vn 0.000000 -0.000000 -2.540000
vn 0.000000 -0.000000 -2.540000
vn 0.000000 -0.000000 -2.540000
vn 0.000000 -0.000000 -2.540000
vn 0.000000 -0.000000 -2.540000
vn 0.000000 -0.000000 -2.540000
vn 0.000000 -0.000000 -2.540000
vn 0.000000 -0.000000 -2.540000
vn 0.000000 -0.000000 -2.540000
vn 0.000000 -0.000000 -2.540000
vn 0.000000 -0.000000 -2.540000
vn 0.000000 -0.000000 -2.540000
vn 0.000000 -0.000000 -2.540000
vn 0.000000 -0.000000 -2.540000
vn 0.000000 -0.000000 -2.540000
vn 0.000000 -0.000000 -2.540000
vn 0.000000 -0.000000 -2.540000
vn 0.000000 -0.000000 -2.540000
vn 0.000000 -0.000000 -2.540000
vn 0.000000 -0.000000 -2.540000
vn 0.000000 -0.000000 -2.540000
vn 0.000000 -0.000000 -2.540000
vn 0.000000 -0.000000 -2.540000
vn 0.000000 -0.000000 -2.540000
vn 0.000000 -0.000000 -2.540000
vn 0.000000 -0.000000 -2.540000
vn 0.000000 -0.000000 -2.540000
vn 0.000000 -0.000000 -2.540000
vn 0.000000 -0.000000 -2.540000
vn 0.000000 -0.000000 -2.540000
vn 0.000000 -0.000000 -2.540000
vn 0.000000 -0.000000 -2.540000
vn 0.000000 -0.000000 -2.540000
vn 0.000000 -0.000000 -2.540000
vn 0.000000 -0.000000 -2.540000
vn 0.000000 -0.000000 -2.540000
vn 0.000000 -0.000000 -2.540000
vn 0.000000 -0.000000 -2.540000
f 2358/4992/4992 2357/5098/5098 2354/4991/4991
f 2354/4991/4991 2357/5098/5098 2353/5099/5099
f 2354/5100/5100 2353/5045/5045 2360/5044/5044
f 2360/5044/5044 2353/5045/5045 2359/5046/5046
f 2360/5044/5044 2359/5046/5046 2364/5043/5043
f 2364/5043/5043 2359/5046/5046 2363/5047/5047
f 2364/5043/5043 2363/5047/5047 2368/5042/5042
f 2368/5042/5042 2363/5047/5047 2367/5048/5048
f 2368/5042/5042 2367/5048/5048 2376/5041/5041
f 2376/5041/5041 2367/5048/5048 2375/5049/5049
f 2376/5041/5041 2375/5049/5049 2384/5040/5040
f 2384/5040/5040 2375/5049/5049 2383/5050/5050
f 2384/5040/5040 2383/5050/5050 2388/5039/5039
f 2388/5039/5039 2383/5050/5050 2387/5051/5051
f 2388/5039/5039 2387/5051/5051 2396/5038/5038
f 2396/5038/5038 2387/5051/5051 2395/5052/5052
f 2396/5038/5038 2395/5052/5052 2404/5037/5037
f 2404/5037/5037 2395/5052/5052 2403/5053/5053
f 2404/5037/5037 2403/5053/5053 2412/5036/5036
f 2412/5036/5036 2403/5053/5053 2411/5054/5054
f 2412/5036/5036 2411/5054/5054 2420/5035/5035
f 2420/5035/5035 2411/5054/5054 2419/5055/5055
f 2420/5035/5035 2419/5055/5055 2428/5034/5034
f 2428/5034/5034 2419/5055/5055 2427/5056/5056
f 2428/5034/5034 2427/5056/5056 2436/5033/5033
f 2436/5033/5033 2427/5056/5056 2435/5057/5057
f 2436/5033/5033 2435/5057/5057 2444/5032/5032
f 2444/5032/5032 2435/5057/5057 2443/5058/5058
f 2444/5032/5032 2443/5058/5058 2448/5031/5031
f 2448/5031/5031 2443/5058/5058 2447/5059/5059
f 2448/5031/5031 2447/5059/5059 2456/5030/5030
f 2456/5030/5030 2447/5059/5059 2455/5060/5060
f 2456/5030/5030 2455/5060/5060 2464/5029/5029
f 2464/5029/5029 2455/5060/5060 2463/5061/5061
f 2464/5029/5029 2463/5061/5061 2472/5028/5028
f 2472/5028/5028 2463/5061/5061 2471/5062/5062
f 2472/5028/5028 2471/5062/5062 2480/5027/5027
f 2480/5027/5027 2471/5062/5062 2479/5063/5063
f 2480/5027/5027 2479/5063/5063 2488/5026/5026
f 2488/5026/5026 2479/5063/5063 2487/5064/5064
f 2488/5026/5026 2487/5064/5064 2496/5025/5025
f 2496/5025/5025 2487/5064/5064 2495/5065/5065
f 2496/5025/5025 2495/5065/5065 2504/5024/5024
f 2504/5024/5024 2495/5065/5065 2503/5066/5066
f 2504/5024/5024 2503/5066/5066 2508/5023/5023
f 2508/5023/5023 2503/5066/5066 2507/5067/5067
f 2508/5023/5023 2507/5067/5067 2516/5022/5022
f 2516/5022/5022 2507/5067/5067 2515/5068/5068
f 2516/5022/5022 2515/5068/5068 2524/5021/5021
f 2524/5021/5021 2515/5068/5068 2523/5069/5069
f 2524/5021/5021 2523/5069/5069 2528/5020/5020
f 2528/5020/5020 2523/5069/5069 2527/5070/5070
f 2528/5020/5020 2527/5070/5070 2532/5019/5019
f 2532/5019/5019 2527/5070/5070 2531/5071/5071
f 2532/5019/5019 2531/5071/5071 2538/5018/5018
f 2538/5018/5018 2531/5071/5071 2537/5072/5072
f 2538/5018/5018 2537/5072/5072 2530/5017/5017
f 2530/5017/5017 2537/5072/5072 2529/5073/5073
f 2530/5017/5017 2529/5073/5073 2526/5016/5016
f 2526/5016/5016 2529/5073/5073 2525/5074/5074
f 2526/5016/5016 2525/5074/5074 2522/5015/5015
f 2522/5015/5015 2525/5074/5074 2521/5075/5075
f 2522/5015/5015 2521/5075/5075 2514/5014/5014
f 2514/5014/5014 2521/5075/5075 2513/5076/5076
f 2514/5014/5014 2513/5076/5076 2506/5013/5013
f 2506/5013/5013 2513/5076/5076 2505/5077/5077
f 2506/5013/5013 2505/5077/5077 2502/5012/5012
f 2502/5012/5012 2505/5077/5077 2501/5078/5078
f 2502/5012/5012 2501/5078/5078 2494/5011/5011
f 2494/5011/5011 2501/5078/5078 2493/5079/5079
f 2494/5011/5011 2493/5079/5079 2486/5010/5010
f 2486/5010/5010 2493/5079/5079 2485/5080/5080
f 2486/5010/5010 2485/5080/5080 2478/5009/5009
f 2478/5009/5009 2485/5080/5080 2477/5081/5081
f 2478/5009/5009 2477/5081/5081 2470/5008/5008
f 2470/5008/5008 2477/5081/5081 2469/5082/5082
f 2470/5008/5008 2469/5082/5082 2462/5007/5007
f 2462/5007/5007 2469/5082/5082 2461/5083/5083
f 2462/5007/5007 2461/5083/5083 2454/5006/5006
f 2454/5006/5006 2461/5083/5083 2453/5084/5084
f 2454/5006/5006 2453/5084/5084 2446/5005/5005
f 2446/5005/5005 2453/5084/5084 2445/5085/5085
f 2446/5005/5005 2445/5085/5085 2442/5004/5004
f 2442/5004/5004 2445/5085/5085 2441/5086/5086
f 2442/5004/5004 2441/5086/5086 2434/5003/5003
f 2434/5003/5003 2441/5086/5086 2433/5087/5087
f 2434/5003/5003 2433/5087/5087 2426/5002/5002
f 2426/5002/5002 2433/5087/5087 2425/5088/5088
f 2426/5002/5002 2425/5088/5088 2418/5001/5001
f 2418/5001/5001 2425/5088/5088 2417/5089/5089
f 2418/5001/5001 2417/5089/5089 2410/5000/5000
f 2410/5000/5000 2417/5089/5089 2409/5090/5090
f 2410/5000/5000 2409/5090/5090 2402/4999/4999
f 2402/4999/4999 2409/5090/5090 2401/5091/5091
f 2402/4999/4999 2401/5091/5091 2394/4998/4998
f 2394/4998/4998 2401/5091/5091 2393/5092/5092
f 2394/4998/4998 2393/5092/5092 2386/4997/4997
f 2386/4997/4997 2393/5092/5092 2385/5093/5093
f 2386/4997/4997 2385/5093/5093 2382/4996/4996
f 2382/4996/4996 2385/5093/5093 2381/5094/5094
f 2382/4996/4996 2381/5094/5094 2374/4995/4995
f 2374/4995/4995 2381/5094/5094 2373/5095/5095
f 2374/4995/4995 2373/5095/5095 2366/4994/4994
f 2366/4994/4994 2373/5095/5095 2365/5096/5096
f 2366/4994/4994 2365/5096/5096 2362/4993/4993
f 2362/4993/4993 2365/5096/5096 2361/5097/5097
f 2362/4993/4993 2361/5097/5097 2358/4992/4992
f 2358/4992/4992 2361/5097/5097 2357/5098/5098
f 2338/5102/5102 2337/5216/5216 2334/5101/5101
f 2334/5101/5101 2337/5216/5216 2333/5217/5217
f 2334/5218/5218 2333/5159/5159 2336/5158/5158
f 2336/5158/5158 2333/5159/5159 2335/5160/5160
f 2336/5158/5158 2335/5160/5160 2340/5157/5157
f 2340/5157/5157 2335/5160/5160 2339/5161/5161
f 2340/5157/5157 2339/5161/5161 2344/5156/5156
f 2344/5156/5156 2339/5161/5161 2343/5162/5162
f 2344/5156/5156 2343/5162/5162 2348/5155/5155
f 2348/5155/5155 2343/5162/5162 2347/5163/5163
f 2348/5155/5155 2347/5163/5163 2352/5154/5154
f 2352/5154/5154 2347/5163/5163 2351/5164/5164
f 2352/5154/5154 2351/5164/5164 2370/5153/5153
f 2370/5153/5153 2351/5164/5164 2369/5165/5165
f 2370/5153/5153 2369/5165/5165 2378/5152/5152
f 2378/5152/5152 2369/5165/5165 2377/5166/5166
f 2378/5152/5152 2377/5166/5166 2390/5151/5151
f 2390/5151/5151 2377/5166/5166 2389/5167/5167
f 2390/5151/5151 2389/5167/5167 2398/5150/5150
f 2398/5150/5150 2389/5167/5167 2397/5168/5168
f 2398/5150/5150 2397/5168/5168 2406/5149/5149
f 2406/5149/5149 2397/5168/5168 2405/5169/5169
f 2406/5149/5149 2405/5169/5169 2414/5148/5148
f 2414/5148/5148 2405/5169/5169 2413/5170/5170
f 2414/5148/5148 2413/5170/5170 2422/5147/5147
f 2422/5147/5147 2413/5170/5170 2421/5171/5171
f 2422/5147/5147 2421/5171/5171 2430/5146/5146
f 2430/5146/5146 2421/5171/5171 2429/5172/5172
f 2430/5146/5146 2429/5172/5172 2438/5145/5145
f 2438/5145/5145 2429/5172/5172 2437/5173/5173
f 2438/5145/5145 2437/5173/5173 2450/5144/5144
f 2450/5144/5144 2437/5173/5173 2449/5174/5174
f 2450/5144/5144 2449/5174/5174 2458/5143/5143
f 2458/5143/5143 2449/5174/5174 2457/5175/5175
f 2458/5143/5143 2457/5175/5175 2466/5142/5142
f 2466/5142/5142 2457/5175/5175 2465/5176/5176
f 2466/5142/5142 2465/5176/5176 2474/5141/5141
f 2474/5141/5141 2465/5176/5176 2473/5177/5177
f 2474/5141/5141 2473/5177/5177 2482/5140/5140
f 2482/5140/5140 2473/5177/5177 2481/5178/5178
f 2482/5140/5140 2481/5178/5178 2490/5139/5139
f 2490/5139/5139 2481/5178/5178 2489/5179/5179
f 2490/5139/5139 2489/5179/5179 2498/5138/5138
f 2498/5138/5138 2489/5179/5179 2497/5180/5180
f 2498/5138/5138 2497/5180/5180 2510/5137/5137
f 2510/5137/5137 2497/5180/5180 2509/5181/5181
f 2510/5137/5137 2509/5181/5181 2518/5136/5136
f 2518/5136/5136 2509/5181/5181 2517/5182/5182
f 2518/5136/5136 2517/5182/5182 2534/5135/5135
f 2534/5135/5135 2517/5182/5182 2533/5183/5183
f 2534/5135/5135 2533/5183/5183 2540/5134/5134
f 2540/5134/5134 2533/5183/5183 2539/5184/5184
f 2540/5134/5134 2539/5184/5184 2544/5133/5133
f 2544/5133/5133 2539/5184/5184 2543/5185/5185
f 2544/5133/5133 2543/5185/5185 2548/5132/5132
f 2548/5132/5132 2543/5185/5185 2547/5186/5186
f 2548/5132/5132 2547/5186/5186 2552/5131/5131
f 2552/5131/5131 2547/5186/5186 2551/5187/5187
f 2552/5131/5131 2551/5187/5187 2556/5130/5130
f 2556/5130/5130 2551/5187/5187 2555/5188/5188
f 2556/5130/5130 2555/5188/5188 2554/5129/5129
f 2554/5129/5129 2555/5188/5188 2553/5189/5189
f 2554/5129/5129 2553/5189/5189 2550/5128/5128
f 2550/5128/5128 2553/5189/5189 2549/5190/5190
f 2550/5128/5128 2549/5190/5190 2546/5127/5127
f 2546/5127/5127 2549/5190/5190 2545/5191/5191
f 2546/5127/5127 2545/5191/5191 2542/5126/5126
f 2542/5126/5126 2545/5191/5191 2541/5192/5192
f 2542/5126/5126 2541/5192/5192 2536/5125/5125
f 2536/5125/5125 2541/5192/5192 2535/5193/5193
f 2536/5125/5125 2535/5193/5193 2520/5124/5124
f 2520/5124/5124 2535/5193/5193 2519/5194/5194
f 2520/5124/5124 2519/5194/5194 2512/5123/5123
f 2512/5123/5123 2519/5194/5194 2511/5195/5195
f 2512/5123/5123 2511/5195/5195 2500/5122/5122
f 2500/5122/5122 2511/5195/5195 2499/5196/5196
f 2500/5122/5122 2499/5196/5196 2492/5121/5121
f 2492/5121/5121 2499/5196/5196 2491/5197/5197
f 2492/5121/5121 2491/5197/5197 2484/5120/5120
f 2484/5120/5120 2491/5197/5197 2483/5198/5198
f 2484/5120/5120 2483/5198/5198 2476/5119/5119
f 2476/5119/5119 2483/5198/5198 2475/5199/5199
f 2476/5119/5119 2475/5199/5199 2468/5118/5118
f 2468/5118/5118 2475/5199/5199 2467/5200/5200
f 2468/5118/5118 2467/5200/5200 2460/5117/5117
f 2460/5117/5117 2467/5200/5200 2459/5201/5201
f 2460/5117/5117 2459/5201/5201 2452/5116/5116
f 2452/5116/5116 2459/5201/5201 2451/5202/5202
f 2452/5116/5116 2451/5202/5202 2440/5115/5115
f 2440/5115/5115 2451/5202/5202 2439/5203/5203
f 2440/5115/5115 2439/5203/5203 2432/5114/5114
f 2432/5114/5114 2439/5203/5203 2431/5204/5204
f 2432/5114/5114 2431/5204/5204 2424/5113/5113
f 2424/5113/5113 2431/5204/5204 2423/5205/5205
f 2424/5113/5113 2423/5205/5205 2416/5112/5112
f 2416/5112/5112 2423/5205/5205 2415/5206/5206
f 2416/5112/5112 2415/5206/5206 2408/5111/5111
f 2408/5111/5111 2415/5206/5206 2407/5207/5207
f 2408/5111/5111 2407/5207/5207 2400/5110/5110
f 2400/5110/5110 2407/5207/5207 2399/5208/5208
f 2400/5110/5110 2399/5208/5208 2392/5109/5109
f 2392/5109/5109 2399/5208/5208 2391/5209/5209
f 2392/5109/5109 2391/5209/5209 2380/5108/5108
f 2380/5108/5108 2391/5209/5209 2379/5210/5210
f 2380/5108/5108 2379/5210/5210 2372/5107/5107
f 2372/5107/5107 2379/5210/5210 2371/5211/5211
f 2372/5107/5107 2371/5211/5211 2356/5106/5106
f 2356/5106/5106 2371/5211/5211 2355/5212/5212
f 2356/5106/5106 2355/5212/5212 2350/5105/5105
f 2350/5105/5105 2355/5212/5212 2349/5213/5213
f 2350/5105/5105 2349/5213/5213 2346/5104/5104
f 2346/5104/5104 2349/5213/5213 2345/5214/5214
f 2346/5104/5104 2345/5214/5214 2342/5103/5103
f 2342/5103/5103 2345/5214/5214 2341/5215/5215
f 2342/5103/5103 2341/5215/5215 2338/5102/5102
f 2338/5102/5102 2341/5215/5215 2337/5216/5216
f 2338/5276/5276 2334/5219/5219 2354/5277/5277
f 2354/5277/5277 2334/5219/5219 2336/5220/5220
f 2354/5277/5277 2336/5220/5220 2358/5330/5330
f 2358/5330/5330 2336/5220/5220 2340/5221/5221
f 2358/5330/5330 2340/5221/5221 2362/5329/5329
f 2362/5329/5329 2340/5221/5221 2344/5222/5222
f 2362/5329/5329 2344/5222/5222 2366/5328/5328
f 2366/5328/5328 2344/5222/5222 2348/5223/5223
f 2366/5328/5328 2348/5223/5223 2374/5327/5327
f 2374/5327/5327 2348/5223/5223 2352/5224/5224
f 2374/5327/5327 2352/5224/5224 2382/5326/5326
f 2382/5326/5326 2352/5224/5224 2370/5225/5225
f 2382/5326/5326 2370/5225/5225 2386/5325/5325
f 2386/5325/5325 2370/5225/5225 2378/5226/5226
f 2386/5325/5325 2378/5226/5226 2394/5324/5324
f 2394/5324/5324 2378/5226/5226 2390/5227/5227
f 2394/5324/5324 2390/5227/5227 2402/5323/5323
f 2402/5323/5323 2390/5227/5227 2398/5228/5228
f 2402/5323/5323 2398/5228/5228 2410/5322/5322
f 2410/5322/5322 2398/5228/5228 2406/5229/5229
f 2410/5322/5322 2406/5229/5229 2418/5321/5321
f 2418/5321/5321 2406/5229/5229 2414/5230/5230
f 2418/5321/5321 2414/5230/5230 2426/5320/5320
f 2426/5320/5320 2414/5230/5230 2422/5231/5231
f 2426/5320/5320 2422/5231/5231 2434/5319/5319
f 2434/5319/5319 2422/5231/5231 2430/5232/5232
f 2434/5319/5319 2430/5232/5232 2442/5318/5318
f 2442/5318/5318 2430/5232/5232 2438/5233/5233
f 2442/5318/5318 2438/5233/5233 2450/5234/5234
f 2442/5318/5318 2450/5234/5234 2446/5317/5317
f 2446/5317/5317 2450/5234/5234 2458/5235/5235
f 2446/5317/5317 2458/5235/5235 2454/5316/5316
f 2454/5316/5316 2458/5235/5235 2466/5236/5236
f 2454/5316/5316 2466/5236/5236 2462/5315/5315
f 2462/5315/5315 2466/5236/5236 2474/5237/5237
f 2462/5315/5315 2474/5237/5237 2470/5314/5314
f 2470/5314/5314 2474/5237/5237 2482/5238/5238
f 2470/5314/5314 2482/5238/5238 2478/5313/5313
f 2478/5313/5313 2482/5238/5238 2490/5239/5239
f 2478/5313/5313 2490/5239/5239 2486/5312/5312
f 2486/5312/5312 2490/5239/5239 2498/5240/5240
f 2486/5312/5312 2498/5240/5240 2494/5311/5311
f 2494/5311/5311 2498/5240/5240 2510/5241/5241
f 2494/5311/5311 2510/5241/5241 2502/5310/5310
f 2502/5310/5310 2510/5241/5241 2518/5242/5242
f 2502/5310/5310 2518/5242/5242 2506/5309/5309
f 2506/5309/5309 2518/5242/5242 2534/5243/5243
f 2506/5309/5309 2534/5243/5243 2514/5308/5308
f 2514/5308/5308 2534/5243/5243 2540/5244/5244
f 2514/5308/5308 2540/5244/5244 2522/5307/5307
f 2522/5307/5307 2540/5244/5244 2544/5245/5245
f 2522/5307/5307 2544/5245/5245 2526/5306/5306
f 2526/5306/5306 2544/5245/5245 2548/5246/5246
f 2526/5306/5306 2548/5246/5246 2530/5305/5305
f 2530/5305/5305 2548/5246/5246 2552/5247/5247
f 2530/5305/5305 2552/5247/5247 2538/5304/5304
f 2538/5304/5304 2552/5247/5247 2556/5248/5248
f 2538/5304/5304 2556/5248/5248 2554/5249/5249
f 2538/5304/5304 2554/5249/5249 2532/5303/5303
f 2532/5303/5303 2554/5249/5249 2550/5250/5250
f 2532/5303/5303 2550/5250/5250 2528/5302/5302
f 2528/5302/5302 2550/5250/5250 2546/5251/5251
f 2528/5302/5302 2546/5251/5251 2524/5301/5301
f 2524/5301/5301 2546/5251/5251 2542/5252/5252
f 2524/5301/5301 2542/5252/5252 2516/5300/5300
f 2516/5300/5300 2542/5252/5252 2536/5253/5253
f 2516/5300/5300 2536/5253/5253 2508/5299/5299
f 2508/5299/5299 2536/5253/5253 2520/5254/5254
f 2508/5299/5299 2520/5254/5254 2504/5298/5298
f 2504/5298/5298 2520/5254/5254 2512/5255/5255
f 2504/5298/5298 2512/5255/5255 2496/5297/5297
f 2496/5297/5297 2512/5255/5255 2500/5256/5256
f 2496/5297/5297 2500/5256/5256 2488/5296/5296
f 2488/5296/5296 2500/5256/5256 2492/5257/5257
f 2488/5296/5296 2492/5257/5257 2480/5295/5295
f 2480/5295/5295 2492/5257/5257 2484/5258/5258
f 2480/5295/5295 2484/5258/5258 2472/5294/5294
f 2472/5294/5294 2484/5258/5258 2476/5259/5259
f 2472/5294/5294 2476/5259/5259 2464/5293/5293
f 2464/5293/5293 2476/5259/5259 2468/5260/5260
f 2464/5293/5293 2468/5260/5260 2456/5292/5292
f 2456/5292/5292 2468/5260/5260 2460/5261/5261
f 2456/5292/5292 2460/5261/5261 2448/5291/5291
f 2448/5291/5291 2460/5261/5261 2452/5262/5262
f 2448/5291/5291 2452/5262/5262 2440/5263/5263
f 2448/5291/5291 2440/5263/5263 2444/5290/5290
f 2444/5290/5290 2440/5263/5263 2432/5264/5264
f 2444/5290/5290 2432/5264/5264 2436/5289/5289
f 2436/5289/5289 2432/5264/5264 2424/5265/5265
f 2436/5289/5289 2424/5265/5265 2428/5288/5288
f 2428/5288/5288 2424/5265/5265 2416/5266/5266
f 2428/5288/5288 2416/5266/5266 2420/5287/5287
f 2420/5287/5287 2416/5266/5266 2408/5267/5267
f 2420/5287/5287 2408/5267/5267 2412/5286/5286
f 2412/5286/5286 2408/5267/5267 2400/5268/5268
f 2412/5286/5286 2400/5268/5268 2404/5285/5285
f 2404/5285/5285 2400/5268/5268 2392/5269/5269
f 2404/5285/5285 2392/5269/5269 2396/5284/5284
f 2396/5284/5284 2392/5269/5269 2380/5270/5270
f 2396/5284/5284 2380/5270/5270 2388/5283/5283
f 2388/5283/5283 2380/5270/5270 2372/5271/5271
f 2388/5283/5283 2372/5271/5271 2384/5282/5282
f 2384/5282/5282 2372/5271/5271 2356/5272/5272
f 2384/5282/5282 2356/5272/5272 2376/5281/5281
f 2376/5281/5281 2356/5272/5272 2350/5273/5273
f 2376/5281/5281 2350/5273/5273 2368/5280/5280
f 2368/5280/5280 2350/5273/5273 2346/5274/5274
f 2368/5280/5280 2346/5274/5274 2364/5279/5279
f 2364/5279/5279 2346/5274/5274 2342/5275/5275
f 2364/5279/5279 2342/5275/5275 2360/5278/5278
f 2360/5278/5278 2342/5275/5275 2338/5276/5276
f 2360/5278/5278 2338/5276/5276 2354/5277/5277
f 2335/5388/5388 2333/5331/5331 2353/5389/5389
f 2353/5389/5389 2333/5331/5331 2337/5332/5332
f 2353/5389/5389 2337/5332/5332 2359/5442/5442
f 2359/5442/5442 2337/5332/5332 2341/5333/5333
f 2359/5442/5442 2341/5333/5333 2363/5441/5441
f 2363/5441/5441 2341/5333/5333 2345/5334/5334
f 2363/5441/5441 2345/5334/5334 2367/5440/5440
f 2367/5440/5440 2345/5334/5334 2349/5335/5335
f 2367/5440/5440 2349/5335/5335 2375/5439/5439
f 2375/5439/5439 2349/5335/5335 2355/5336/5336
f 2375/5439/5439 2355/5336/5336 2383/5438/5438
f 2383/5438/5438 2355/5336/5336 2371/5337/5337
f 2383/5438/5438 2371/5337/5337 2387/5437/5437
f 2387/5437/5437 2371/5337/5337 2379/5338/5338
f 2387/5437/5437 2379/5338/5338 2395/5436/5436
f 2395/5436/5436 2379/5338/5338 2391/5339/5339
f 2395/5436/5436 2391/5339/5339 2403/5435/5435
f 2403/5435/5435 2391/5339/5339 2399/5340/5340
f 2403/5435/5435 2399/5340/5340 2411/5434/5434
f 2411/5434/5434 2399/5340/5340 2407/5341/5341
f 2411/5434/5434 2407/5341/5341 2419/5433/5433
f 2419/5433/5433 2407/5341/5341 2415/5342/5342
f 2419/5433/5433 2415/5342/5342 2427/5432/5432
f 2427/5432/5432 2415/5342/5342 2423/5343/5343
f 2427/5432/5432 2423/5343/5343 2435/5431/5431
f 2435/5431/5431 2423/5343/5343 2431/5344/5344
f 2435/5431/5431 2431/5344/5344 2443/5430/5430
f 2443/5430/5430 2431/5344/5344 2439/5345/5345
f 2443/5430/5430 2439/5345/5345 2451/5346/5346
f 2443/5430/5430 2451/5346/5346 2447/5429/5429
f 2447/5429/5429 2451/5346/5346 2459/5347/5347
f 2447/5429/5429 2459/5347/5347 2455/5428/5428
f 2455/5428/5428 2459/5347/5347 2467/5348/5348
f 2455/5428/5428 2467/5348/5348 2463/5427/5427
f 2463/5427/5427 2467/5348/5348 2475/5349/5349
f 2463/5427/5427 2475/5349/5349 2471/5426/5426
f 2471/5426/5426 2475/5349/5349 2483/5350/5350
f 2471/5426/5426 2483/5350/5350 2479/5425/5425
f 2479/5425/5425 2483/5350/5350 2491/5351/5351
f 2479/5425/5425 2491/5351/5351 2487/5424/5424
f 2487/5424/5424 2491/5351/5351 2499/5352/5352
f 2487/5424/5424 2499/5352/5352 2495/5423/5423
f 2495/5423/5423 2499/5352/5352 2511/5353/5353
f 2495/5423/5423 2511/5353/5353 2503/5422/5422
f 2503/5422/5422 2511/5353/5353 2519/5354/5354
f 2503/5422/5422 2519/5354/5354 2507/5421/5421
f 2507/5421/5421 2519/5354/5354 2535/5355/5355
f 2507/5421/5421 2535/5355/5355 2515/5420/5420
f 2515/5420/5420 2535/5355/5355 2541/5356/5356
f 2515/5420/5420 2541/5356/5356 2523/5419/5419
f 2523/5419/5419 2541/5356/5356 2545/5357/5357
f 2523/5419/5419 2545/5357/5357 2527/5418/5418
f 2527/5418/5418 2545/5357/5357 2549/5358/5358
f 2527/5418/5418 2549/5358/5358 2531/5417/5417
f 2531/5417/5417 2549/5358/5358 2553/5359/5359
f 2531/5417/5417 2553/5359/5359 2537/5416/5416
f 2537/5416/5416 2553/5359/5359 2555/5360/5360
f 2537/5416/5416 2555/5360/5360 2551/5361/5361
f 2537/5416/5416 2551/5361/5361 2529/5415/5415
f 2529/5415/5415 2551/5361/5361 2547/5362/5362
f 2529/5415/5415 2547/5362/5362 2525/5414/5414
f 2525/5414/5414 2547/5362/5362 2543/5363/5363
f 2525/5414/5414 2543/5363/5363 2521/5413/5413
f 2521/5413/5413 2543/5363/5363 2539/5364/5364
f 2521/5413/5413 2539/5364/5364 2513/5412/5412
f 2513/5412/5412 2539/5364/5364 2533/5365/5365
f 2513/5412/5412 2533/5365/5365 2505/5411/5411
f 2505/5411/5411 2533/5365/5365 2517/5366/5366
f 2505/5411/5411 2517/5366/5366 2501/5410/5410
f 2501/5410/5410 2517/5366/5366 2509/5367/5367
f 2501/5410/5410 2509/5367/5367 2493/5409/5409
f 2493/5409/5409 2509/5367/5367 2497/5368/5368
f 2493/5409/5409 2497/5368/5368 2485/5408/5408
f 2485/5408/5408 2497/5368/5368 2489/5369/5369
f 2485/5408/5408 2489/5369/5369 2477/5407/5407
f 2477/5407/5407 2489/5369/5369 2481/5370/5370
f 2477/5407/5407 2481/5370/5370 2469/5406/5406
f 2469/5406/5406 2481/5370/5370 2473/5371/5371
f 2469/5406/5406 2473/5371/5371 2461/5405/5405
f 2461/5405/5405 2473/5371/5371 2465/5372/5372
f 2461/5405/5405 2465/5372/5372 2453/5404/5404
f 2453/5404/5404 2465/5372/5372 2457/5373/5373
f 2453/5404/5404 2457/5373/5373 2445/5403/5403
f 2445/5403/5403 2457/5373/5373 2449/5374/5374
f 2445/5403/5403 2449/5374/5374 2437/5375/5375
f 2445/5403/5403 2437/5375/5375 2441/5402/5402
f 2441/5402/5402 2437/5375/5375 2429/5376/5376
f 2441/5402/5402 2429/5376/5376 2433/5401/5401
f 2433/5401/5401 2429/5376/5376 2421/5377/5377
f 2433/5401/5401 2421/5377/5377 2425/5400/5400
f 2425/5400/5400 2421/5377/5377 2413/5378/5378
f 2425/5400/5400 2413/5378/5378 2417/5399/5399
f 2417/5399/5399 2413/5378/5378 2405/5379/5379
f 2417/5399/5399 2405/5379/5379 2409/5398/5398
f 2409/5398/5398 2405/5379/5379 2397/5380/5380
f 2409/5398/5398 2397/5380/5380 2401/5397/5397
f 2401/5397/5397 2397/5380/5380 2389/5381/5381
f 2401/5397/5397 2389/5381/5381 2393/5396/5396
f 2393/5396/5396 2389/5381/5381 2377/5382/5382
f 2393/5396/5396 2377/5382/5382 2385/5395/5395
f 2385/5395/5395 2377/5382/5382 2369/5383/5383
f 2385/5395/5395 2369/5383/5383 2381/5394/5394
f 2381/5394/5394 2369/5383/5383 2351/5384/5384
f 2381/5394/5394 2351/5384/5384 2373/5393/5393
f 2373/5393/5393 2351/5384/5384 2347/5385/5385
f 2373/5393/5393 2347/5385/5385 2365/5392/5392
f 2365/5392/5392 2347/5385/5385 2343/5386/5386
f 2365/5392/5392 2343/5386/5386 2361/5391/5391
f 2361/5391/5391 2343/5386/5386 2339/5387/5387
f 2361/5391/5391 2339/5387/5387 2357/5390/5390
f 2357/5390/5390 2339/5387/5387 2335/5388/5388
f 2357/5390/5390 2335/5388/5388 2353/5389/5389
g Solid26

v 0.377571 -0.388968 0.039370
v 0.377571 -0.388968 0.059055
v 0.401193 -0.388968 0.039370
v 0.401193 -0.388968 0.059055
v 0.371665 -0.394873 0.039370
v 0.371665 -0.394873 0.059055
v 0.407098 -0.394873 0.039370
v 0.407098 -0.394873 0.059055
v 0.389382 -0.400779 0.039370
v 0.389382 -0.400779 0.059055
v 0.383476 -0.406684 0.039370
v 0.383476 -0.406684 0.059055
v 0.395287 -0.406684 0.039370
v 0.395287 -0.406684 0.059055
v 0.389382 -0.412590 0.039370
v 0.389382 -0.412590 0.059055
v 0.371665 -0.418495 0.039370
v 0.371665 -0.418495 0.059055
v 0.407098 -0.418495 0.039370
v 0.407098 -0.418495 0.059055
v 0.377571 -0.424401 0.039370
v 0.377571 -0.424401 0.059055
v 0.401193 -0.424401 0.039370
v 0.401193 -0.424401 0.059055
vt 0.000000 0.000000 0.000000
vt 0.042426 0.000000 0.000000
vt 0.042426 0.050000 0.000000
vt 0.000000 0.050000 0.000000
vt 0.000000 0.000000 0.000000
vt 0.042426 0.000000 0.000000
vt 0.042426 0.050000 0.000000
vt 0.000000 0.050000 0.000000
vt 0.000000 0.000000 0.000000
vt 0.021213 0.000000 0.000000
vt 0.021213 0.050000 0.000000
vt 0.000000 0.050000 0.000000
vt 0.000000 0.000000 0.000000
vt 0.042426 0.000000 0.000000
vt 0.042426 0.050000 0.000000
vt 0.000000 0.050000 0.000000
vt 0.000000 0.000000 0.000000
vt 0.042426 0.000000 0.000000
vt 0.042426 0.050000 0.000000
vt 0.000000 0.050000 0.000000
vt 0.000000 0.000000 0.000000
vt 0.021213 0.000000 0.000000
vt 0.021213 0.050000 0.000000
vt 0.000000 0.050000 0.000000
vt 0.000000 0.000000 0.000000
vt 0.042426 0.000000 0.000000
vt 0.042426 0.050000 0.000000
vt 0.000000 0.050000 0.000000
vt 0.000000 0.000000 0.000000
vt 0.042426 0.000000 0.000000
vt 0.042426 0.050000 0.000000
vt 0.000000 0.050000 0.000000
vt 0.000000 0.000000 0.000000
vt 0.021213 0.000000 0.000000
vt 0.021213 0.050000 0.000000
vt 0.000000 0.050000 0.000000
vt 0.000000 0.000000 0.000000
vt 0.042426 0.000000 0.000000
vt 0.042426 0.050000 0.000000
vt 0.000000 0.050000 0.000000
vt 0.000000 0.000000 0.000000
vt 0.042426 0.000000 0.000000
vt 0.042426 0.050000 0.000000
vt 0.000000 0.050000 0.000000
vt 0.000000 0.000000 0.000000
vt 0.021213 0.000000 0.000000
vt 0.021213 0.050000 0.000000
vt 0.000000 0.050000 0.000000
vt 0.045000 0.030000 0.000000
vt 0.030000 0.045000 0.000000
vt 0.000000 0.015000 0.000000
vt -0.030000 0.045000 0.000000
vt -0.045000 0.030000 0.000000
vt -0.015000 0.000000 0.000000
vt -0.045000 -0.030000 0.000000
vt -0.030000 -0.045000 0.000000
vt 0.000000 -0.015000 0.000000
vt 0.030000 -0.045000 0.000000
vt 0.045000 -0.030000 0.000000
vt 0.015000 0.000000 0.000000
vt -0.030000 0.045000 0.000000
vt -0.045000 0.030000 0.000000
vt -0.015000 0.000000 0.000000
vt -0.045000 -0.030000 0.000000
vt -0.030000 -0.045000 0.000000
vt 0.000000 -0.015000 0.000000
vt 0.030000 -0.045000 0.000000
vt 0.045000 -0.030000 0.000000
vt 0.015000 0.000000 0.000000
vt 0.045000 0.030000 0.000000
vt 0.030000 0.045000 0.000000
vt 0.000000 0.015000 0.000000
vn 1.796051 1.796051 0.000000
vn 1.796051 1.796051 0.000000
vn 1.796051 1.796051 0.000000
vn 1.796051 1.796051 0.000000
vn 1.796051 -1.796051 0.000000
vn 1.796051 -1.796051 0.000000
vn 1.796051 -1.796051 0.000000
vn 1.796051 -1.796051 0.000000
vn 1.796051 1.796051 0.000000
vn 1.796051 1.796051 0.000000
vn 1.796051 1.796051 0.000000
vn 1.796051 1.796051 0.000000
vn -1.796051 1.796051 -0.000000
vn -1.796051 1.796051 -0.000000
vn -1.796051 1.796051 -0.000000
vn -1.796051 1.796051 -0.000000
vn 1.796051 1.796051 0.000000
vn 1.796051 1.796051 0.000000
vn 1.796051 1.796051 0.000000
vn 1.796051 1.796051 0.000000
vn -1.796051 1.796051 -0.000000
vn -1.796051 1.796051 -0.000000
vn -1.796051 1.796051 -0.000000
vn -1.796051 1.796051 -0.000000
vn -1.796051 -1.796051 -0.000000
vn -1.796051 -1.796051 -0.000000
vn -1.796051 -1.796051 -0.000000
vn -1.796051 -1.796051 -0.000000
vn -1.796051 1.796051 -0.000000
vn -1.796051 1.796051 -0.000000
vn -1.796051 1.796051 -0.000000
vn -1.796051 1.796051 -0.000000
vn -1.796051 -1.796051 -0.000000
vn -1.796051 -1.796051 -0.000000
vn -1.796051 -1.796051 -0.000000
vn -1.796051 -1.796051 -0.000000
vn 1.796051 -1.796051 0.000000
vn 1.796051 -1.796051 0.000000
vn 1.796051 -1.796051 0.000000
vn 1.796051 -1.796051 0.000000
vn -1.796051 -1.796051 -0.000000
vn -1.796051 -1.796051 -0.000000
vn -1.796051 -1.796051 -0.000000
vn -1.796051 -1.796051 -0.000000
vn 1.796051 -1.796051 0.000000
vn 1.796051 -1.796051 0.000000
vn 1.796051 -1.796051 0.000000
vn 1.796051 -1.796051 0.000000
vn -0.000000 0.000000 2.540000
vn -0.000000 0.000000 2.540000
vn -0.000000 0.000000 2.540000
vn -0.000000 0.000000 2.540000
vn -0.000000 0.000000 2.540000
vn -0.000000 0.000000 2.540000
vn -0.000000 0.000000 2.540000
vn -0.000000 0.000000 2.540000
vn -0.000000 0.000000 2.540000
vn -0.000000 0.000000 2.540000
vn -0.000000 0.000000 2.540000
vn -0.000000 0.000000 2.540000
vn 0.000000 -0.000000 -2.540000
vn 0.000000 -0.000000 -2.540000
vn 0.000000 -0.000000 -2.540000
vn 0.000000 -0.000000 -2.540000
vn 0.000000 -0.000000 -2.540000
vn 0.000000 -0.000000 -2.540000
vn 0.000000 -0.000000 -2.540000
vn 0.000000 -0.000000 -2.540000
vn 0.000000 -0.000000 -2.540000
vn 0.000000 -0.000000 -2.540000
vn 0.000000 -0.000000 -2.540000
vn 0.000000 -0.000000 -2.540000
usemtl 246,246,243
f 2570/5443/5443 2576/5444/5444 2569/5446/5446
f 2569/5446/5446 2576/5444/5444 2575/5445/5445
f 2564/5447/5447 2570/5448/5448 2563/5450/5450
f 2563/5450/5450 2570/5448/5448 2569/5449/5449
f 2560/5451/5451 2564/5452/5452 2559/5454/5454
f 2559/5454/5454 2564/5452/5452 2563/5453/5453
f 2566/5455/5455 2560/5456/5456 2565/5458/5458
f 2565/5458/5458 2560/5456/5456 2559/5457/5457
f 2558/5459/5459 2566/5460/5460 2557/5462/5462
f 2557/5462/5462 2566/5460/5460 2565/5461/5461
f 2562/5463/5463 2558/5464/5464 2561/5466/5466
f 2561/5466/5466 2558/5464/5464 2557/5465/5465
f 2568/5467/5467 2562/5468/5468 2567/5470/5470
f 2567/5470/5470 2562/5468/5468 2561/5469/5469
f 2574/5471/5471 2568/5472/5472 2573/5474/5474
f 2573/5474/5474 2568/5472/5472 2567/5473/5473
f 2578/5475/5475 2574/5476/5476 2577/5478/5478
f 2577/5478/5478 2574/5476/5476 2573/5477/5477
f 2572/5479/5479 2578/5480/5480 2571/5482/5482
f 2571/5482/5482 2578/5480/5480 2577/5481/5481
f 2580/5483/5483 2572/5484/5484 2579/5486/5486
f 2579/5486/5486 2572/5484/5484 2571/5485/5485
f 2576/5487/5487 2580/5488/5488 2575/5490/5490
f 2575/5490/5490 2580/5488/5488 2579/5489/5489
f 2580/5491/5491 2576/5492/5492 2572/5502/5502
f 2572/5502/5502 2576/5492/5492 2570/5493/5493
f 2572/5502/5502 2570/5493/5493 2568/5499/5499
f 2568/5499/5499 2570/5493/5493 2566/5496/5496
f 2568/5499/5499 2566/5496/5496 2562/5498/5498
f 2562/5498/5498 2566/5496/5496 2558/5497/5497
f 2564/5494/5494 2560/5495/5495 2570/5493/5493
f 2570/5493/5493 2560/5495/5495 2566/5496/5496
f 2574/5500/5500 2578/5501/5501 2568/5499/5499
f 2568/5499/5499 2578/5501/5501 2572/5502/5502
f 2579/5504/5504 2571/5505/5505 2575/5503/5503
f 2575/5503/5503 2571/5505/5505 2569/5514/5514
f 2569/5514/5514 2571/5505/5505 2567/5508/5508
f 2569/5514/5514 2567/5508/5508 2565/5511/5511
f 2565/5511/5511 2567/5508/5508 2561/5509/5509
f 2565/5511/5511 2561/5509/5509 2557/5510/5510
f 2571/5505/5505 2577/5506/5506 2567/5508/5508
f 2567/5508/5508 2577/5506/5506 2573/5507/5507
f 2565/5511/5511 2559/5512/5512 2569/5514/5514
f 2569/5514/5514 2559/5512/5512 2563/5513/5513
g Solid27

v 0.425281 -0.301566 0.039370
v 0.425281 -0.301566 0.059055
v 0.433025 -0.301566 0.039370
v 0.433025 -0.301566 0.059055
v 0.433071 -0.312748 0.039370
v 0.433071 -0.312748 0.059055
v 0.425197 -0.312787 0.039370
v 0.425197 -0.312787 0.059055
v 0.405813 -0.321035 0.039370
v 0.405813 -0.321035 0.059055
v 0.452519 -0.321060 0.039370
v 0.452519 -0.321060 0.059055
v 0.411381 -0.326603 0.039370
v 0.411381 -0.326603 0.059055
v 0.446951 -0.326628 0.039370
v 0.446951 -0.326628 0.059055
v 0.442653 -0.344635 0.039370
v 0.442653 -0.344635 0.059055
v 0.466956 -0.348920 0.039370
v 0.466956 -0.348920 0.059055
v 0.392332 -0.349859 0.039370
v 0.392332 -0.349859 0.059055
v 0.441286 -0.352389 0.039370
v 0.441286 -0.352389 0.059055
v 0.396501 -0.352770 0.039370
v 0.396501 -0.352770 0.059055
v 0.457536 -0.355254 0.039370
v 0.457536 -0.355254 0.059055
v 0.400898 -0.355322 0.039370
v 0.400898 -0.355322 0.059055
v 0.471127 -0.355845 0.039370
v 0.471127 -0.355845 0.059055
v 0.387551 -0.356130 0.039370
v 0.387551 -0.356130 0.059055
v 0.452912 -0.357455 0.039370
v 0.452912 -0.357455 0.059055
v 0.405494 -0.357497 0.039370
v 0.405494 -0.357497 0.059055
v 0.448119 -0.359258 0.039370
v 0.448119 -0.359258 0.059055
v 0.410256 -0.359280 0.039370
v 0.410256 -0.359280 0.059055
v 0.392323 -0.359458 0.039370
v 0.392323 -0.359458 0.059055
v 0.415149 -0.360659 0.039370
v 0.415149 -0.360659 0.059055
v 0.443191 -0.360651 0.039370
v 0.443191 -0.360651 0.059055
v 0.420142 -0.361623 0.039370
v 0.420142 -0.361623 0.059055
v 0.438163 -0.361623 0.039370
v 0.438163 -0.361623 0.059055
v 0.425197 -0.362166 0.039370
v 0.425197 -0.362166 0.059055
v 0.433071 -0.362169 0.039370
v 0.433071 -0.362169 0.059055
v 0.461272 -0.362199 0.039370
v 0.461272 -0.362199 0.059055
v 0.397360 -0.362370 0.039370
v 0.397360 -0.362370 0.059055
v 0.455945 -0.364734 0.039370
v 0.455945 -0.364734 0.059055
v 0.402625 -0.364845 0.039370
v 0.402625 -0.364845 0.059055
v 0.450420 -0.366802 0.039370
v 0.450420 -0.366802 0.059055
v 0.408081 -0.366865 0.039370
v 0.408081 -0.366865 0.059055
v 0.444738 -0.368387 0.039370
v 0.444738 -0.368387 0.059055
v 0.413689 -0.368416 0.039370
v 0.413689 -0.368416 0.059055
v 0.419408 -0.369485 0.039370
v 0.419408 -0.369485 0.059055
v 0.438941 -0.369479 0.039370
v 0.438941 -0.369479 0.059055
v 0.425197 -0.370067 0.039370
v 0.425197 -0.370067 0.059055
v 0.433071 -0.370069 0.039370
v 0.433071 -0.370069 0.059055
v 0.456637 -0.379499 0.039370
v 0.456637 -0.379499 0.059055
v 0.464243 -0.381537 0.039370
v 0.464243 -0.381537 0.059055
v 0.425197 -0.411803 0.039370
v 0.425197 -0.411803 0.059055
v 0.433071 -0.411803 0.039370
v 0.433071 -0.411803 0.059055
vt -0.000000 -0.103476 0.000000
vt -0.000000 -0.088693 0.000000
vt -0.000000 -0.073911 0.000000
vt -0.000000 -0.059129 0.000000
vt -0.000000 -0.044347 0.000000
vt -0.000000 -0.029564 0.000000
vt -0.000000 -0.014782 0.000000
vt -0.000000 0.000000 0.000000
vt -0.050000 0.000000 0.000000
vt -0.050000 -0.014782 0.000000
vt -0.050000 -0.029564 0.000000
vt -0.050000 -0.044347 0.000000
vt -0.050000 -0.059129 0.000000
vt -0.050000 -0.073911 0.000000
vt -0.050000 -0.088693 0.000000
vt -0.050000 -0.103476 0.000000
vt 0.000000 0.000000 0.000000
vt 0.106009 0.000000 0.000000
vt 0.106009 0.050000 0.000000
vt 0.000000 0.050000 0.000000
vt 0.000000 0.000000 0.000000
vt 0.020000 0.000000 0.000000
vt 0.020000 0.050000 0.000000
vt 0.000000 0.050000 0.000000
vt 0.000000 0.000000 0.000000
vt 0.106004 0.000000 0.000000
vt 0.106004 0.050000 0.000000
vt 0.000000 0.050000 0.000000
vt -0.000000 -0.074945 0.000000
vt -0.000000 -0.059956 0.000000
vt -0.000000 -0.044967 0.000000
vt -0.000000 -0.029978 0.000000
vt -0.000000 -0.014989 0.000000
vt -0.000000 0.000000 0.000000
vt -0.050000 0.000000 0.000000
vt -0.050000 -0.014989 0.000000
vt -0.050000 -0.029978 0.000000
vt -0.050000 -0.044967 0.000000
vt -0.050000 -0.059956 0.000000
vt -0.050000 -0.074945 0.000000
vt 0.000000 0.000000 0.000000
vt 0.045491 0.000000 0.000000
vt 0.045491 0.050000 0.000000
vt 0.000000 0.050000 0.000000
vt 0.000000 0.000000 0.000000
vt 0.020000 0.000000 0.000000
vt 0.020000 0.050000 0.000000
vt 0.000000 0.050000 0.000000
vt 0.000000 0.000000 0.000000
vt 0.067558 0.000000 0.000000
vt 0.067558 0.050000 0.000000
vt 0.000000 0.050000 0.000000
vt 0.000000 0.000000 0.000000
vt 0.020534 0.000000 0.000000
vt 0.020534 0.050000 0.000000
vt 0.000000 0.050000 0.000000
vt 0.000000 0.000000 0.000000
vt 0.062681 0.000000 0.000000
vt 0.062681 0.050000 0.000000
vt 0.000000 0.050000 0.000000
vt 0.000000 0.000000 0.000000
vt 0.020000 0.000000 0.000000
vt 0.020000 0.050000 0.000000
vt 0.000000 0.050000 0.000000
vt 0.000000 0.000000 0.000000
vt 0.041913 0.000000 0.000000
vt 0.041913 0.050000 0.000000
vt 0.000000 0.050000 0.000000
vt 0.000000 0.000000 0.000000
vt 0.000000 -0.013011 0.000000
vt 0.000000 -0.026023 0.000000
vt 0.000000 -0.039034 0.000000
vt 0.000000 -0.052046 0.000000
vt 0.000000 -0.065057 0.000000
vt 0.050000 -0.065057 0.000000
vt 0.050000 -0.052046 0.000000
vt 0.050000 -0.039034 0.000000
vt 0.050000 -0.026023 0.000000
vt 0.050000 -0.013011 0.000000
vt 0.050000 0.000000 0.000000
vt 0.000000 0.000000 0.000000
vt 0.125530 0.000000 0.000000
vt 0.125530 0.050000 0.000000
vt 0.000000 0.050000 0.000000
vt 0.000000 0.000000 0.000000
vt 0.049858 0.000000 0.000000
vt 0.049858 0.050000 0.000000
vt 0.000000 0.050000 0.000000
vt 0.000000 0.000000 0.000000
vt 0.020000 0.000000 0.000000
vt 0.020000 0.050000 0.000000
vt 0.000000 0.050000 0.000000
vt 0.000000 0.000000 0.000000
vt 0.070023 0.000000 0.000000
vt 0.070023 0.050000 0.000000
vt 0.000000 0.050000 0.000000
vt 0.000000 0.000000 0.000000
vt 0.019669 0.000000 0.000000
vt 0.019669 0.050000 0.000000
vt 0.000000 0.050000 0.000000
vt 0.000000 0.000000 0.000000
vt 0.069933 0.000000 0.000000
vt 0.069933 0.050000 0.000000
vt 0.000000 0.050000 0.000000
vt 0.000000 0.000000 0.000000
vt 0.020000 0.000000 0.000000
vt 0.020000 0.050000 0.000000
vt 0.000000 0.050000 0.000000
vt 0.000000 0.000000 0.000000
vt 0.049630 0.000000 0.000000
vt 0.049630 0.050000 0.000000
vt 0.000000 0.050000 0.000000
vt 0.000000 0.000000 0.000000
vt 0.125425 0.000000 0.000000
vt 0.125425 0.050000 0.000000
vt 0.000000 0.050000 0.000000
vt 0.000000 0.000000 0.000000
vt 0.000000 -0.012918 0.000000
vt 0.000000 -0.025836 0.000000
vt 0.000000 -0.038754 0.000000
vt 0.000000 -0.051672 0.000000
vt 0.000000 -0.064591 0.000000
vt 0.000000 -0.077509 0.000000
vt 0.000000 -0.090427 0.000000
vt 0.050000 -0.090427 0.000000
vt 0.050000 -0.077509 0.000000
vt 0.050000 -0.064591 0.000000
vt 0.050000 -0.051672 0.000000
vt 0.050000 -0.038754 0.000000
vt 0.050000 -0.025836 0.000000
vt 0.050000 -0.012918 0.000000
vt 0.050000 0.000000 0.000000
vt 0.000000 0.000000 0.000000
vt 0.020029 0.000000 0.000000
vt 0.020029 0.050000 0.000000
vt 0.000000 0.050000 0.000000
vt -0.017336 -0.093997 0.000000
vt -0.001408 -0.106141 0.000000
vt 0.007045 -0.094020 0.000000
vt 0.014442 -0.081226 0.000000
vt 0.020728 -0.067852 0.000000
vt 0.025859 -0.053994 0.000000
vt 0.029797 -0.039750 0.000000
vt 0.032514 -0.025224 0.000000
vt 0.033991 -0.010520 0.000000
vt 0.140000 -0.010520 0.000000
vt 0.140000 0.009480 0.000000
vt 0.033996 0.009480 0.000000
vt 0.032498 0.024389 0.000000
vt 0.029725 0.039114 0.000000
vt 0.025698 0.053547 0.000000
vt 0.020445 0.067581 0.000000
vt 0.014007 0.081111 0.000000
vt 0.057948 0.069337 0.000000
vt 0.063124 0.088656 0.000000
vt -0.002132 0.106141 0.000000
vt -0.019722 0.095547 0.000000
vt -0.030607 0.033819 0.000000
vt -0.010910 0.030346 0.000000
vt -0.003632 0.071622 0.000000
vt 0.001957 0.059876 0.000000
vt 0.006536 0.047701 0.000000
vt 0.010074 0.035184 0.000000
vt 0.012545 0.022413 0.000000
vt 0.013930 0.009480 0.000000
vt -0.111599 0.009480 0.000000
vt -0.076344 0.044734 0.000000
vt -0.090487 0.058877 0.000000
vt -0.140000 0.009363 0.000000
vt -0.140000 -0.010306 0.000000
vt -0.090550 -0.059756 0.000000
vt -0.076408 -0.045614 0.000000
vt -0.111501 -0.010520 0.000000
vt 0.013924 -0.010520 0.000000
vt 0.012544 -0.023361 0.000000
vt 0.010094 -0.036041 0.000000
vt 0.006593 -0.048471 0.000000
vt 0.002064 -0.060566 0.000000
vt -0.003461 -0.072239 0.000000
vt -0.009942 -0.083408 0.000000
vt 0.001408 -0.106141 0.000000
vt 0.017336 -0.093997 0.000000
vt 0.009942 -0.083408 0.000000
vt 0.003461 -0.072239 0.000000
vt -0.002064 -0.060566 0.000000
vt -0.006593 -0.048471 0.000000
vt -0.010094 -0.036041 0.000000
vt -0.012544 -0.023361 0.000000
vt -0.013924 -0.010520 0.000000
vt 0.111501 -0.010520 0.000000
vt 0.076408 -0.045614 0.000000
vt 0.090550 -0.059756 0.000000
vt 0.140000 -0.010306 0.000000
vt 0.140000 0.009363 0.000000
vt 0.090487 0.058877 0.000000
vt 0.076344 0.044734 0.000000
vt 0.111599 0.009480 0.000000
vt -0.013930 0.009480 0.000000
vt -0.012545 0.022413 0.000000
vt -0.010074 0.035184 0.000000
vt -0.006536 0.047701 0.000000
vt -0.001957 0.059876 0.000000
vt 0.003632 0.071622 0.000000
vt 0.010910 0.030346 0.000000
vt 0.030607 0.033819 0.000000
vt 0.019722 0.095547 0.000000
vt 0.002132 0.106141 0.000000
vt -0.063124 0.088656 0.000000
vt -0.057948 0.069337 0.000000
vt -0.014007 0.081111 0.000000
vt -0.020445 0.067581 0.000000
vt -0.025698 0.053547 0.000000
vt -0.029725 0.039114 0.000000
vt -0.032498 0.024389 0.000000
vt -0.033996 0.009480 0.000000
vt -0.140000 0.009480 0.000000
vt -0.140000 -0.010520 0.000000
vt -0.033991 -0.010520 0.000000
vt -0.032514 -0.025224 0.000000
vt -0.029797 -0.039750 0.000000
vt -0.025859 -0.053994 0.000000
vt -0.020728 -0.067852 0.000000
vt -0.014442 -0.081226 0.000000
vt -0.007045 -0.094020 0.000000
vn -0.146458 -2.535774 -0.000000
vn -0.360755 -2.514251 -0.000000
vn -0.572458 -2.474650 -0.000000
vn -0.780045 -2.417257 -0.000000
vn -0.982023 -2.342484 -0.000000
vn -1.176941 -2.250869 -0.000000
vn -1.363397 -2.143070 -0.000000
vn -1.540050 -2.019863 -0.000000
vn -1.540050 -2.019863 -0.000000
vn -1.363397 -2.143070 -0.000000
vn -1.176941 -2.250869 -0.000000
vn -0.982023 -2.342484 -0.000000
vn -0.780045 -2.417257 -0.000000
vn -0.572458 -2.474650 -0.000000
vn -0.360755 -2.514251 -0.000000
vn -0.146458 -2.535774 -0.000000
vn -2.540000 -0.000000 -0.000000
vn -2.540000 -0.000000 -0.000000
vn -2.540000 -0.000000 -0.000000
vn -2.540000 -0.000000 -0.000000
vn 0.000000 -2.540000 0.000000
vn 0.000000 -2.540000 0.000000
vn 0.000000 -2.540000 0.000000
vn 0.000000 -2.540000 0.000000
vn 2.540000 0.000000 0.000000
vn 2.540000 0.000000 0.000000
vn 2.540000 0.000000 0.000000
vn 2.540000 0.000000 0.000000
vn 1.188998 -2.244523 0.000000
vn 0.991802 -2.338360 0.000000
vn 0.787275 -2.414912 0.000000
vn 0.576928 -2.473612 0.000000
vn 0.362316 -2.514026 0.000000
vn 0.145025 -2.535856 0.000000
vn 0.145025 -2.535856 0.000000
vn 0.362316 -2.514026 0.000000
vn 0.576928 -2.473612 0.000000
vn 0.787275 -2.414912 0.000000
vn 0.991802 -2.338360 0.000000
vn 1.188998 -2.244523 0.000000
vn -2.453452 0.657400 -0.000000
vn -2.453452 0.657400 -0.000000
vn -2.453452 0.657400 -0.000000
vn -2.453452 0.657400 -0.000000
vn -0.657400 -2.453452 -0.000000
vn -0.657400 -2.453452 -0.000000
vn -0.657400 -2.453452 -0.000000
vn -0.657400 -2.453452 -0.000000
vn 2.453452 -0.657400 0.000000
vn 2.453452 -0.657400 0.000000
vn 2.453452 -0.657400 0.000000
vn 2.453452 -0.657400 0.000000
vn 2.175869 1.310418 0.000000
vn 2.175869 1.310418 0.000000
vn 2.175869 1.310418 0.000000
vn 2.175869 1.310418 0.000000
vn 0.441066 2.501412 0.000000
vn 0.441066 2.501412 0.000000
vn 0.441066 2.501412 0.000000
vn 0.441066 2.501412 0.000000
vn -2.501412 0.441066 -0.000000
vn -2.501412 0.441066 -0.000000
vn -2.501412 0.441066 -0.000000
vn -2.501412 0.441066 -0.000000
vn -0.441066 -2.501412 -0.000000
vn -0.441066 -2.501412 -0.000000
vn -0.441066 -2.501412 -0.000000
vn -0.441066 -2.501412 -0.000000
vn -0.163857 2.534709 -0.000000
vn -0.376829 2.511892 -0.000000
vn -0.587122 2.471212 -0.000000
vn -0.793240 2.412959 -0.000000
vn -0.993717 2.337547 -0.000000
vn -1.187127 2.245513 -0.000000
vn -1.187127 2.245513 -0.000000
vn -0.993717 2.337547 -0.000000
vn -0.793240 2.412959 -0.000000
vn -0.587122 2.471212 -0.000000
vn -0.376829 2.511892 -0.000000
vn -0.163857 2.534709 -0.000000
vn 2.540000 0.000000 0.000000
vn 2.540000 0.000000 0.000000
vn 2.540000 0.000000 0.000000
vn 2.540000 0.000000 0.000000
vn -1.796051 -1.796051 -0.000000
vn -1.796051 -1.796051 -0.000000
vn -1.796051 -1.796051 -0.000000
vn -1.796051 -1.796051 -0.000000
vn 1.796051 -1.796051 0.000000
vn 1.796051 -1.796051 0.000000
vn 1.796051 -1.796051 0.000000
vn 1.796051 -1.796051 0.000000
vn 1.796051 1.796051 0.000000
vn 1.796051 1.796051 0.000000
vn 1.796051 1.796051 0.000000
vn 1.796051 1.796051 0.000000
vn 0.000000 2.540000 -0.000000
vn 0.000000 2.540000 -0.000000
vn 0.000000 2.540000 -0.000000
vn 0.000000 2.540000 -0.000000
vn -1.796051 1.796051 -0.000000
vn -1.796051 1.796051 -0.000000
vn -1.796051 1.796051 -0.000000
vn -1.796051 1.796051 -0.000000
vn -1.796051 -1.796051 -0.000000
vn -1.796051 -1.796051 -0.000000
vn -1.796051 -1.796051 -0.000000
vn -1.796051 -1.796051 -0.000000
vn 1.796051 -1.796051 0.000000
vn 1.796051 -1.796051 0.000000
vn 1.796051 -1.796051 0.000000
vn 1.796051 -1.796051 0.000000
vn -2.540000 -0.000000 -0.000000
vn -2.540000 -0.000000 -0.000000
vn -2.540000 -0.000000 -0.000000
vn -2.540000 -0.000000 -0.000000
vn 1.540050 2.019863 0.000000
vn 1.365693 2.141608 0.000000
vn 1.181763 2.248341 0.000000
vn 0.989549 2.339315 0.000000
vn 0.790399 2.413891 0.000000
vn 0.585709 2.471547 0.000000
vn 0.376913 2.511879 0.000000
vn 0.165476 2.534604 0.000000
vn 0.165476 2.534604 0.000000
vn 0.376913 2.511879 0.000000
vn 0.585709 2.471547 0.000000
vn 0.790399 2.413891 0.000000
vn 0.989549 2.339315 0.000000
vn 1.181763 2.248341 0.000000
vn 1.365693 2.141608 0.000000
vn 1.540050 2.019863 0.000000
vn -2.019863 1.540050 -0.000000
vn -2.019863 1.540050 -0.000000
vn -2.019863 1.540050 -0.000000
vn -2.019863 1.540050 -0.000000
vn -0.000000 0.000000 2.540000
vn -0.000000 0.000000 2.540000
vn -0.000000 0.000000 2.540000
vn -0.000000 0.000000 2.540000
vn -0.000000 0.000000 2.540000
vn -0.000000 0.000000 2.540000
vn -0.000000 0.000000 2.540000
vn -0.000000 0.000000 2.540000
vn -0.000000 0.000000 2.540000
vn -0.000000 0.000000 2.540000
vn -0.000000 0.000000 2.540000
vn -0.000000 0.000000 2.540000
vn -0.000000 0.000000 2.540000
vn -0.000000 0.000000 2.540000
vn -0.000000 0.000000 2.540000
vn -0.000000 0.000000 2.540000
vn -0.000000 0.000000 2.540000
vn -0.000000 0.000000 2.540000
vn -0.000000 0.000000 2.540000
vn -0.000000 0.000000 2.540000
vn -0.000000 0.000000 2.540000
vn -0.000000 0.000000 2.540000
vn -0.000000 0.000000 2.540000
vn -0.000000 0.000000 2.540000
vn -0.000000 0.000000 2.540000
vn -0.000000 0.000000 2.540000
vn -0.000000 0.000000 2.540000
vn -0.000000 0.000000 2.540000
vn -0.000000 0.000000 2.540000
vn -0.000000 0.000000 2.540000
vn -0.000000 0.000000 2.540000
vn -0.000000 0.000000 2.540000
vn -0.000000 0.000000 2.540000
vn -0.000000 0.000000 2.540000
vn -0.000000 0.000000 2.540000
vn -0.000000 0.000000 2.540000
vn -0.000000 0.000000 2.540000
vn -0.000000 0.000000 2.540000
vn -0.000000 0.000000 2.540000
vn -0.000000 0.000000 2.540000
vn -0.000000 0.000000 2.540000
vn -0.000000 0.000000 2.540000
vn -0.000000 0.000000 2.540000
vn -0.000000 0.000000 2.540000
vn 0.000000 -0.000000 -2.540000
vn 0.000000 -0.000000 -2.540000
vn 0.000000 -0.000000 -2.540000
vn 0.000000 -0.000000 -2.540000
vn 0.000000 -0.000000 -2.540000
vn 0.000000 -0.000000 -2.540000
vn 0.000000 -0.000000 -2.540000
vn 0.000000 -0.000000 -2.540000
vn 0.000000 -0.000000 -2.540000
vn 0.000000 -0.000000 -2.540000
vn 0.000000 -0.000000 -2.540000
vn 0.000000 -0.000000 -2.540000
vn 0.000000 -0.000000 -2.540000
vn 0.000000 -0.000000 -2.540000
vn 0.000000 -0.000000 -2.540000
vn 0.000000 -0.000000 -2.540000
vn 0.000000 -0.000000 -2.540000
vn 0.000000 -0.000000 -2.540000
vn 0.000000 -0.000000 -2.540000
vn 0.000000 -0.000000 -2.540000
vn 0.000000 -0.000000 -2.540000
vn 0.000000 -0.000000 -2.540000
vn 0.000000 -0.000000 -2.540000
vn 0.000000 -0.000000 -2.540000
vn 0.000000 -0.000000 -2.540000
vn 0.000000 -0.000000 -2.540000
vn 0.000000 -0.000000 -2.540000
vn 0.000000 -0.000000 -2.540000
vn 0.000000 -0.000000 -2.540000
vn 0.000000 -0.000000 -2.540000
vn 0.000000 -0.000000 -2.540000
vn 0.000000 -0.000000 -2.540000
vn 0.000000 -0.000000 -2.540000
vn 0.000000 -0.000000 -2.540000
vn 0.000000 -0.000000 -2.540000
vn 0.000000 -0.000000 -2.540000
vn 0.000000 -0.000000 -2.540000
vn 0.000000 -0.000000 -2.540000
vn 0.000000 -0.000000 -2.540000
vn 0.000000 -0.000000 -2.540000
vn 0.000000 -0.000000 -2.540000
vn 0.000000 -0.000000 -2.540000
vn 0.000000 -0.000000 -2.540000
vn 0.000000 -0.000000 -2.540000
f 2657/5530/5530 2658/5515/5515 2653/5529/5529
f 2653/5529/5529 2658/5515/5515 2654/5516/5516
f 2653/5529/5529 2654/5516/5516 2651/5528/5528
f 2651/5528/5528 2654/5516/5516 2652/5517/5517
f 2651/5528/5528 2652/5517/5517 2647/5527/5527
f 2647/5527/5527 2652/5517/5517 2648/5518/5518
f 2647/5527/5527 2648/5518/5518 2643/5526/5526
f 2643/5526/5526 2648/5518/5518 2644/5519/5519
f 2643/5526/5526 2644/5519/5519 2639/5525/5525
f 2639/5525/5525 2644/5519/5519 2640/5520/5520
f 2639/5525/5525 2640/5520/5520 2623/5524/5524
f 2623/5524/5524 2640/5520/5520 2624/5521/5521
f 2623/5524/5524 2624/5521/5521 2613/5523/5523
f 2613/5523/5523 2624/5521/5521 2614/5522/5522
f 2666/5531/5531 2658/5532/5532 2665/5534/5534
f 2665/5534/5534 2658/5532/5532 2657/5533/5533
f 2668/5535/5535 2666/5536/5536 2667/5538/5538
f 2667/5538/5538 2666/5536/5536 2665/5537/5537
f 2660/5539/5539 2668/5540/5540 2659/5542/5542
f 2659/5542/5542 2668/5540/5540 2667/5541/5541
f 2637/5554/5554 2638/5543/5543 2641/5553/5553
f 2641/5553/5553 2638/5543/5543 2642/5544/5544
f 2641/5553/5553 2642/5544/5544 2645/5552/5552
f 2645/5552/5552 2642/5544/5544 2646/5545/5545
f 2645/5552/5552 2646/5545/5545 2649/5551/5551
f 2649/5551/5551 2646/5545/5545 2650/5546/5546
f 2649/5551/5551 2650/5546/5546 2655/5550/5550
f 2655/5550/5550 2650/5546/5546 2656/5547/5547
f 2655/5550/5550 2656/5547/5547 2659/5549/5549
f 2659/5549/5549 2656/5547/5547 2660/5548/5548
f 2662/5555/5555 2638/5556/5556 2661/5558/5558
f 2661/5558/5558 2638/5556/5556 2637/5557/5557
f 2664/5559/5559 2662/5560/5560 2663/5562/5562
f 2663/5562/5562 2662/5560/5560 2661/5561/5561
f 2612/5563/5563 2664/5564/5564 2611/5566/5566
f 2611/5566/5566 2664/5564/5564 2663/5565/5565
f 2600/5567/5567 2612/5568/5568 2599/5570/5570
f 2599/5570/5570 2612/5568/5568 2611/5569/5569
f 2598/5571/5571 2600/5572/5572 2597/5574/5574
f 2597/5574/5574 2600/5572/5572 2599/5573/5573
f 2604/5575/5575 2598/5576/5576 2603/5578/5578
f 2603/5578/5578 2598/5576/5576 2597/5577/5577
f 2608/5579/5579 2604/5580/5580 2607/5582/5582
f 2607/5582/5582 2604/5580/5580 2603/5581/5581
f 2635/5594/5594 2636/5583/5583 2631/5593/5593
f 2631/5593/5593 2636/5583/5583 2632/5584/5584
f 2631/5593/5593 2632/5584/5584 2627/5592/5592
f 2627/5592/5592 2632/5584/5584 2628/5585/5585
f 2627/5592/5592 2628/5585/5585 2619/5591/5591
f 2619/5591/5591 2628/5585/5585 2620/5586/5586
f 2619/5591/5591 2620/5586/5586 2615/5590/5590
f 2615/5590/5590 2620/5586/5586 2616/5587/5587
f 2615/5590/5590 2616/5587/5587 2607/5589/5589
f 2607/5589/5589 2616/5587/5587 2608/5588/5588
f 2586/5595/5595 2636/5596/5596 2585/5598/5598
f 2585/5598/5598 2636/5596/5596 2635/5597/5597
f 2596/5599/5599 2586/5600/5600 2595/5602/5602
f 2595/5602/5602 2586/5600/5600 2585/5601/5601
f 2592/5603/5603 2596/5604/5604 2591/5606/5606
f 2591/5606/5606 2596/5604/5604 2595/5605/5605
f 2584/5607/5607 2592/5608/5608 2583/5610/5610
f 2583/5610/5610 2592/5608/5608 2591/5609/5609
f 2582/5611/5611 2584/5612/5612 2581/5614/5614
f 2581/5614/5614 2584/5612/5612 2583/5613/5613
f 2590/5615/5615 2582/5616/5616 2589/5618/5618
f 2589/5618/5618 2582/5616/5616 2581/5617/5617
f 2594/5619/5619 2590/5620/5620 2593/5622/5622
f 2593/5622/5622 2590/5620/5620 2589/5621/5621
f 2588/5623/5623 2594/5624/5624 2587/5626/5626
f 2587/5626/5626 2594/5624/5624 2593/5625/5625
f 2634/5627/5627 2588/5628/5628 2633/5630/5630
f 2633/5630/5630 2588/5628/5628 2587/5629/5629
f 2601/5646/5646 2602/5631/5631 2605/5645/5645
f 2605/5645/5645 2602/5631/5631 2606/5632/5632
f 2605/5645/5645 2606/5632/5632 2609/5644/5644
f 2609/5644/5644 2606/5632/5632 2610/5633/5633
f 2609/5644/5644 2610/5633/5633 2617/5643/5643
f 2617/5643/5643 2610/5633/5633 2618/5634/5634
f 2617/5643/5643 2618/5634/5634 2621/5642/5642
f 2621/5642/5642 2618/5634/5634 2622/5635/5635
f 2621/5642/5642 2622/5635/5635 2625/5641/5641
f 2625/5641/5641 2622/5635/5635 2626/5636/5636
f 2625/5641/5641 2626/5636/5636 2629/5640/5640
f 2629/5640/5640 2626/5636/5636 2630/5637/5637
f 2629/5640/5640 2630/5637/5637 2633/5639/5639
f 2633/5639/5639 2630/5637/5637 2634/5638/5638
f 2614/5647/5647 2602/5648/5648 2613/5650/5650
f 2613/5650/5650 2602/5648/5648 2601/5649/5649
f 2614/5652/5652 2624/5653/5653 2602/5651/5651
f 2602/5651/5651 2624/5653/5653 2606/5694/5694
f 2606/5694/5694 2624/5653/5653 2640/5654/5654
f 2606/5694/5694 2640/5654/5654 2610/5693/5693
f 2610/5693/5693 2640/5654/5654 2644/5655/5655
f 2610/5693/5693 2644/5655/5655 2618/5692/5692
f 2618/5692/5692 2644/5655/5655 2648/5656/5656
f 2618/5692/5692 2648/5656/5656 2622/5691/5691
f 2622/5691/5691 2648/5656/5656 2652/5657/5657
f 2622/5691/5691 2652/5657/5657 2626/5690/5690
f 2626/5690/5690 2652/5657/5657 2654/5658/5658
f 2626/5690/5690 2654/5658/5658 2630/5689/5689
f 2630/5689/5689 2654/5658/5658 2634/5688/5688
f 2634/5688/5688 2654/5658/5658 2658/5659/5659
f 2634/5688/5688 2658/5659/5659 2636/5679/5679
f 2636/5679/5679 2658/5659/5659 2660/5662/5662
f 2636/5679/5679 2660/5662/5662 2656/5663/5663
f 2658/5659/5659 2666/5660/5660 2660/5662/5662
f 2660/5662/5662 2666/5660/5660 2668/5661/5661
f 2650/5664/5664 2628/5677/5677 2656/5663/5663
f 2656/5663/5663 2628/5677/5677 2632/5678/5678
f 2656/5663/5663 2632/5678/5678 2636/5679/5679
f 2628/5677/5677 2650/5664/5664 2620/5676/5676
f 2620/5676/5676 2650/5664/5664 2646/5665/5665
f 2620/5676/5676 2646/5665/5665 2616/5675/5675
f 2616/5675/5675 2646/5665/5665 2642/5666/5666
f 2616/5675/5675 2642/5666/5666 2608/5674/5674
f 2608/5674/5674 2642/5666/5666 2638/5667/5667
f 2608/5674/5674 2638/5667/5667 2600/5671/5671
f 2600/5671/5671 2638/5667/5667 2612/5670/5670
f 2612/5670/5670 2638/5667/5667 2664/5669/5669
f 2664/5669/5669 2638/5667/5667 2662/5668/5668
f 2600/5671/5671 2598/5672/5672 2608/5674/5674
f 2608/5674/5674 2598/5672/5672 2604/5673/5673
f 2634/5688/5688 2636/5679/5679 2588/5687/5687
f 2588/5687/5687 2636/5679/5679 2586/5680/5680
f 2588/5687/5687 2586/5680/5680 2582/5684/5684
f 2582/5684/5684 2586/5680/5680 2584/5683/5683
f 2584/5683/5683 2586/5680/5680 2592/5682/5682
f 2592/5682/5682 2586/5680/5680 2596/5681/5681
f 2582/5684/5684 2590/5685/5685 2588/5687/5687
f 2588/5687/5687 2590/5685/5685 2594/5686/5686
f 2613/5695/5695 2601/5696/5696 2623/5738/5738
f 2623/5738/5738 2601/5696/5696 2605/5697/5697
f 2623/5738/5738 2605/5697/5697 2639/5737/5737
f 2639/5737/5737 2605/5697/5697 2609/5698/5698
f 2639/5737/5737 2609/5698/5698 2643/5736/5736
f 2643/5736/5736 2609/5698/5698 2617/5699/5699
f 2643/5736/5736 2617/5699/5699 2647/5735/5735
f 2647/5735/5735 2617/5699/5699 2621/5700/5700
f 2647/5735/5735 2621/5700/5700 2651/5734/5734
f 2651/5734/5734 2621/5700/5700 2625/5701/5701
f 2651/5734/5734 2625/5701/5701 2653/5733/5733
f 2653/5733/5733 2625/5701/5701 2629/5702/5702
f 2653/5733/5733 2629/5702/5702 2633/5703/5703
f 2587/5704/5704 2635/5712/5712 2633/5703/5703
f 2633/5703/5703 2635/5712/5712 2657/5732/5732
f 2633/5703/5703 2657/5732/5732 2653/5733/5733
f 2593/5705/5705 2589/5706/5706 2587/5704/5704
f 2587/5704/5704 2589/5706/5706 2581/5707/5707
f 2587/5704/5704 2581/5707/5707 2585/5711/5711
f 2585/5711/5711 2581/5707/5707 2583/5708/5708
f 2585/5711/5711 2583/5708/5708 2591/5709/5709
f 2591/5709/5709 2595/5710/5710 2585/5711/5711
f 2585/5711/5711 2635/5712/5712 2587/5704/5704
f 2631/5713/5713 2655/5728/5728 2635/5712/5712
f 2635/5712/5712 2655/5728/5728 2659/5729/5729
f 2635/5712/5712 2659/5729/5729 2657/5732/5732
f 2657/5732/5732 2659/5729/5729 2665/5731/5731
f 2665/5731/5731 2659/5729/5729 2667/5730/5730
f 2631/5713/5713 2627/5714/5714 2655/5728/5728
f 2655/5728/5728 2627/5714/5714 2649/5727/5727
f 2649/5727/5727 2627/5714/5714 2619/5715/5715
f 2649/5727/5727 2619/5715/5715 2645/5726/5726
f 2645/5726/5726 2619/5715/5715 2615/5716/5716
f 2645/5726/5726 2615/5716/5716 2641/5725/5725
f 2641/5725/5725 2615/5716/5716 2607/5717/5717
f 2641/5725/5725 2607/5717/5717 2637/5724/5724
f 2637/5724/5724 2607/5717/5717 2599/5720/5720
f 2637/5724/5724 2599/5720/5720 2611/5721/5721
f 2603/5718/5718 2597/5719/5719 2607/5717/5717
f 2607/5717/5717 2597/5719/5719 2599/5720/5720
f 2611/5721/5721 2663/5722/5722 2637/5724/5724
f 2637/5724/5724 2663/5722/5722 2661/5723/5723
g Solid28

v 0.328261 -0.333866 0.039370
v 0.328261 -0.333866 0.059055
v 0.324933 -0.338638 0.039370
v 0.324933 -0.338638 0.059055
v 0.334532 -0.338647 0.039370
v 0.334532 -0.338647 0.059055
v 0.331621 -0.342816 0.039370
v 0.331621 -0.342816 0.059055
v 0.322021 -0.343675 0.039370
v 0.322021 -0.343675 0.059055
v 0.329069 -0.347214 0.039370
v 0.329069 -0.347214 0.059055
v 0.319546 -0.348941 0.039370
v 0.319546 -0.348941 0.059055
v 0.326894 -0.351809 0.039370
v 0.326894 -0.351809 0.059055
v 0.363356 -0.352128 0.039370
v 0.363356 -0.352128 0.059055
v 0.317526 -0.354397 0.039370
v 0.317526 -0.354397 0.059055
v 0.325111 -0.356571 0.039370
v 0.325111 -0.356571 0.059055
v 0.357788 -0.357696 0.039370
v 0.357788 -0.357696 0.059055
v 0.315976 -0.360004 0.039370
v 0.315976 -0.360004 0.059055
v 0.323732 -0.361465 0.039370
v 0.323732 -0.361465 0.059055
v 0.314906 -0.365723 0.039370
v 0.314906 -0.365723 0.059055
v 0.322768 -0.366457 0.039370
v 0.322768 -0.366457 0.059055
v 0.272589 -0.371512 0.039370
v 0.272589 -0.371512 0.059055
v 0.314325 -0.371512 0.039370
v 0.314325 -0.371512 0.059055
v 0.322225 -0.371512 0.039370
v 0.322225 -0.371512 0.059055
v 0.371605 -0.371512 0.039370
v 0.371605 -0.371512 0.059055
v 0.382825 -0.371597 0.039370
v 0.382825 -0.371597 0.059055
v 0.382825 -0.379340 0.039370
v 0.382825 -0.379340 0.059055
v 0.272589 -0.379386 0.039370
v 0.272589 -0.379386 0.059055
v 0.314322 -0.379386 0.039370
v 0.314322 -0.379386 0.059055
v 0.322222 -0.379386 0.039370
v 0.322222 -0.379386 0.059055
v 0.371643 -0.379386 0.039370
v 0.371643 -0.379386 0.059055
v 0.322768 -0.384478 0.039370
v 0.322768 -0.384478 0.059055
v 0.314912 -0.385256 0.039370
v 0.314912 -0.385256 0.059055
v 0.332002 -0.387601 0.039370
v 0.332002 -0.387601 0.059055
v 0.339757 -0.388969 0.039370
v 0.339757 -0.388969 0.059055
v 0.323740 -0.389506 0.039370
v 0.323740 -0.389506 0.059055
v 0.316004 -0.391053 0.039370
v 0.316004 -0.391053 0.059055
v 0.357764 -0.393266 0.039370
v 0.357764 -0.393266 0.059055
v 0.325133 -0.394434 0.039370
v 0.325133 -0.394434 0.059055
v 0.317589 -0.396736 0.039370
v 0.317589 -0.396736 0.059055
v 0.363331 -0.398834 0.039370
v 0.363331 -0.398834 0.059055
v 0.326936 -0.399227 0.039370
v 0.326936 -0.399227 0.059055
v 0.319657 -0.402261 0.039370
v 0.319657 -0.402261 0.059055
v 0.304893 -0.402952 0.039370
v 0.304893 -0.402952 0.059055
v 0.329137 -0.403852 0.039370
v 0.329137 -0.403852 0.059055
v 0.322192 -0.407588 0.039370
v 0.322192 -0.407588 0.059055
v 0.302855 -0.410558 0.039370
v 0.302855 -0.410558 0.059055
v 0.335471 -0.413271 0.039370
v 0.335471 -0.413271 0.059055
v 0.328546 -0.417442 0.039370
v 0.328546 -0.417442 0.059055
vt 0.000000 0.000000 0.000000
vt 0.106009 0.000000 0.000000
vt 0.106009 0.050000 0.000000
vt 0.000000 0.050000 0.000000
vt 0.000000 0.000000 0.000000
vt 0.020000 0.000000 0.000000
vt 0.020000 0.050000 0.000000
vt 0.000000 0.050000 0.000000
vt 0.000000 0.000000 0.000000
vt 0.106004 0.000000 0.000000
vt 0.106004 0.050000 0.000000
vt 0.000000 0.050000 0.000000
vt -0.000000 -0.074945 0.000000
vt -0.000000 -0.059956 0.000000
vt -0.000000 -0.044967 0.000000
vt -0.000000 -0.029978 0.000000
vt -0.000000 -0.014989 0.000000
vt -0.000000 0.000000 0.000000
vt -0.050000 0.000000 0.000000
vt -0.050000 -0.014989 0.000000
vt -0.050000 -0.029978 0.000000
vt -0.050000 -0.044967 0.000000
vt -0.050000 -0.059956 0.000000
vt -0.050000 -0.074945 0.000000
vt 0.000000 0.000000 0.000000
vt 0.045491 0.000000 0.000000
vt 0.045491 0.050000 0.000000
vt 0.000000 0.050000 0.000000
vt 0.000000 0.000000 0.000000
vt 0.020000 0.000000 0.000000
vt 0.020000 0.050000 0.000000
vt 0.000000 0.050000 0.000000
vt 0.000000 0.000000 0.000000
vt 0.067558 0.000000 0.000000
vt 0.067558 0.050000 0.000000
vt 0.000000 0.050000 0.000000
vt 0.000000 0.000000 0.000000
vt 0.020534 0.000000 0.000000
vt 0.020534 0.050000 0.000000
vt 0.000000 0.050000 0.000000
vt 0.000000 0.000000 0.000000
vt 0.062681 0.000000 0.000000
vt 0.062681 0.050000 0.000000
vt 0.000000 0.050000 0.000000
vt 0.000000 0.000000 0.000000
vt 0.020000 0.000000 0.000000
vt 0.020000 0.050000 0.000000
vt 0.000000 0.050000 0.000000
vt 0.000000 0.000000 0.000000
vt 0.041913 0.000000 0.000000
vt 0.041913 0.050000 0.000000
vt 0.000000 0.050000 0.000000
vt 0.000000 0.000000 0.000000
vt 0.000000 -0.013011 0.000000
vt 0.000000 -0.026023 0.000000
vt 0.000000 -0.039034 0.000000
vt 0.000000 -0.052046 0.000000
vt 0.000000 -0.065057 0.000000
vt 0.050000 -0.065057 0.000000
vt 0.050000 -0.052046 0.000000
vt 0.050000 -0.039034 0.000000
vt 0.050000 -0.026023 0.000000
vt 0.050000 -0.013011 0.000000
vt 0.050000 0.000000 0.000000
vt 0.000000 0.000000 0.000000
vt 0.125530 0.000000 0.000000
vt 0.125530 0.050000 0.000000
vt 0.000000 0.050000 0.000000
vt 0.000000 0.000000 0.000000
vt 0.049858 0.000000 0.000000
vt 0.049858 0.050000 0.000000
vt 0.000000 0.050000 0.000000
vt 0.000000 0.000000 0.000000
vt 0.020000 0.000000 0.000000
vt 0.020000 0.050000 0.000000
vt 0.000000 0.050000 0.000000
vt 0.000000 0.000000 0.000000
vt 0.070023 0.000000 0.000000
vt 0.070023 0.050000 0.000000
vt 0.000000 0.050000 0.000000
vt 0.000000 0.000000 0.000000
vt 0.019669 0.000000 0.000000
vt 0.019669 0.050000 0.000000
vt 0.000000 0.050000 0.000000
vt 0.000000 0.000000 0.000000
vt 0.069933 0.000000 0.000000
vt 0.069933 0.050000 0.000000
vt 0.000000 0.050000 0.000000
vt 0.000000 0.000000 0.000000
vt 0.020000 0.000000 0.000000
vt 0.020000 0.050000 0.000000
vt 0.000000 0.050000 0.000000
vt 0.000000 0.000000 0.000000
vt 0.049630 0.000000 0.000000
vt 0.049630 0.050000 0.000000
vt 0.000000 0.050000 0.000000
vt 0.000000 0.000000 0.000000
vt 0.125425 0.000000 0.000000
vt 0.125425 0.050000 0.000000
vt 0.000000 0.050000 0.000000
vt 0.000000 0.000000 0.000000
vt 0.000000 -0.012918 0.000000
vt 0.000000 -0.025836 0.000000
vt 0.000000 -0.038754 0.000000
vt 0.000000 -0.051672 0.000000
vt 0.000000 -0.064591 0.000000
vt 0.000000 -0.077509 0.000000
vt 0.000000 -0.090427 0.000000
vt 0.050000 -0.090427 0.000000
vt 0.050000 -0.077509 0.000000
vt 0.050000 -0.064591 0.000000
vt 0.050000 -0.051672 0.000000
vt 0.050000 -0.038754 0.000000
vt 0.050000 -0.025836 0.000000
vt 0.050000 -0.012918 0.000000
vt 0.050000 0.000000 0.000000
vt 0.000000 0.000000 0.000000
vt 0.020029 0.000000 0.000000
vt 0.020029 0.050000 0.000000
vt 0.000000 0.050000 0.000000
vt -0.000000 -0.103476 0.000000
vt -0.000000 -0.088693 0.000000
vt -0.000000 -0.073911 0.000000
vt -0.000000 -0.059129 0.000000
vt -0.000000 -0.044347 0.000000
vt -0.000000 -0.029564 0.000000
vt -0.000000 -0.014782 0.000000
vt -0.000000 0.000000 0.000000
vt -0.050000 0.000000 0.000000
vt -0.050000 -0.014782 0.000000
vt -0.050000 -0.029564 0.000000
vt -0.050000 -0.044347 0.000000
vt -0.050000 -0.059129 0.000000
vt -0.050000 -0.073911 0.000000
vt -0.050000 -0.088693 0.000000
vt -0.050000 -0.103476 0.000000
vt -0.106141 0.001408 0.000000
vt -0.094020 -0.007045 0.000000
vt -0.081226 -0.014442 0.000000
vt -0.067852 -0.020728 0.000000
vt -0.053994 -0.025859 0.000000
vt -0.039750 -0.029797 0.000000
vt -0.025224 -0.032514 0.000000
vt -0.010520 -0.033991 0.000000
vt -0.010520 -0.140000 0.000000
vt 0.009480 -0.140000 0.000000
vt 0.009480 -0.033996 0.000000
vt 0.024389 -0.032498 0.000000
vt 0.039114 -0.029725 0.000000
vt 0.053547 -0.025698 0.000000
vt 0.067581 -0.020445 0.000000
vt 0.081111 -0.014007 0.000000
vt 0.069337 -0.057948 0.000000
vt 0.088656 -0.063124 0.000000
vt 0.106141 0.002132 0.000000
vt 0.095547 0.019722 0.000000
vt 0.033819 0.030607 0.000000
vt 0.030346 0.010910 0.000000
vt 0.071622 0.003632 0.000000
vt 0.059876 -0.001957 0.000000
vt 0.047701 -0.006536 0.000000
vt 0.035184 -0.010074 0.000000
vt 0.022413 -0.012545 0.000000
vt 0.009480 -0.013930 0.000000
vt 0.009480 0.111599 0.000000
vt 0.044734 0.076344 0.000000
vt 0.058877 0.090487 0.000000
vt 0.009363 0.140000 0.000000
vt -0.010306 0.140000 0.000000
vt -0.059756 0.090550 0.000000
vt -0.045614 0.076408 0.000000
vt -0.010520 0.111501 0.000000
vt -0.010520 -0.013924 0.000000
vt -0.023361 -0.012544 0.000000
vt -0.036041 -0.010094 0.000000
vt -0.048471 -0.006593 0.000000
vt -0.060566 -0.002064 0.000000
vt -0.072239 0.003461 0.000000
vt -0.083408 0.009942 0.000000
vt -0.093997 0.017336 0.000000
vt 0.010520 -0.033991 0.000000
vt 0.025224 -0.032514 0.000000
vt 0.039750 -0.029797 0.000000
vt 0.053994 -0.025859 0.000000
vt 0.067852 -0.020728 0.000000
vt 0.081226 -0.014442 0.000000
vt 0.094020 -0.007045 0.000000
vt 0.106141 0.001408 0.000000
vt 0.093997 0.017336 0.000000
vt 0.083408 0.009942 0.000000
vt 0.072239 0.003461 0.000000
vt 0.060566 -0.002064 0.000000
vt 0.048471 -0.006593 0.000000
vt 0.036041 -0.010094 0.000000
vt 0.023361 -0.012544 0.000000
vt 0.010520 -0.013924 0.000000
vt 0.010520 0.111501 0.000000
vt 0.045614 0.076408 0.000000
vt 0.059756 0.090550 0.000000
vt 0.010306 0.140000 0.000000
vt -0.009363 0.140000 0.000000
vt -0.058877 0.090487 0.000000
vt -0.044734 0.076344 0.000000
vt -0.009480 0.111599 0.000000
vt -0.009480 -0.013930 0.000000
vt -0.022413 -0.012545 0.000000
vt -0.035184 -0.010074 0.000000
vt -0.047701 -0.006536 0.000000
vt -0.059876 -0.001957 0.000000
vt -0.071622 0.003632 0.000000
vt -0.030346 0.010910 0.000000
vt -0.033819 0.030607 0.000000
vt -0.095547 0.019722 0.000000
vt -0.106141 0.002132 0.000000
vt -0.088656 -0.063124 0.000000
vt -0.069337 -0.057948 0.000000
vt -0.081111 -0.014007 0.000000
vt -0.067581 -0.020445 0.000000
vt -0.053547 -0.025698 0.000000
vt -0.039114 -0.029725 0.000000
vt -0.024389 -0.032498 0.000000
vt -0.009480 -0.033996 0.000000
vt -0.009480 -0.140000 0.000000
vt 0.010520 -0.140000 0.000000
vn 0.000000 2.540000 -0.000000
vn 0.000000 2.540000 -0.000000
vn 0.000000 2.540000 -0.000000
vn 0.000000 2.540000 -0.000000
vn -2.540000 -0.000000 -0.000000
vn -2.540000 -0.000000 -0.000000
vn -2.540000 -0.000000 -0.000000
vn -2.540000 -0.000000 -0.000000
vn 0.000000 -2.540000 0.000000
vn 0.000000 -2.540000 0.000000
vn 0.000000 -2.540000 0.000000
vn 0.000000 -2.540000 0.000000
vn -2.244523 -1.188998 -0.000000
vn -2.338360 -0.991802 -0.000000
vn -2.414912 -0.787275 -0.000000
vn -2.473612 -0.576928 -0.000000
vn -2.514026 -0.362316 -0.000000
vn -2.535856 -0.145025 -0.000000
vn -2.535856 -0.145025 -0.000000
vn -2.514026 -0.362316 -0.000000
vn -2.473612 -0.576928 -0.000000
vn -2.414912 -0.787275 -0.000000
vn -2.338360 -0.991802 -0.000000
vn -2.244523 -1.188998 -0.000000
vn 0.657400 2.453452 0.000000
vn 0.657400 2.453452 0.000000
vn 0.657400 2.453452 0.000000
vn 0.657400 2.453452 0.000000
vn -2.453452 0.657400 -0.000000
vn -2.453452 0.657400 -0.000000
vn -2.453452 0.657400 -0.000000
vn -2.453452 0.657400 -0.000000
vn -0.657400 -2.453452 -0.000000
vn -0.657400 -2.453452 -0.000000
vn -0.657400 -2.453452 -0.000000
vn -0.657400 -2.453452 -0.000000
vn 1.310418 -2.175869 0.000000
vn 1.310418 -2.175869 0.000000
vn 1.310418 -2.175869 0.000000
vn 1.310418 -2.175869 0.000000
vn 2.501412 -0.441066 0.000000
vn 2.501412 -0.441066 0.000000
vn 2.501412 -0.441066 0.000000
vn 2.501412 -0.441066 0.000000
vn 0.441066 2.501412 0.000000
vn 0.441066 2.501412 0.000000
vn 0.441066 2.501412 0.000000
vn 0.441066 2.501412 0.000000
vn -2.501412 0.441066 -0.000000
vn -2.501412 0.441066 -0.000000
vn -2.501412 0.441066 -0.000000
vn -2.501412 0.441066 -0.000000
vn 2.534709 0.163857 0.000000
vn 2.511892 0.376829 0.000000
vn 2.471212 0.587122 0.000000
vn 2.412959 0.793240 0.000000
vn 2.337547 0.993717 0.000000
vn 2.245513 1.187127 0.000000
vn 2.245513 1.187127 0.000000
vn 2.337547 0.993717 0.000000
vn 2.412959 0.793240 0.000000
vn 2.471212 0.587122 0.000000
vn 2.511892 0.376829 0.000000
vn 2.534709 0.163857 0.000000
vn 0.000000 -2.540000 0.000000
vn 0.000000 -2.540000 0.000000
vn 0.000000 -2.540000 0.000000
vn 0.000000 -2.540000 0.000000
vn -1.796051 1.796051 -0.000000
vn -1.796051 1.796051 -0.000000
vn -1.796051 1.796051 -0.000000
vn -1.796051 1.796051 -0.000000
vn -1.796051 -1.796051 -0.000000
vn -1.796051 -1.796051 -0.000000
vn -1.796051 -1.796051 -0.000000
vn -1.796051 -1.796051 -0.000000
vn 1.796051 -1.796051 0.000000
vn 1.796051 -1.796051 0.000000
vn 1.796051 -1.796051 0.000000
vn 1.796051 -1.796051 0.000000
vn 2.540000 0.000000 0.000000
vn 2.540000 0.000000 0.000000
vn 2.540000 0.000000 0.000000
vn 2.540000 0.000000 0.000000
vn 1.796051 1.796051 0.000000
vn 1.796051 1.796051 0.000000
vn 1.796051 1.796051 0.000000
vn 1.796051 1.796051 0.000000
vn -1.796051 1.796051 -0.000000
vn -1.796051 1.796051 -0.000000
vn -1.796051 1.796051 -0.000000
vn -1.796051 1.796051 -0.000000
vn -1.796051 -1.796051 -0.000000
vn -1.796051 -1.796051 -0.000000
vn -1.796051 -1.796051 -0.000000
vn -1.796051 -1.796051 -0.000000
vn 0.000000 2.540000 -0.000000
vn 0.000000 2.540000 -0.000000
vn 0.000000 2.540000 -0.000000
vn 0.000000 2.540000 -0.000000
vn 2.019863 -1.540050 0.000000
vn 2.141608 -1.365693 0.000000
vn 2.248341 -1.181763 0.000000
vn 2.339315 -0.989549 0.000000
vn 2.413891 -0.790399 0.000000
vn 2.471547 -0.585709 0.000000
vn 2.511879 -0.376913 0.000000
vn 2.534604 -0.165476 0.000000
vn 2.534604 -0.165476 0.000000
vn 2.511879 -0.376913 0.000000
vn 2.471547 -0.585709 0.000000
vn 2.413891 -0.790399 0.000000
vn 2.339315 -0.989549 0.000000
vn 2.248341 -1.181763 0.000000
vn 2.141608 -1.365693 0.000000
vn 2.019863 -1.540050 0.000000
vn 1.540050 2.019863 0.000000
vn 1.540050 2.019863 0.000000
vn 1.540050 2.019863 0.000000
vn 1.540050 2.019863 0.000000
vn -2.535774 0.146458 -0.000000
vn -2.514251 0.360755 -0.000000
vn -2.474650 0.572458 -0.000000
vn -2.417257 0.780045 -0.000000
vn -2.342484 0.982023 -0.000000
vn -2.250869 1.176941 -0.000000
vn -2.143070 1.363397 -0.000000
vn -2.019863 1.540050 -0.000000
vn -2.019863 1.540050 -0.000000
vn -2.143070 1.363397 -0.000000
vn -2.250869 1.176941 -0.000000
vn -2.342484 0.982023 -0.000000
vn -2.417257 0.780045 -0.000000
vn -2.474650 0.572458 -0.000000
vn -2.514251 0.360755 -0.000000
vn -2.535774 0.146458 -0.000000
vn -0.000000 0.000000 2.540000
vn -0.000000 0.000000 2.540000
vn -0.000000 0.000000 2.540000
vn -0.000000 0.000000 2.540000
vn -0.000000 0.000000 2.540000
vn -0.000000 0.000000 2.540000
vn -0.000000 0.000000 2.540000
vn -0.000000 0.000000 2.540000
vn -0.000000 0.000000 2.540000
vn -0.000000 0.000000 2.540000
vn -0.000000 0.000000 2.540000
vn -0.000000 0.000000 2.540000
vn -0.000000 0.000000 2.540000
vn -0.000000 0.000000 2.540000
vn -0.000000 0.000000 2.540000
vn -0.000000 0.000000 2.540000
vn -0.000000 0.000000 2.540000
vn -0.000000 0.000000 2.540000
vn -0.000000 0.000000 2.540000
vn -0.000000 0.000000 2.540000
vn -0.000000 0.000000 2.540000
vn -0.000000 0.000000 2.540000
vn -0.000000 0.000000 2.540000
vn -0.000000 0.000000 2.540000
vn -0.000000 0.000000 2.540000
vn -0.000000 0.000000 2.540000
vn -0.000000 0.000000 2.540000
vn -0.000000 0.000000 2.540000
vn -0.000000 0.000000 2.540000
vn -0.000000 0.000000 2.540000
vn -0.000000 0.000000 2.540000
vn -0.000000 0.000000 2.540000
vn -0.000000 0.000000 2.540000
vn -0.000000 0.000000 2.540000
vn -0.000000 0.000000 2.540000
vn -0.000000 0.000000 2.540000
vn -0.000000 0.000000 2.540000
vn -0.000000 0.000000 2.540000
vn -0.000000 0.000000 2.540000
vn -0.000000 0.000000 2.540000
vn -0.000000 0.000000 2.540000
vn -0.000000 0.000000 2.540000
vn -0.000000 0.000000 2.540000
vn -0.000000 0.000000 2.540000
vn 0.000000 -0.000000 -2.540000
vn 0.000000 -0.000000 -2.540000
vn 0.000000 -0.000000 -2.540000
vn 0.000000 -0.000000 -2.540000
vn 0.000000 -0.000000 -2.540000
vn 0.000000 -0.000000 -2.540000
vn 0.000000 -0.000000 -2.540000
vn 0.000000 -0.000000 -2.540000
vn 0.000000 -0.000000 -2.540000
vn 0.000000 -0.000000 -2.540000
vn 0.000000 -0.000000 -2.540000
vn 0.000000 -0.000000 -2.540000
vn 0.000000 -0.000000 -2.540000
vn 0.000000 -0.000000 -2.540000
vn 0.000000 -0.000000 -2.540000
vn 0.000000 -0.000000 -2.540000
vn 0.000000 -0.000000 -2.540000
vn 0.000000 -0.000000 -2.540000
vn 0.000000 -0.000000 -2.540000
vn 0.000000 -0.000000 -2.540000
vn 0.000000 -0.000000 -2.540000
vn 0.000000 -0.000000 -2.540000
vn 0.000000 -0.000000 -2.540000
vn 0.000000 -0.000000 -2.540000
vn 0.000000 -0.000000 -2.540000
vn 0.000000 -0.000000 -2.540000
vn 0.000000 -0.000000 -2.540000
vn 0.000000 -0.000000 -2.540000
vn 0.000000 -0.000000 -2.540000
vn 0.000000 -0.000000 -2.540000
vn 0.000000 -0.000000 -2.540000
vn 0.000000 -0.000000 -2.540000
vn 0.000000 -0.000000 -2.540000
vn 0.000000 -0.000000 -2.540000
vn 0.000000 -0.000000 -2.540000
vn 0.000000 -0.000000 -2.540000
vn 0.000000 -0.000000 -2.540000
vn 0.000000 -0.000000 -2.540000
vn 0.000000 -0.000000 -2.540000
vn 0.000000 -0.000000 -2.540000
vn 0.000000 -0.000000 -2.540000
vn 0.000000 -0.000000 -2.540000
vn 0.000000 -0.000000 -2.540000
vn 0.000000 -0.000000 -2.540000
f 2702/5739/5739 2704/5740/5740 2701/5742/5742
f 2701/5742/5742 2704/5740/5740 2703/5741/5741
f 2714/5743/5743 2702/5744/5744 2713/5746/5746
f 2713/5746/5746 2702/5744/5744 2701/5745/5745
f 2716/5747/5747 2714/5748/5748 2715/5750/5750
f 2715/5750/5750 2714/5748/5748 2713/5749/5749
f 2749/5762/5762 2750/5751/5751 2743/5761/5761
f 2743/5761/5761 2750/5751/5751 2744/5752/5752
f 2743/5761/5761 2744/5752/5752 2737/5760/5760
f 2737/5760/5760 2744/5752/5752 2738/5753/5753
f 2737/5760/5760 2738/5753/5753 2731/5759/5759
f 2731/5759/5759 2738/5753/5753 2732/5754/5754
f 2731/5759/5759 2732/5754/5754 2723/5758/5758
f 2723/5758/5758 2732/5754/5754 2724/5755/5755
f 2723/5758/5758 2724/5755/5755 2715/5757/5757
f 2715/5757/5757 2724/5755/5755 2716/5756/5756
f 2746/5763/5763 2750/5764/5764 2745/5766/5766
f 2745/5766/5766 2750/5764/5764 2749/5765/5765
f 2752/5767/5767 2746/5768/5768 2751/5770/5770
f 2751/5770/5770 2746/5768/5768 2745/5769/5769
f 2756/5771/5771 2752/5772/5772 2755/5774/5774
f 2755/5774/5774 2752/5772/5772 2751/5773/5773
f 2754/5775/5775 2756/5776/5776 2753/5778/5778
f 2753/5778/5778 2756/5776/5776 2755/5777/5777
f 2728/5779/5779 2754/5780/5780 2727/5782/5782
f 2727/5782/5782 2754/5780/5780 2753/5781/5781
f 2726/5783/5783 2728/5784/5784 2725/5786/5786
f 2725/5786/5786 2728/5784/5784 2727/5785/5785
f 2748/5787/5787 2726/5788/5788 2747/5790/5790
f 2747/5790/5790 2726/5788/5788 2725/5789/5789
f 2717/5802/5802 2718/5791/5791 2721/5801/5801
f 2721/5801/5801 2718/5791/5791 2722/5792/5792
f 2721/5801/5801 2722/5792/5792 2729/5800/5800
f 2729/5800/5800 2722/5792/5792 2730/5793/5793
f 2729/5800/5800 2730/5793/5793 2735/5799/5799
f 2735/5799/5799 2730/5793/5793 2736/5794/5794
f 2735/5799/5799 2736/5794/5794 2741/5798/5798
f 2741/5798/5798 2736/5794/5794 2742/5795/5795
f 2741/5798/5798 2742/5795/5795 2747/5797/5797
f 2747/5797/5797 2742/5795/5795 2748/5796/5796
f 2720/5803/5803 2718/5804/5804 2719/5806/5806
f 2719/5806/5806 2718/5804/5804 2717/5805/5805
f 2734/5807/5807 2720/5808/5808 2733/5810/5810
f 2733/5810/5810 2720/5808/5808 2719/5809/5809
f 2740/5811/5811 2734/5812/5812 2739/5814/5814
f 2739/5814/5814 2734/5812/5812 2733/5813/5813
f 2712/5815/5815 2740/5816/5816 2711/5818/5818
f 2711/5818/5818 2740/5816/5816 2739/5817/5817
f 2710/5819/5819 2712/5820/5820 2709/5822/5822
f 2709/5822/5822 2712/5820/5820 2711/5821/5821
f 2686/5823/5823 2710/5824/5824 2685/5826/5826
f 2685/5826/5826 2710/5824/5824 2709/5825/5825
f 2692/5827/5827 2686/5828/5828 2691/5830/5830
f 2691/5830/5830 2686/5828/5828 2685/5829/5829
f 2708/5831/5831 2692/5832/5832 2707/5834/5834
f 2707/5834/5834 2692/5832/5832 2691/5833/5833
f 2706/5835/5835 2708/5836/5836 2705/5838/5838
f 2705/5838/5838 2708/5836/5836 2707/5837/5837
f 2673/5854/5854 2674/5839/5839 2675/5853/5853
f 2675/5853/5853 2674/5839/5839 2676/5840/5840
f 2675/5853/5853 2676/5840/5840 2679/5852/5852
f 2679/5852/5852 2676/5840/5840 2680/5841/5841
f 2679/5852/5852 2680/5841/5841 2683/5851/5851
f 2683/5851/5851 2680/5841/5841 2684/5842/5842
f 2683/5851/5851 2684/5842/5842 2689/5850/5850
f 2689/5850/5850 2684/5842/5842 2690/5843/5843
f 2689/5850/5850 2690/5843/5843 2695/5849/5849
f 2695/5849/5849 2690/5843/5843 2696/5844/5844
f 2695/5849/5849 2696/5844/5844 2699/5848/5848
f 2699/5848/5848 2696/5844/5844 2700/5845/5845
f 2699/5848/5848 2700/5845/5845 2705/5847/5847
f 2705/5847/5847 2700/5845/5845 2706/5846/5846
f 2670/5855/5855 2674/5856/5856 2669/5858/5858
f 2669/5858/5858 2674/5856/5856 2673/5857/5857
f 2703/5874/5874 2704/5859/5859 2697/5873/5873
f 2697/5873/5873 2704/5859/5859 2698/5860/5860
f 2697/5873/5873 2698/5860/5860 2693/5872/5872
f 2693/5872/5872 2698/5860/5860 2694/5861/5861
f 2693/5872/5872 2694/5861/5861 2687/5871/5871
f 2687/5871/5871 2694/5861/5861 2688/5862/5862
f 2687/5871/5871 2688/5862/5862 2681/5870/5870
f 2681/5870/5870 2688/5862/5862 2682/5863/5863
f 2681/5870/5870 2682/5863/5863 2677/5869/5869
f 2677/5869/5869 2682/5863/5863 2678/5864/5864
f 2677/5869/5869 2678/5864/5864 2671/5868/5868
f 2671/5868/5868 2678/5864/5864 2672/5865/5865
f 2671/5868/5868 2672/5865/5865 2669/5867/5867
f 2669/5867/5867 2672/5865/5865 2670/5866/5866
f 2670/5875/5875 2672/5876/5876 2674/5918/5918
f 2674/5918/5918 2672/5876/5876 2676/5917/5917
f 2676/5917/5917 2672/5876/5876 2678/5877/5877
f 2676/5917/5917 2678/5877/5877 2680/5916/5916
f 2680/5916/5916 2678/5877/5877 2682/5878/5878
f 2680/5916/5916 2682/5878/5878 2684/5915/5915
f 2684/5915/5915 2682/5878/5878 2688/5879/5879
f 2684/5915/5915 2688/5879/5879 2690/5914/5914
f 2690/5914/5914 2688/5879/5879 2694/5880/5880
f 2690/5914/5914 2694/5880/5880 2696/5913/5913
f 2696/5913/5913 2694/5880/5880 2698/5881/5881
f 2696/5913/5913 2698/5881/5881 2700/5912/5912
f 2700/5912/5912 2698/5881/5881 2706/5911/5911
f 2706/5911/5911 2698/5881/5881 2704/5882/5882
f 2706/5911/5911 2704/5882/5882 2718/5902/5902
f 2718/5902/5902 2704/5882/5882 2716/5885/5885
f 2718/5902/5902 2716/5885/5885 2724/5886/5886
f 2704/5882/5882 2702/5883/5883 2716/5885/5885
f 2716/5885/5885 2702/5883/5883 2714/5884/5884
f 2732/5887/5887 2730/5900/5900 2724/5886/5886
f 2724/5886/5886 2730/5900/5900 2722/5901/5901
f 2724/5886/5886 2722/5901/5901 2718/5902/5902
f 2730/5900/5900 2732/5887/5887 2736/5899/5899
f 2736/5899/5899 2732/5887/5887 2738/5888/5888
f 2736/5899/5899 2738/5888/5888 2742/5898/5898
f 2742/5898/5898 2738/5888/5888 2744/5889/5889
f 2742/5898/5898 2744/5889/5889 2748/5897/5897
f 2748/5897/5897 2744/5889/5889 2750/5890/5890
f 2748/5897/5897 2750/5890/5890 2754/5894/5894
f 2754/5894/5894 2750/5890/5890 2756/5893/5893
f 2756/5893/5893 2750/5890/5890 2752/5892/5892
f 2752/5892/5892 2750/5890/5890 2746/5891/5891
f 2754/5894/5894 2728/5895/5895 2748/5897/5897
f 2748/5897/5897 2728/5895/5895 2726/5896/5896
f 2706/5911/5911 2718/5902/5902 2708/5910/5910
f 2708/5910/5910 2718/5902/5902 2720/5903/5903
f 2708/5910/5910 2720/5903/5903 2710/5907/5907
f 2710/5907/5907 2720/5903/5903 2712/5906/5906
f 2712/5906/5906 2720/5903/5903 2740/5905/5905
f 2740/5905/5905 2720/5903/5903 2734/5904/5904
f 2710/5907/5907 2686/5908/5908 2708/5910/5910
f 2708/5910/5910 2686/5908/5908 2692/5909/5909
f 2697/5920/5920 2705/5934/5934 2703/5919/5919
f 2703/5919/5919 2705/5934/5934 2717/5943/5943
f 2703/5919/5919 2717/5943/5943 2715/5960/5960
f 2715/5960/5960 2717/5943/5943 2723/5959/5959
f 2723/5959/5959 2717/5943/5943 2721/5944/5944
f 2723/5959/5959 2721/5944/5944 2729/5945/5945
f 2693/5921/5921 2695/5932/5932 2697/5920/5920
f 2697/5920/5920 2695/5932/5932 2699/5933/5933
f 2697/5920/5920 2699/5933/5933 2705/5934/5934
f 2695/5932/5932 2693/5921/5921 2689/5931/5931
f 2689/5931/5931 2693/5921/5921 2687/5922/5922
f 2689/5931/5931 2687/5922/5922 2683/5930/5930
f 2683/5930/5930 2687/5922/5922 2681/5923/5923
f 2683/5930/5930 2681/5923/5923 2679/5929/5929
f 2679/5929/5929 2681/5923/5923 2677/5924/5924
f 2679/5929/5929 2677/5924/5924 2675/5928/5928
f 2675/5928/5928 2677/5924/5924 2671/5925/5925
f 2675/5928/5928 2671/5925/5925 2673/5927/5927
f 2673/5927/5927 2671/5925/5925 2669/5926/5926
f 2705/5934/5934 2707/5935/5935 2717/5943/5943
f 2717/5943/5943 2707/5935/5935 2719/5942/5942
f 2719/5942/5942 2707/5935/5935 2709/5938/5938
f 2719/5942/5942 2709/5938/5938 2711/5939/5939
f 2691/5936/5936 2685/5937/5937 2707/5935/5935
f 2707/5935/5935 2685/5937/5937 2709/5938/5938
f 2711/5939/5939 2739/5940/5940 2719/5942/5942
f 2719/5942/5942 2739/5940/5940 2733/5941/5941
f 2723/5959/5959 2729/5945/5945 2731/5958/5958
f 2731/5958/5958 2729/5945/5945 2735/5946/5946
f 2731/5958/5958 2735/5946/5946 2737/5957/5957
f 2737/5957/5957 2735/5946/5946 2741/5947/5947
f 2737/5957/5957 2741/5947/5947 2743/5956/5956
f 2743/5956/5956 2741/5947/5947 2747/5948/5948
f 2743/5956/5956 2747/5948/5948 2749/5955/5955
f 2749/5955/5955 2747/5948/5948 2753/5951/5951
f 2749/5955/5955 2753/5951/5951 2755/5952/5952
f 2725/5949/5949 2727/5950/5950 2747/5948/5948
f 2747/5948/5948 2727/5950/5950 2753/5951/5951
f 2755/5952/5952 2751/5953/5953 2749/5955/5955
f 2749/5955/5955 2751/5953/5953 2745/5954/5954
f 2713/5961/5961 2701/5962/5962 2715/5960/5960
f 2715/5960/5960 2701/5962/5962 2703/5919/5919
g Solid29

v 0.452756 -0.281881 0.039370
v 0.452756 -0.281881 0.059055
v 0.476378 -0.281881 0.039370
v 0.476378 -0.281881 0.059055
v 0.446850 -0.287787 0.039370
v 0.446850 -0.287787 0.059055
v 0.482283 -0.287787 0.039370
v 0.482283 -0.287787 0.059055
v 0.464567 -0.293692 0.039370
v 0.464567 -0.293692 0.059055
v 0.460630 -0.301566 0.039370
v 0.460630 -0.301566 0.059055
v 0.468504 -0.301566 0.039370
v 0.468504 -0.301566 0.059055
v 0.460630 -0.317314 0.039370
v 0.460630 -0.317314 0.059055
v 0.468504 -0.317314 0.039370
v 0.468504 -0.317314 0.059055
vt 0.000000 0.000000 0.000000
vt 0.049497 0.000000 0.000000
vt 0.049497 0.050000 0.000000
vt 0.000000 0.050000 0.000000
vt 0.000000 0.000000 0.000000
vt 0.040000 0.000000 0.000000
vt 0.040000 0.050000 0.000000
vt 0.000000 0.050000 0.000000
vt 0.000000 0.000000 0.000000
vt 0.020000 0.000000 0.000000
vt 0.020000 0.050000 0.000000
vt 0.000000 0.050000 0.000000
vt 0.000000 0.000000 0.000000
vt 0.040000 0.000000 0.000000
vt 0.040000 0.050000 0.000000
vt 0.000000 0.050000 0.000000
vt 0.000000 0.000000 0.000000
vt 0.049497 0.000000 0.000000
vt 0.049497 0.050000 0.000000
vt 0.000000 0.050000 0.000000
vt 0.000000 0.000000 0.000000
vt 0.021213 0.000000 0.000000
vt 0.021213 0.050000 0.000000
vt 0.000000 0.050000 0.000000
vt 0.000000 0.000000 0.000000
vt 0.042426 0.000000 0.000000
vt 0.042426 0.050000 0.000000
vt 0.000000 0.050000 0.000000
vt 0.000000 0.000000 0.000000
vt 0.042426 0.000000 0.000000
vt 0.042426 0.050000 0.000000
vt 0.000000 0.050000 0.000000
vt 0.000000 0.000000 0.000000
vt 0.021213 0.000000 0.000000
vt 0.021213 0.050000 0.000000
vt 0.000000 0.050000 0.000000
vt -0.045000 -0.030000 0.000000
vt -0.030000 -0.045000 0.000000
vt 0.005000 -0.010000 0.000000
vt 0.045000 -0.010000 0.000000
vt 0.045000 0.010000 0.000000
vt 0.005000 0.010000 0.000000
vt -0.030000 0.045000 0.000000
vt -0.045000 0.030000 0.000000
vt -0.015000 0.000000 0.000000
vt 0.030000 -0.045000 0.000000
vt 0.045000 -0.030000 0.000000
vt 0.015000 0.000000 0.000000
vt 0.045000 0.030000 0.000000
vt 0.030000 0.045000 0.000000
vt -0.005000 0.010000 0.000000
vt -0.045000 0.010000 0.000000
vt -0.045000 -0.010000 0.000000
vt -0.005000 -0.010000 0.000000
vn -1.796051 -1.796051 -0.000000
vn -1.796051 -1.796051 -0.000000
vn -1.796051 -1.796051 -0.000000
vn -1.796051 -1.796051 -0.000000
vn -2.540000 -0.000000 -0.000000
vn -2.540000 -0.000000 -0.000000
vn -2.540000 -0.000000 -0.000000
vn -2.540000 -0.000000 -0.000000
vn 0.000000 -2.540000 0.000000
vn 0.000000 -2.540000 0.000000
vn 0.000000 -2.540000 0.000000
vn 0.000000 -2.540000 0.000000
vn 2.540000 0.000000 0.000000
vn 2.540000 0.000000 0.000000
vn 2.540000 0.000000 0.000000
vn 2.540000 0.000000 0.000000
vn 1.796051 -1.796051 0.000000
vn 1.796051 -1.796051 0.000000
vn 1.796051 -1.796051 0.000000
vn 1.796051 -1.796051 0.000000
vn 1.796051 1.796051 0.000000
vn 1.796051 1.796051 0.000000
vn 1.796051 1.796051 0.000000
vn 1.796051 1.796051 0.000000
vn -1.796051 1.796051 -0.000000
vn -1.796051 1.796051 -0.000000
vn -1.796051 1.796051 -0.000000
vn -1.796051 1.796051 -0.000000
vn 1.796051 1.796051 0.000000
vn 1.796051 1.796051 0.000000
vn 1.796051 1.796051 0.000000
vn 1.796051 1.796051 0.000000
vn -1.796051 1.796051 -0.000000
vn -1.796051 1.796051 -0.000000
vn -1.796051 1.796051 -0.000000
vn -1.796051 1.796051 -0.000000
vn -0.000000 0.000000 2.540000
vn -0.000000 0.000000 2.540000
vn -0.000000 0.000000 2.540000
vn -0.000000 0.000000 2.540000
vn -0.000000 0.000000 2.540000
vn -0.000000 0.000000 2.540000
vn -0.000000 0.000000 2.540000
vn -0.000000 0.000000 2.540000
vn -0.000000 0.000000 2.540000
vn 0.000000 -0.000000 -2.540000
vn 0.000000 -0.000000 -2.540000
vn 0.000000 -0.000000 -2.540000
vn 0.000000 -0.000000 -2.540000
vn 0.000000 -0.000000 -2.540000
vn 0.000000 -0.000000 -2.540000
vn 0.000000 -0.000000 -2.540000
vn 0.000000 -0.000000 -2.540000
vn 0.000000 -0.000000 -2.540000
f 2768/5963/5963 2762/5964/5964 2767/5966/5966
f 2767/5966/5966 2762/5964/5964 2761/5965/5965
f 2772/5967/5967 2768/5968/5968 2771/5970/5970
f 2771/5970/5970 2768/5968/5968 2767/5969/5969
f 2774/5971/5971 2772/5972/5972 2773/5974/5974
f 2773/5974/5974 2772/5972/5972 2771/5973/5973
f 2770/5975/5975 2774/5976/5976 2769/5978/5978
f 2769/5978/5978 2774/5976/5976 2773/5977/5977
f 2764/5979/5979 2770/5980/5980 2763/5982/5982
f 2763/5982/5982 2770/5980/5980 2769/5981/5981
f 2760/5983/5983 2764/5984/5984 2759/5986/5986
f 2759/5986/5986 2764/5984/5984 2763/5985/5985
f 2766/5987/5987 2760/5988/5988 2765/5990/5990
f 2765/5990/5990 2760/5988/5988 2759/5989/5989
f 2758/5991/5991 2766/5992/5992 2757/5994/5994
f 2757/5994/5994 2766/5992/5992 2765/5993/5993
f 2762/5995/5995 2758/5996/5996 2761/5998/5998
f 2761/5998/5998 2758/5996/5996 2757/5997/5997
f 2758/5999/5999 2762/6000/6000 2766/6007/6007
f 2766/6007/6007 2762/6000/6000 2768/6001/6001
f 2766/6007/6007 2768/6001/6001 2770/6004/6004
f 2770/6004/6004 2768/6001/6001 2772/6002/6002
f 2770/6004/6004 2772/6002/6002 2774/6003/6003
f 2770/6004/6004 2764/6005/6005 2766/6007/6007
f 2766/6007/6007 2764/6005/6005 2760/6006/6006
f 2757/6009/6009 2765/6010/6010 2761/6008/6008
f 2761/6008/6008 2765/6010/6010 2767/6016/6016
f 2767/6016/6016 2765/6010/6010 2769/6013/6013
f 2767/6016/6016 2769/6013/6013 2771/6015/6015
f 2771/6015/6015 2769/6013/6013 2773/6014/6014
f 2759/6011/6011 2763/6012/6012 2765/6010/6010
f 2765/6010/6010 2763/6012/6012 2769/6013/6013
g Solid1:1

v -7.206032 -2.137120 -0.319305
v -7.206032 2.137120 -0.319305
v -6.988227 -0.116327 -0.293923
v -6.988227 -0.102294 -0.373488
v -6.988227 -0.075909 -0.223955
v -6.988227 -0.040394 -0.425420
v -6.988227 -0.000000 -0.196323
v -6.988227 0.040394 -0.425420
v -6.988227 0.075909 -0.223955
v -6.988227 0.102294 -0.373488
v -6.988227 0.116327 -0.293923
v -6.959969 -0.000000 1.947693
v -6.783880 -2.137120 -0.368518
v -6.783880 -2.137120 -0.270093
v -6.783880 2.137120 -0.368518
v -6.783880 2.137120 -0.270093
v -6.783111 -0.000000 -0.171763
v -6.713906 -2.137120 -0.368518
v -6.713906 -2.137120 -0.270093
v -6.713906 2.137120 -0.368518
v -6.713906 2.137120 -0.270093
v -6.577994 -0.000000 -0.147203
v -6.571939 -0.012760 -0.146975
v -6.554830 -0.047939 -0.151652
v -6.537817 -0.081629 -0.164034
v -6.537817 -0.049213 1.947693
v -6.537817 0.049213 1.947693
v -6.520612 -0.112723 -0.183761
v -6.503503 -0.140165 -0.210237
v -6.486297 -0.162945 -0.242639
v -6.469092 -0.180198 -0.279936
v -6.467843 -0.049213 1.947693
v -6.467843 0.049213 1.947693
v -6.452464 -0.191107 -0.320882
v -6.452464 -0.190915 -0.319305
v -6.452464 0.190915 -0.319305
v -6.452368 0.192958 -0.347749
v -6.452271 -0.192741 -0.362791
v -6.452175 -0.187383 -0.404300
v -6.452175 0.190098 -0.389573
v -6.452079 0.180318 -0.430041
v -6.451983 -0.175200 -0.443925
v -6.451887 0.163954 -0.467699
v -6.451791 -0.156601 -0.480239
v -6.451695 -0.132139 -0.511907
v -6.451695 0.141510 -0.501178
v -6.451599 -0.102582 -0.537726
v -6.451599 0.113684 -0.529221
v -6.451503 -0.068821 -0.556653
v -6.451503 0.081340 -0.550725
v -6.451406 -0.031911 -0.567832
v -6.451406 0.007041 -0.570615
v -6.451406 0.045440 -0.564764
v -6.372974 -0.000000 -0.122643
v -6.251096 -0.223812 -0.344269
v -6.251096 0.223812 -0.344269
v -6.248885 -0.216266 -0.294421
v -6.248885 0.216266 -0.294421
v -6.167857 -0.000000 -0.098083
v -6.055687 -0.256372 -0.368518
v -6.055687 0.256372 -0.368518
v -6.049151 -0.239479 -0.270093
v -6.049151 0.239479 -0.270093
v -5.964759 -0.024726 -0.075026
v -5.964759 0.024726 -0.075026
v -5.900168 0.055797 -0.072333
v -5.900072 -0.075213 -0.077597
v -5.899975 -0.126828 -0.100241
v -5.899975 0.108854 -0.090824
v -5.899783 0.157370 -0.120561
v -5.899687 -0.173325 -0.133715
v -5.899591 0.199710 -0.160280
v -5.899495 -0.213118 -0.176644
v -5.899303 0.234505 -0.208422
v -5.899206 -0.244862 -0.227372
v -5.898918 0.260505 -0.263170
v -5.898245 0.282996 -0.384283
v -5.898149 -0.282660 -0.406573
v -5.897861 0.278719 -0.446257
v -5.897765 -0.274658 -0.468073
v -5.897572 0.264157 -0.506193
v -5.897380 -0.256540 -0.526746
v -5.897188 0.239815 -0.561917
v -5.897092 -0.228882 -0.580454
v -5.896900 0.206534 -0.611382
v -5.896803 -0.192645 -0.627214
v -5.896707 0.165444 -0.652732
v -5.896611 -0.149080 -0.665252
v -5.896515 0.117913 -0.684359
v -5.896419 -0.099627 -0.693059
v -5.896323 -0.045969 -0.709428
v -5.896323 0.010116 -0.713489
v -5.896323 0.065553 -0.704942
v -5.762911 -0.230444 -0.168923
v -5.762911 -0.187263 -0.122575
v -5.762911 -0.136873 -0.086456
v -5.762911 0.117433 -0.076299
v -5.762911 0.169961 -0.108379
v -5.762911 0.215906 -0.151253
v -5.762911 0.253656 -0.203243
v -5.762814 -0.264926 -0.223713
v -5.762814 -0.081076 -0.062036
v -5.762814 0.060122 -0.056360
v -5.762814 0.281891 -0.262386
v -5.762718 -0.049213 -0.054100
v -5.762718 0.049213 -0.054100
v -5.762046 0.306377 -0.393260
v -5.761853 -0.306017 -0.417351
v -5.761565 0.301716 -0.460238
v -5.761469 -0.297294 -0.483813
v -5.761180 0.285880 -0.525002
v -5.761084 -0.277566 -0.547205
v -5.760892 0.259399 -0.585193
v -5.760700 -0.247505 -0.605208
v -5.760508 0.223235 -0.638591
v -5.760412 -0.208168 -0.655674
v -5.760219 0.178636 -0.683196
v -5.760123 -0.160902 -0.696692
v -5.760027 0.127165 -0.717277
v -5.759931 -0.107388 -0.726645
v -5.759835 -0.049453 -0.744254
v -5.759835 0.010861 -0.748617
v -5.759835 0.070599 -0.739431
v -5.628057 -0.086843 -0.046751
v -5.628057 0.064351 -0.040695
v -5.627960 0.125915 -0.061989
v -5.627864 -0.146869 -0.072852
v -5.627672 0.182505 -0.096321
v -5.627576 -0.201176 -0.111529
v -5.627384 0.232102 -0.142273
v -5.627288 -0.247817 -0.161227
v -5.627095 0.272928 -0.198060
v -5.626903 -0.285135 -0.220039
v -5.626615 0.303518 -0.261580
v -5.625750 0.330022 -0.402237
v -5.625654 -0.329638 -0.428132
v -5.625365 0.324976 -0.474230
v -5.625173 -0.320218 -0.499568
v -5.624885 0.307843 -0.543832
v -5.624692 -0.298856 -0.567687
v -5.624500 0.279200 -0.608494
v -5.624308 -0.266344 -0.629989
v -5.624116 0.240104 -0.665828
v -5.624020 -0.223812 -0.684161
v -5.623827 0.191948 -0.713683
v -5.623731 -0.172821 -0.728153
v -5.623539 0.136464 -0.750211
v -5.623443 -0.115198 -0.760243
v -5.623347 -0.052961 -0.779084
v -5.623347 0.011630 -0.783746
v -5.623347 0.075645 -0.773926
v -5.356138 -0.049213 -0.004578
v -5.356138 0.049213 -0.004577
v -5.356042 -0.098521 -0.015884
v -5.356042 0.072930 -0.009045
v -5.355945 0.143120 -0.033119
v -5.355849 -0.167078 -0.045419
v -5.355657 0.207928 -0.072023
v -5.355465 -0.229338 -0.089280
v -5.355273 0.264902 -0.124195
v -5.355080 -0.282996 -0.145736
v -5.354792 0.311928 -0.187627
v -5.354696 -0.326009 -0.212638
v -5.354311 -0.350976 -0.270093
v -5.354311 0.347228 -0.259931
v -5.354311 0.350976 -0.270093
v -5.353639 -0.374237 -0.368518
v -5.353639 0.374237 -0.368518
v -5.353254 0.377865 -0.420189
v -5.353062 -0.377409 -0.449700
v -5.352774 0.372026 -0.502231
v -5.352581 -0.366499 -0.531102
v -5.352197 0.352202 -0.581524
v -5.352005 -0.341845 -0.608690
v -5.351716 0.319161 -0.655140
v -5.351524 -0.304335 -0.679596
v -5.351332 0.274106 -0.720346
v -5.351140 -0.255386 -0.741177
v -5.350947 0.218765 -0.774694
v -5.350755 -0.196826 -0.791108
v -5.350659 0.155207 -0.816103
v -5.350563 -0.130865 -0.827458
v -5.350371 -0.060002 -0.848748
v -5.350371 0.013144 -0.854004
v -5.350371 0.085786 -0.842926
v -5.332685 -0.049213 -0.003137
v -5.332685 0.073675 -0.007712
v -5.332589 -0.099531 -0.014606
v -5.332493 0.144586 -0.031980
v -5.332396 -0.168808 -0.044382
v -5.332204 0.210115 -0.071209
v -5.332108 -0.231765 -0.088611
v -5.331820 0.267714 -0.123825
v -5.331724 -0.286024 -0.145553
v -5.331435 0.315292 -0.187809
v -5.331243 -0.329518 -0.213039
v -5.330955 0.350976 -0.260750
v -5.330859 0.354436 -0.270093
v -5.330282 -0.378082 -0.368518
v -5.330282 0.378082 -0.368518
v -5.329897 0.381950 -0.422435
v -5.329705 -0.381494 -0.452209
v -5.329321 0.376063 -0.505209
v -5.329128 -0.370488 -0.534337
v -5.328840 0.356022 -0.585208
v -5.328648 -0.345521 -0.612614
v -5.328360 0.322597 -0.659473
v -5.328167 -0.307579 -0.684143
v -5.327879 0.277037 -0.725248
v -5.327783 -0.258078 -0.746258
v -5.327494 0.221072 -0.780061
v -5.327398 -0.198893 -0.796613
v -5.327206 0.156793 -0.821816
v -5.327110 -0.132211 -0.833264
v -5.327014 -0.060603 -0.854725
v -5.327014 0.086651 -0.848857
v -5.326918 0.013264 -0.860022
v -5.310866 -0.381157 -0.368518
v -5.310482 0.381229 -0.368518
v -5.306060 -0.381926 -0.368518
v -5.305579 0.381998 -0.368518
v -5.296352 -0.383464 -0.368518
v -5.295968 0.383536 -0.368518
v -5.276840 -0.386540 -0.368518
v -5.276552 0.386588 -0.368518
v -5.238008 -0.392643 -0.368518
v -5.237720 0.392692 -0.368518
v -5.160345 -0.404682 -0.368518
v -5.160152 0.404706 -0.368518
v -5.004921 -0.428135 -0.368518
v -5.004921 0.428135 -0.368518
v -4.976662 -0.399924 -0.270093
v -4.976662 0.399924 -0.270093
v -4.924662 -0.116928 -0.016190
v -4.924662 0.086434 -0.008561
v -4.924566 0.170178 -0.035470
v -4.924470 -0.198869 -0.049265
v -4.924374 0.247865 -0.079172
v -4.924278 -0.273625 -0.098610
v -4.924086 0.316422 -0.138011
v -4.923990 -0.338240 -0.162359
v -4.923797 0.373155 -0.209774
v -4.923605 -0.390168 -0.238116
v -4.923413 0.415832 -0.291761
v -4.923221 -0.427366 -0.323034
v -4.923028 0.442769 -0.380895
v -4.922836 -0.448368 -0.413924
v -4.922644 0.452910 -0.473831
v -4.922452 -0.452357 -0.507376
v -4.922259 0.445845 -0.567081
v -4.922067 -0.439165 -0.599884
v -4.921779 0.421863 -0.657147
v -4.921683 -0.409320 -0.687978
v -4.921491 0.381902 -0.740650
v -4.921298 -0.363976 -0.768351
v -4.921106 0.327523 -0.814454
v -4.921010 -0.304960 -0.837986
v -4.920818 0.260889 -0.875786
v -4.920722 -0.234529 -0.894261
v -4.920625 0.184619 -0.922337
v -4.920529 -0.155520 -0.935060
v -4.920433 -0.071055 -0.958834
v -4.920433 0.015523 -0.964674
v -4.920433 0.101741 -0.952348
v -4.520677 -0.000000 0.000528
v -4.518178 -0.134013 -0.017834
v -4.518178 -0.049213 -0.001928
v -4.518178 0.049213 -0.001928
v -4.518178 0.099026 -0.009447
v -4.518082 -0.228185 -0.054278
v -4.518082 0.195192 -0.039066
v -4.517986 0.284558 -0.087301
v -4.517890 -0.314211 -0.108788
v -4.517793 0.363544 -0.152386
v -4.517697 -0.388679 -0.179351
v -4.517601 0.428952 -0.231900
v -4.517505 -0.448560 -0.263332
v -4.517313 0.478189 -0.322857
v -4.517217 -0.491477 -0.357571
v -4.517024 0.509259 -0.421823
v -4.516928 -0.515723 -0.458507
v -4.516832 0.520961 -0.525053
v -4.516736 -0.520313 -0.562317
v -4.516544 0.512791 -0.628636
v -4.516448 -0.505102 -0.665068
v -4.516256 0.485133 -0.728647
v -4.516159 -0.470644 -0.762867
v -4.516063 0.439021 -0.821301
v -4.515967 -0.418355 -0.852016
v -4.515775 -0.350303 -0.929151
v -4.515775 0.376327 -0.903098
v -4.515583 -0.269228 -0.991379
v -4.515583 0.299577 -0.970964
v -4.515487 0.211797 -1.022366
v -4.515390 -0.178372 -1.036389
v -4.515390 0.116592 -1.055417
v -4.515294 -0.081388 -1.062544
v -4.515294 0.017758 -1.068950
v -4.110732 -0.150690 -0.019611
v -4.110732 -0.040009 -0.000877
v -4.110732 -0.000000 0.000528
v -4.110732 0.111401 -0.010411
v -4.110636 -0.256324 -0.059594
v -4.110636 0.219342 -0.042903
v -4.110636 0.319521 -0.095831
v -4.110540 -0.352730 -0.119412
v -4.110540 0.407950 -0.167264
v -4.110444 -0.436089 -0.196863
v -4.110444 0.481144 -0.254550
v -4.110348 -0.503083 -0.289057
v -4.110252 -0.551047 -0.392522
v -4.110252 0.536196 -0.354408
v -4.110155 0.570943 -0.463068
v -4.110059 -0.578152 -0.503347
v -4.110059 0.584015 -0.576415
v -4.109963 -0.583294 -0.617331
v -4.109867 -0.566281 -0.730151
v -4.109867 0.574908 -0.690149
v -4.109771 0.543958 -0.799959
v -4.109675 -0.527762 -0.837530
v -4.109579 -0.469298 -0.935401
v -4.109579 0.492414 -0.901682
v -4.109483 -0.393148 -1.020073
v -4.109483 0.422272 -0.991476
v -4.109387 -0.302340 -1.088367
v -4.109387 0.237965 -1.122369
v -4.109387 0.336342 -1.065964
v -4.109290 -0.200455 -1.137755
v -4.109290 -0.091577 -1.166445
v -4.109290 0.019993 -1.173470
v -4.109290 0.131105 -1.158628
v -3.700787 -0.639764 -0.639236
v -3.700787 -0.608453 -0.836934
v -3.700787 -0.608453 -0.441538
v -3.700787 -0.517573 -1.015280
v -3.700787 -0.517573 -0.263193
v -3.700787 -0.376039 -1.156816
v -3.700787 -0.376039 -0.121656
v -3.700787 -0.197691 -1.247688
v -3.700787 -0.197691 -0.030785
v -3.700787 -0.000000 -1.279000
v -3.700787 -0.000000 0.000528
v -3.700787 0.197691 -1.247688
v -3.700787 0.197691 -0.030785
v -3.700787 0.376039 -1.156816
v -3.700787 0.376039 -0.121656
v -3.700787 0.517573 -1.015280
v -3.700787 0.517573 -0.263193
v -3.700787 0.608453 -0.836934
v -3.700787 0.608453 -0.441538
v -3.700787 0.639764 -0.639236
v -3.634754 -5.816002 -0.836087
v -3.634754 -5.816002 -0.786874
v -3.634754 5.816002 -0.836087
v -3.634754 5.816002 -0.786874
v -3.347937 -5.477281 -0.849934
v -3.347937 -5.477281 -0.836087
v -3.347937 -5.477281 -0.786874
v -3.347937 5.477281 -0.849934
v -3.347937 5.477281 -0.836087
v -3.347937 5.477281 -0.786874
v -3.241053 -5.816002 -0.836087
v -3.241053 -5.816002 -0.786874
v -3.241053 5.816002 -0.836087
v -3.241053 5.816002 -0.786874
v -3.144647 -5.477281 -0.836087
v -3.144647 -5.477281 -0.786874
v -3.144647 5.477281 -0.836087
v -3.144647 5.477281 -0.786874
v -2.757386 -5.477281 -0.849934
v -2.757386 -5.477281 -0.786874
v -2.757386 5.477281 -0.849934
v -2.757386 5.477281 -0.786874
v -2.322835 -1.476378 -1.013498
v -2.322835 -1.476378 -0.836087
v -2.322835 -0.639764 -1.082150
v -2.322835 -0.639764 -1.047701
v -2.322835 -0.622487 -0.836087
v -2.322835 -0.622487 -0.786874
v -2.322835 -0.613379 -1.180575
v -2.322835 -0.561307 -0.946210
v -2.322835 -0.541339 -1.252627
v -2.322835 -0.460167 -1.083697
v -2.322835 -0.442913 -1.279000
v -2.322835 -0.326274 -1.189549
v -2.322835 -0.169144 -1.256232
v -2.322835 -0.000000 -1.279000
v -2.322835 0.169144 -1.256232
v -2.322835 0.326274 -1.189549
v -2.322835 0.442913 -1.279000
v -2.322835 0.460167 -1.083697
v -2.322835 0.541339 -1.252627
v -2.322835 0.561307 -0.946210
v -2.322835 0.613379 -1.180575
v -2.322835 0.622487 -0.836087
v -2.322835 0.622487 -0.786874
v -2.322835 0.639764 -1.082150
v -2.322835 0.639764 -1.047701
v -2.322835 1.476378 -1.013498
v -2.322835 1.476378 -0.836087
v -2.125984 -1.501201 -0.836087
v -2.125984 -1.501201 -0.786874
v -2.125984 -0.622487 -0.836087
v -2.125984 -0.622487 -0.786874
v -2.125984 0.622487 -0.836087
v -2.125984 0.622487 -0.786874
v -2.125984 1.501201 -0.836087
v -2.125984 1.501201 -0.786874
v 0.629921 -0.639764 -1.082150
v 0.629921 -0.639764 -1.047701
v 0.629921 -0.639764 -0.786874
v 0.629921 -0.622487 -0.786874
v 0.629921 -0.613379 -1.180575
v 0.629921 -0.561307 -0.946210
v 0.629921 -0.541339 -1.252627
v 0.629921 -0.460167 -1.083697
v 0.629921 -0.442913 -1.279000
v 0.629921 -0.326274 -1.189549
v 0.629921 -0.169144 -1.256232
v 0.629921 -0.000000 -1.279000
v 0.629921 0.169144 -1.256232
v 0.629921 0.326274 -1.189549
v 0.629921 0.442913 -1.279000
v 0.629921 0.460167 -1.083697
v 0.629921 0.541339 -1.252627
v 0.629921 0.561307 -0.946210
v 0.629921 0.613379 -1.180575
v 0.629921 0.622487 -0.786874
v 0.629921 0.639764 -1.082150
v 0.629921 0.639764 -1.047701
v 0.629921 0.639764 -0.786874
v 3.582677 -0.639764 -0.639201
v 3.582677 -0.608453 -0.836893
v 3.582677 -0.608453 -0.441511
v 3.582677 -0.517597 -1.015240
v 3.582677 -0.517573 -0.263175
v 3.582677 -0.376087 -1.156782
v 3.582677 -0.376039 -0.121648
v 3.582677 -0.197764 -1.247668
v 3.582677 -0.197691 -0.030783
v 3.582677 -0.000072 -1.279000
v 3.582677 -0.000000 0.000528
v 3.582677 0.000072 0.000528
v 3.582677 0.000144 0.000528
v 3.582677 0.197619 -1.247712
v 3.582677 0.197836 -0.030827
v 3.582677 0.375967 -1.156866
v 3.582677 0.376159 -0.121732
v 3.582677 0.517525 -1.015355
v 3.582677 0.517645 -0.263291
v 3.582677 0.608429 -0.837029
v 3.582677 0.608477 -0.441647
v 3.582677 0.639764 -0.639343
v 3.712533 -0.053562 -1.273126
v 3.712533 0.082758 -1.269596
v 3.712918 -0.187623 -1.243977
v 3.713110 0.215449 -1.233575
v 3.713686 -0.312577 -1.183684
v 3.713975 0.337544 -1.166951
v 3.714840 -0.421671 -1.095377
v 3.715128 0.442457 -1.073181
v 3.716089 0.504597 -0.990875
v 3.716186 -0.509139 -0.983621
v 3.717147 0.552993 -0.899046
v 3.717243 -0.556333 -0.891115
v 3.718300 0.586250 -0.800191
v 3.718396 -0.588292 -0.791797
v 3.719550 0.603479 -0.696993
v 3.719646 -0.604152 -0.688365
v 3.720799 0.604152 -0.592257
v 3.720895 -0.603479 -0.583629
v 3.721953 0.588292 -0.488825
v 3.722049 -0.586250 -0.480431
v 3.723106 0.556333 -0.389507
v 3.723202 -0.552993 -0.381576
v 3.724260 0.509139 -0.297001
v 3.724356 -0.504597 -0.289747
v 3.725317 -0.442457 -0.207441
v 3.725605 0.419509 -0.183054
v 3.726374 -0.348693 -0.121743
v 3.726759 0.307411 -0.093701
v 3.727239 -0.240488 -0.057801
v 3.727528 0.179068 -0.033765
v 3.727720 -0.122527 -0.018313
v 3.727912 0.041691 -0.006495
v 3.798271 -0.051207 -1.269064
v 3.798367 0.079129 -1.265563
v 3.798943 -0.179573 -1.240170
v 3.799136 0.206270 -1.229863
v 3.800193 -0.299457 -1.180454
v 3.800577 0.323414 -1.163889
v 3.802019 -0.404274 -1.093056
v 3.802500 0.424242 -1.071095
v 3.804134 0.483980 -0.989682
v 3.804230 -0.488353 -0.982508
v 3.805864 0.530525 -0.898874
v 3.806056 -0.533745 -0.891031
v 3.807786 0.562533 -0.801135
v 3.807979 -0.564503 -0.792837
v 3.809709 0.579113 -0.699116
v 3.809901 -0.579762 -0.690587
v 3.811727 0.579762 -0.595579
v 3.811919 -0.579113 -0.587050
v 3.813746 0.564503 -0.493329
v 3.813842 -0.562533 -0.485031
v 3.815668 0.533745 -0.395135
v 3.815764 -0.530525 -0.387293
v 3.817398 0.488353 -0.303659
v 3.817590 -0.483980 -0.296484
v 3.819224 -0.424242 -0.215071
v 3.819705 0.402183 -0.190942
v 3.820955 -0.334131 -0.130267
v 3.821531 0.294483 -0.102507
v 3.822300 -0.230276 -0.066955
v 3.822781 0.171379 -0.043143
v 3.823165 -0.117216 -0.027828
v 3.823454 0.039865 -0.016109
v 3.882951 -0.048852 -1.263588
v 3.883047 0.075525 -1.260129
v 3.883816 -0.171451 -1.235064
v 3.884200 0.196947 -1.224897
v 3.885642 -0.286024 -1.176186
v 3.886123 0.308972 -1.159863
v 3.888141 -0.386300 -1.090097
v 3.888718 0.405403 -1.068476
v 3.890929 0.462594 -0.988344
v 3.891121 -0.466751 -0.981285
v 3.893428 0.507144 -0.899000
v 3.893620 -0.510196 -0.891285
v 3.896023 0.537782 -0.802863
v 3.896215 -0.539657 -0.794701
v 3.898618 0.553642 -0.702531
v 3.898907 -0.554291 -0.694143
v 3.901406 0.554291 -0.600712
v 3.901598 -0.553642 -0.592324
v 3.904097 0.539657 -0.500154
v 3.904289 -0.537782 -0.491992
v 3.906692 0.510196 -0.403570
v 3.906884 -0.507144 -0.395855
v 3.909095 0.466751 -0.313571
v 3.909287 -0.462594 -0.306511
v 3.911594 -0.405403 -0.226380
v 3.912267 0.384305 -0.202623
v 3.913901 -0.319209 -0.142864
v 3.914766 0.281290 -0.115511
v 3.915823 -0.219895 -0.080464
v 3.916496 0.163617 -0.056976
v 3.916977 -0.111882 -0.041860
v 3.917361 -0.000000 -0.028777
v 3.917361 0.038015 -0.030286
v 4.054811 -0.044046 -1.247990
v 4.054907 0.068076 -1.244663
v 4.056156 -0.154534 -1.220608
v 4.056541 0.177507 -1.210866
v 4.058751 -0.257717 -1.164271
v 4.059424 0.278359 -1.148678
v 4.062404 -0.347972 -1.082113
v 4.063269 0.365178 -1.061505
v 4.066537 0.416625 -0.985192
v 4.066825 -0.420398 -0.978473
v 4.070189 0.456730 -0.900193
v 4.070478 -0.459494 -0.892856
v 4.074034 0.484292 -0.808797
v 4.074323 -0.485998 -0.801040
v 4.077975 0.498566 -0.713454
v 4.078263 -0.499143 -0.705484
v 4.082012 0.499143 -0.616713
v 4.082300 -0.498566 -0.608743
v 4.085953 0.485998 -0.521157
v 4.086241 -0.484292 -0.513400
v 4.089798 0.459494 -0.429341
v 4.090086 -0.456730 -0.422004
v 4.093450 0.420398 -0.343724
v 4.093738 -0.416625 -0.337005
v 4.097006 -0.365178 -0.260693
v 4.097968 0.346170 -0.238049
v 4.100467 -0.287586 -0.181036
v 4.101716 0.253440 -0.154908
v 4.103254 -0.198148 -0.121390
v 4.104311 0.147470 -0.098890
v 4.104984 -0.100852 -0.084388
v 4.105561 0.034290 -0.073263
v 4.139971 -0.041643 -1.238011
v 4.140164 0.064351 -1.234774
v 4.141509 -0.145956 -1.211401
v 4.141990 0.167630 -1.201945
v 4.144489 -0.243252 -1.156757
v 4.145258 0.262691 -1.141646
v 4.148622 -0.328268 -1.077188
v 4.149583 0.344464 -1.057244
v 4.153332 0.392908 -0.983428
v 4.153620 -0.396440 -0.976931
v 4.157369 0.430610 -0.901258
v 4.157753 -0.433229 -0.894167
v 4.161694 0.456562 -0.812942
v 4.162079 -0.458148 -0.805447
v 4.166212 0.469995 -0.720835
v 4.166500 -0.470523 -0.713136
v 4.170729 0.470523 -0.627386
v 4.171114 -0.469995 -0.619687
v 4.175151 0.458148 -0.535075
v 4.175535 -0.456562 -0.527580
v 4.179476 0.433229 -0.446355
v 4.179861 -0.430610 -0.439264
v 4.183609 0.396440 -0.363591
v 4.183897 -0.392908 -0.357094
v 4.187646 -0.344464 -0.283278
v 4.188800 0.326586 -0.261364
v 4.191587 -0.271390 -0.206158
v 4.192933 0.239239 -0.180840
v 4.194663 -0.187094 -0.148338
v 4.195912 0.139300 -0.126500
v 4.196681 -0.095301 -0.112412
v 4.197258 0.032416 -0.101592
v 4.225036 -0.039240 -1.226560
v 4.225228 0.060603 -1.223432
v 4.226670 -0.137329 -1.200865
v 4.227247 0.157658 -1.191745
v 4.229842 -0.228618 -1.148204
v 4.230707 0.246856 -1.133656
v 4.234360 -0.308300 -1.071646
v 4.235513 0.323462 -1.052472
v 4.239550 0.368806 -0.981542
v 4.239934 -0.372098 -0.975301
v 4.241953 -0.000000 -0.115799
v 4.243971 0.404082 -0.902634
v 4.244356 -0.406509 -0.895827
v 4.248681 0.428351 -0.817863
v 4.249066 -0.429841 -0.810670
v 4.253583 0.440895 -0.729477
v 4.253968 -0.441400 -0.722090
v 4.258485 0.441400 -0.639811
v 4.258870 -0.440895 -0.632424
v 4.263387 0.429841 -0.551230
v 4.263772 -0.428351 -0.544038
v 4.268097 0.406509 -0.466074
v 4.268482 -0.404082 -0.459267
v 4.272615 0.372098 -0.386600
v 4.272903 -0.368806 -0.380359
v 4.276940 -0.323462 -0.309428
v 4.278190 0.306714 -0.288360
v 4.281265 -0.255002 -0.235254
v 4.282803 0.224845 -0.210880
v 4.284630 -0.175969 -0.179566
v 4.285975 0.131057 -0.158507
v 4.286840 -0.089702 -0.144907
v 4.287513 0.030542 -0.134452
v 4.309813 -0.036813 -1.213643
v 4.310101 0.056854 -1.210640
v 4.311543 -0.128654 -1.189009
v 4.312215 0.147662 -1.180276
v 4.315003 -0.213911 -1.138625
v 4.315868 0.230924 -1.124721
v 4.319713 -0.288163 -1.065499
v 4.320962 0.302292 -1.047199
v 4.325191 0.344488 -0.979538
v 4.325576 -0.347564 -0.973587
v 4.329901 0.377313 -0.904317
v 4.330286 -0.379571 -0.897830
v 4.334899 0.399876 -0.823543
v 4.335284 -0.401246 -0.816691
v 4.340090 0.411531 -0.739349
v 4.340474 -0.412011 -0.732313
v 4.345280 0.412011 -0.653944
v 4.345665 -0.411531 -0.646908
v 4.350471 0.401246 -0.569565
v 4.350855 -0.399876 -0.562713
v 4.355469 0.379571 -0.488427
v 4.355853 -0.377313 -0.481940
v 4.360179 0.347564 -0.412670
v 4.360563 -0.344488 -0.406719
v 4.364792 -0.302292 -0.339058
v 4.366138 0.286697 -0.318950
v 4.369406 -0.238518 -0.268234
v 4.370944 0.210403 -0.244939
v 4.372962 -0.164747 -0.214988
v 4.374308 0.122815 -0.194825
v 4.375269 -0.084104 -0.181792
v 4.375942 0.028667 -0.171760
v 4.394397 -0.034410 -1.199263
v 4.394589 0.053105 -1.196404
v 4.396223 -0.119980 -1.175841
v 4.396800 0.137666 -1.167547
v 4.399683 -0.199181 -1.128031
v 4.400644 0.214969 -1.114851
v 4.404585 -0.268002 -1.058755
v 4.405835 0.281098 -1.041432
v 4.410256 0.320146 -0.977417
v 4.410641 -0.322982 -0.971789
v 4.415062 0.350496 -0.906296
v 4.415447 -0.352586 -0.900164
v 4.420156 0.371353 -0.829960
v 4.420637 -0.372627 -0.823486
v 4.425539 0.382119 -0.750414
v 4.425924 -0.382551 -0.743766
v 4.430922 0.382551 -0.669731
v 4.431306 -0.382119 -0.663084
v 4.436208 0.372627 -0.590011
v 4.436593 -0.371353 -0.583537
v 4.441399 0.352586 -0.513333
v 4.441783 -0.350496 -0.507201
v 4.446204 0.322982 -0.441708
v 4.446589 -0.320146 -0.436080
v 4.451010 -0.281098 -0.372066
v 4.452356 0.266656 -0.353031
v 4.455720 -0.222009 -0.304994
v 4.457258 0.195913 -0.282913
v 4.459373 -0.153549 -0.254501
v 4.460814 0.114549 -0.235355
v 4.461776 -0.078505 -0.222968
v 4.462448 0.026793 -0.213422
v 4.546456 -0.000000 -0.257891
v 4.562700 -0.029580 -1.166135
v 4.562892 0.045608 -1.163624
v 4.564430 -0.102726 -1.145605
v 4.565007 0.117769 -1.138350
v 4.567794 -0.169961 -1.103845
v 4.568755 0.183298 -1.092353
v 4.572600 -0.228089 -1.043510
v 4.573754 0.239118 -1.028444
v 4.578079 0.271991 -0.972822
v 4.578367 -0.274370 -0.967936
v 4.582693 0.297486 -0.911098
v 4.583077 -0.299240 -0.905779
v 4.587691 0.314980 -0.844902
v 4.588075 -0.316037 -0.839290
v 4.592881 0.324015 -0.775956
v 4.593266 -0.324375 -0.770196
v 4.598071 0.324375 -0.706038
v 4.598456 -0.324015 -0.700277
v 4.603262 0.316037 -0.636944
v 4.603646 -0.314980 -0.631331
v 4.608260 0.299240 -0.570455
v 4.608645 -0.297486 -0.565135
v 4.612970 0.274370 -0.508298
v 4.613354 -0.271991 -0.503411
v 4.617584 -0.239118 -0.447790
v 4.618833 0.226935 -0.431235
v 4.622197 -0.189257 -0.389412
v 4.623735 0.167198 -0.370161
v 4.625657 -0.131250 -0.345358
v 4.627099 0.098089 -0.328615
v 4.627964 -0.067355 -0.317763
v 4.628733 0.023044 -0.309384
v 4.729754 -0.024799 -1.127221
v 4.729946 0.038183 -1.125141
v 4.731195 -0.085762 -1.110229
v 4.731676 0.098257 -1.104231
v 4.733983 -0.141510 -1.075730
v 4.734752 0.152540 -1.066245
v 4.737924 -0.189497 -1.025964
v 4.738885 0.198581 -1.013547
v 4.742441 0.225638 -0.967727
v 4.742730 -0.227608 -0.963703
v 4.746382 0.246592 -0.916913
v 4.746670 -0.248033 -0.912535
v 4.750515 0.260961 -0.862442
v 4.750804 -0.261826 -0.857824
v 4.754744 0.268362 -0.805723
v 4.755129 -0.268675 -0.800985
v 4.759070 0.268675 -0.748210
v 4.759454 -0.268362 -0.743472
v 4.763395 0.261826 -0.691371
v 4.763780 -0.260961 -0.686753
v 4.767528 0.248033 -0.636660
v 4.767913 -0.246592 -0.632282
v 4.771469 0.227608 -0.585492
v 4.771757 -0.225638 -0.581468
v 4.775314 -0.198581 -0.535649
v 4.776371 0.188560 -0.522004
v 4.779158 -0.157466 -0.487514
v 4.780408 0.139227 -0.471627
v 4.782042 -0.109455 -0.451142
v 4.783195 0.081917 -0.437301
v 4.783964 -0.056325 -0.428322
v 4.784541 0.019320 -0.421382
v 4.812704 -0.022420 -1.105611
v 4.812800 0.034531 -1.103778
v 4.813857 -0.077471 -1.090637
v 4.814242 0.088765 -1.085349
v 4.816164 -0.127765 -1.060224
v 4.816837 0.137714 -1.051861
v 4.819432 -0.171019 -1.016339
v 4.820297 0.179189 -1.005388
v 4.821547 -0.000000 -0.450730
v 4.823181 0.203555 -0.964974
v 4.823469 -0.205333 -0.961424
v 4.826449 0.222418 -0.920149
v 4.826737 -0.223715 -0.916287
v 4.829909 0.235346 -0.872094
v 4.830197 -0.236139 -0.868020
v 4.833465 0.242026 -0.822053
v 4.833754 -0.242290 -0.817873
v 4.837022 0.242290 -0.771311
v 4.837310 -0.242026 -0.767130
v 4.840578 0.236139 -0.721163
v 4.840866 -0.235346 -0.717090
v 4.844038 0.223715 -0.672897
v 4.844327 -0.222418 -0.669035
v 4.847210 0.205333 -0.627759
v 4.847499 -0.203555 -0.624209
v 4.850478 -0.179189 -0.583795
v 4.851343 0.170154 -0.571761
v 4.853554 -0.142135 -0.541347
v 4.854611 0.125699 -0.527338
v 4.856053 -0.098858 -0.509279
v 4.857014 0.074011 -0.497079
v 4.857591 -0.050895 -0.489166
v 4.858072 0.017470 -0.483051
v 4.895269 -0.020041 -1.082574
v 4.895366 0.030878 -1.081010
v 4.896135 -0.069349 -1.069787
v 4.896423 0.079466 -1.065267
v 4.897865 -0.114405 -1.043765
v 4.898249 0.123344 -1.036602
v 4.900171 -0.153213 -1.006151
v 4.900844 0.160542 -0.996757
v 4.902959 0.182409 -0.962070
v 4.903151 -0.183995 -0.959022
v 4.905362 0.199349 -0.923571
v 4.905554 -0.200527 -0.920253
v 4.907861 0.210956 -0.882277
v 4.908053 -0.211677 -0.878776
v 4.910456 0.216963 -0.839265
v 4.910648 -0.217203 -0.835671
v 4.913051 0.217203 -0.795645
v 4.913244 -0.216963 -0.792051
v 4.915647 0.211677 -0.752540
v 4.915839 -0.210956 -0.749039
v 4.918146 0.200527 -0.711063
v 4.918338 -0.199349 -0.707745
v 4.920549 0.183995 -0.672293
v 4.920741 -0.182409 -0.669245
v 4.922855 -0.160542 -0.634558
v 4.923528 0.152444 -0.624236
v 4.925162 -0.127309 -0.598162
v 4.925931 0.112555 -0.586163
v 4.926988 -0.088501 -0.570705
v 4.927661 0.066250 -0.560274
v 4.928142 -0.045560 -0.553515
v 4.928526 0.015619 -0.548297
v 5.059055 -0.171667 -0.874745
v 5.059055 -0.160662 -0.922769
v 5.059055 -0.153645 -0.782816
v 5.059055 -0.136512 -0.965714
v 5.059055 -0.101213 -1.000067
v 5.059055 -0.090159 -0.713925
v 5.059055 -0.035804 -1.029176
v 5.059055 -0.000000 -0.688449
v 5.059055 0.035804 -1.029176
v 5.059055 0.090159 -0.713925
v 5.059055 0.101213 -1.000067
v 5.059055 0.136512 -0.965714
v 5.059055 0.153645 -0.782816
v 5.059055 0.160662 -0.922769
v 5.059055 0.171667 -0.874745
v 5.177569 -0.109118 -0.860693
v 5.177569 -0.091793 -0.919681
v 5.177569 -0.091793 -0.801705
v 5.177569 -0.045320 -0.959941
v 5.177569 -0.045320 -0.761445
v 5.177569 0.015523 -0.968691
v 5.177569 0.015523 -0.752695
v 5.177569 0.071440 -0.943151
v 5.177569 0.071440 -0.778234
v 5.177569 0.104697 -0.891432
v 5.177569 0.104697 -0.829954
v 5.255906 -0.000000 -0.860693
vt -4.791906 0.392699 0.000000
vt -4.791906 0.130900 0.000000
vt -4.791906 -0.130900 0.000000
vt -4.791906 -0.392699 0.000000
vt 2.708094 -0.392699 0.000000
vt 2.708094 -0.130900 0.000000
vt 2.708094 0.130900 0.000000
vt 2.708094 0.392699 0.000000
vt -1.125000 1.250000 0.000000
vt -1.375000 1.183013 0.000000
vt -1.558013 1.000000 0.000000
vt -1.625000 0.750000 0.000000
vt -1.625000 0.662500 0.000000
vt -3.750000 0.575626 0.000000
vt -3.750000 0.125000 0.000000
vt -1.581139 0.125000 0.000000
vt -1.581139 0.000000 0.000000
vt -1.425718 0.404714 0.000000
vt -1.168820 0.753930 0.000000
vt -0.828731 1.022795 0.000000
vt -0.429656 1.192170 0.000000
vt -0.000000 1.250000 0.000000
vt 0.500000 7.500000 0.000000
vt 0.500000 0.000000 0.000000
vt 0.587500 0.000000 0.000000
vt 0.587500 7.500000 0.000000
vt -2.708094 0.392699 0.000000
vt -2.708094 0.130900 0.000000
vt -2.708094 -0.130900 0.000000
vt -2.708094 -0.392699 0.000000
vt 4.791906 -0.392699 0.000000
vt 4.791906 -0.130900 0.000000
vt 4.791906 0.130900 0.000000
vt 4.791906 0.392699 0.000000
vt -0.500000 0.000000 0.000000
vt -0.500000 7.500000 0.000000
vt -0.587500 7.500000 0.000000
vt -0.587500 0.000000 0.000000
vt 1.625000 0.750000 0.000000
vt 1.558013 1.000000 0.000000
vt 1.375000 1.183013 0.000000
vt 1.125000 1.250000 0.000000
vt 0.000000 1.250000 0.000000
vt 0.429656 1.192170 0.000000
vt 0.828731 1.022795 0.000000
vt 1.168820 0.753930 0.000000
vt 1.425718 0.404714 0.000000
vt 1.581139 0.000000 0.000000
vt 1.581139 0.125000 0.000000
vt 3.750000 0.125000 0.000000
vt 3.750000 0.575626 0.000000
vt 1.625000 0.662500 0.000000
vt -1.519718 1.133865 0.000000
vt -1.525354 0.054283 0.000000
vt 3.246915 -1.807795 0.000000
vt 3.332313 -1.308075 0.000000
vt 3.418626 -0.793014 0.000000
vt 1.525354 0.054283 0.000000
vt 1.519718 1.133865 0.000000
vt -3.418626 -0.793014 0.000000
vt -3.351425 -1.313797 0.000000
vt -3.289767 -1.824515 0.000000
vt 2.651650 2.204315 0.000000
vt -2.168371 0.338127 0.000000
vt -1.885169 -1.426794 0.000000
vt -1.876355 -1.486212 0.000000
vt -1.760820 -2.385820 0.000000
vt 2.651650 2.026650 0.000000
vt 2.125476 0.354735 0.000000
vt -2.651650 2.204315 0.000000
vt -2.651650 2.026650 0.000000
vt 1.689215 -2.314215 0.000000
vt 1.748677 -1.919908 0.000000
vt 1.779236 -1.722797 0.000000
vt 1.794707 -1.624269 0.000000
vt 1.802489 -1.575012 0.000000
vt 1.806391 -1.550385 0.000000
vt 1.808345 -1.538072 0.000000
vt 1.816336 -1.487837 0.000000
vt 1.826090 -1.428443 0.000000
vt -1.259825 0.000000 0.000000
vt -1.361089 0.250000 0.000000
vt -7.500000 0.250000 0.000000
vt -7.500000 0.000000 0.000000
vt -0.177664 0.250000 0.000000
vt -1.250000 0.125000 0.000000
vt -0.177664 0.000000 0.000000
vt -0.000000 0.000000 0.000000
vt -0.000000 0.250000 0.000000
vt 2.126775 7.500000 0.000000
vt 0.000000 7.500000 0.000000
vt 0.000000 0.000000 0.000000
vt 12.297544 8.603646 0.000000
vt 13.158628 9.832375 0.000000
vt 13.158628 10.832374 0.000000
vt 12.297544 10.103646 0.000000
vt 0.000000 0.000000 0.000000
vt 0.500000 0.000000 0.000000
vt 0.500000 0.125000 0.000000
vt 0.000000 0.125000 0.000000
vt 0.000000 0.000000 0.000000
vt 2.231895 0.000000 0.000000
vt 2.231895 0.125000 0.000000
vt 0.000000 0.125000 0.000000
vt 0.000000 0.000000 0.000000
vt 10.425447 0.000000 0.000000
vt 10.425447 0.125000 0.000000
vt 0.000000 0.125000 0.000000
vt 0.000000 0.000000 0.000000
vt 0.516150 0.000000 0.000000
vt 0.516150 0.125000 0.000000
vt 0.000000 0.125000 0.000000
vt -6.165571 1.551823 0.000000
vt -6.165571 1.035674 0.000000
vt 3.933676 -1.551823 0.000000
vt 6.165571 -1.551823 0.000000
vt 6.165571 -1.051823 0.000000
vt 3.996710 -1.051823 0.000000
vt -0.000000 0.160173 0.000000
vt -1.127507 0.125000 0.000000
vt -1.127507 0.000000 0.000000
vt -0.000000 0.000000 0.000000
vt -0.000000 0.125000 0.000000
vt -0.000000 0.125000 0.000000
vt -1.000000 0.125000 0.000000
vt -1.000000 0.000000 0.000000
vt -0.000000 0.000000 0.000000
vt -0.000000 0.125000 0.000000
vt -1.500000 0.160173 0.000000
vt -1.500000 0.000000 0.000000
vt -0.000000 0.000000 0.000000
vt 5.805183 1.583813 0.000000
vt 3.573289 1.583813 0.000000
vt -6.525958 4.171309 0.000000
vt -6.525958 4.687459 0.000000
vt -7.386322 5.416187 0.000000
vt -7.386322 4.416187 0.000000
vt -6.525958 3.187459 0.000000
vt 5.761322 -5.416187 0.000000
vt 5.805183 -5.416187 0.000000
vt -0.000000 0.575626 0.000000
vt -10.490516 0.160173 0.000000
vt -10.490516 0.125000 0.000000
vt -0.000000 0.125000 0.000000
vt -0.000000 0.160173 0.000000
vt -15.000000 0.662500 0.000000
vt -15.000000 0.000000 0.000000
vt -0.000000 0.000000 0.000000
vt -0.000000 0.750000 0.000000
vt -0.066987 1.000000 0.000000
vt -0.250000 1.183013 0.000000
vt -0.500000 1.250000 0.000000
vt -1.625000 1.250000 0.000000
vt -1.195344 1.192170 0.000000
vt -0.796269 1.022795 0.000000
vt -0.456180 0.753930 0.000000
vt -0.199282 0.404714 0.000000
vt -0.043861 0.000000 0.000000
vt -0.000000 0.000000 0.000000
vt -0.000000 0.662500 0.000000
vt 1.525354 0.054283 0.000000
vt 1.519718 1.133865 0.000000
vt -3.418626 -0.793014 0.000000
vt -3.332313 -1.308075 0.000000
vt -3.246915 -1.807795 0.000000
vt 2.651650 2.204315 0.000000
vt -2.125476 0.354735 0.000000
vt -1.826086 -1.428442 0.000000
vt -1.816339 -1.487838 0.000000
vt -1.808515 -1.537002 0.000000
vt -1.806556 -1.549345 0.000000
vt -1.802644 -1.574029 0.000000
vt -1.794845 -1.623393 0.000000
vt -1.779344 -1.722105 0.000000
vt -1.748742 -1.919486 0.000000
vt -1.689215 -2.314215 0.000000
vt 2.651650 2.026650 0.000000
vt -1.519718 1.133865 0.000000
vt -1.525354 0.054283 0.000000
vt 3.289767 -1.824515 0.000000
vt 3.351425 -1.313797 0.000000
vt 3.418626 -0.793014 0.000000
vt 2.168371 0.338127 0.000000
vt -2.651650 2.204315 0.000000
vt -2.651650 2.026650 0.000000
vt 1.760820 -2.385820 0.000000
vt 1.885169 -1.426794 0.000000
vt 1.361089 0.250000 0.000000
vt 1.259825 0.000000 0.000000
vt 7.500000 0.000000 0.000000
vt 7.500000 0.250000 0.000000
vt 1.250000 0.125000 0.000000
vt 0.177664 0.250000 0.000000
vt 0.000000 0.250000 0.000000
vt 0.000000 0.000000 0.000000
vt 0.177664 0.000000 0.000000
vt -1.066065 4.179930 0.000000
vt -2.145662 4.179930 0.000000
vt -0.147330 -1.021561 0.000000
vt 0.372501 -0.962936 0.000000
vt 0.889303 -0.909731 0.000000
vt -2.204315 2.651650 0.000000
vt -0.235707 -2.432904 0.000000
vt 0.797103 -2.307117 0.000000
vt 0.856557 -2.303457 0.000000
vt 2.925387 -2.300387 0.000000
vt -2.026650 2.651650 0.000000
vt 2.145662 4.179930 0.000000
vt 1.066065 4.179930 0.000000
vt -0.889303 -0.909731 0.000000
vt -0.372501 -0.962936 0.000000
vt 0.147330 -1.021561 0.000000
vt 0.000000 0.000000 0.000000
vt 1.072336 -0.125000 0.000000
vt 1.250000 -0.125000 0.000000
vt 1.250000 0.125000 0.000000
vt 1.072336 0.125000 0.000000
vt 7.003238 -0.125000 0.000000
vt 6.994419 0.000000 0.000000
vt 7.003238 0.125000 0.000000
vt 0.000000 0.125000 0.000000
vt 0.000000 -0.125000 0.000000
vt 0.235707 -2.432904 0.000000
vt 2.204315 2.651650 0.000000
vt 2.026650 2.651650 0.000000
vt -2.925387 -2.300387 0.000000
vt -0.797103 -2.307117 0.000000
vt 4.679450 1.407884 0.000000
vt 4.616012 1.937035 0.000000
vt 4.570262 2.450378 0.000000
vt 4.669997 4.295865 0.000000
vt 4.674047 4.357186 0.000000
vt 4.678933 4.408991 0.000000
vt 4.680122 4.421689 0.000000
vt 4.682491 4.447084 0.000000
vt 4.687188 4.497878 0.000000
vt 4.696429 4.599477 0.000000
vt 4.714326 4.802717 0.000000
vt 4.747956 5.209232 0.000000
vt 4.965341 5.284234 0.000000
vt 4.903495 4.357186 0.000000
vt 4.901297 4.295865 0.000000
vt 4.904541 2.468986 0.000000
vt 4.808417 1.943565 0.000000
vt 1.368116 1.407884 0.000000
vt 1.239149 1.943565 0.000000
vt 1.143025 2.468986 0.000000
vt 1.146269 4.295865 0.000000
vt 1.082225 5.284234 0.000000
vt 1.299610 5.209232 0.000000
vt 1.333278 4.802282 0.000000
vt 1.351201 4.598763 0.000000
vt 1.360461 4.496974 0.000000
vt 1.365170 4.446071 0.000000
vt 1.367544 4.420616 0.000000
vt 1.368736 4.407888 0.000000
vt 1.373519 4.357186 0.000000
vt 1.377569 4.295865 0.000000
vt 1.477304 2.450378 0.000000
vt 1.431554 1.937035 0.000000
vt 5.895027 3.225554 0.000000
vt 5.921897 4.295865 0.000000
vt 5.954898 6.485963 0.000000
vt 6.047566 6.479567 0.000000
vt 6.047566 7.550961 0.000000
vt 6.047566 8.622355 0.000000
vt 5.745188 8.622355 0.000000
vt 5.442809 8.622355 0.000000
vt 5.140431 8.622355 0.000000
vt 4.838053 8.622355 0.000000
vt 4.535675 8.622355 0.000000
vt 4.233296 8.622355 0.000000
vt 3.930918 8.622355 0.000000
vt 3.628540 8.622355 0.000000
vt 3.326161 8.622355 0.000000
vt 3.023783 8.622355 0.000000
vt 2.721405 8.622355 0.000000
vt 2.419026 8.622355 0.000000
vt 2.116648 8.622355 0.000000
vt 1.814270 8.622355 0.000000
vt 1.511891 8.622355 0.000000
vt 1.209513 8.622355 0.000000
vt 0.907135 8.622355 0.000000
vt 0.604757 8.622355 0.000000
vt 0.302378 8.622355 0.000000
vt 0.000000 8.622355 0.000000
vt 0.000000 7.550961 0.000000
vt 0.000000 6.479567 0.000000
vt 0.092668 6.485963 0.000000
vt 0.124418 4.357186 0.000000
vt 0.125669 4.295865 0.000000
vt 0.152539 3.225554 0.000000
vt 0.085106 2.693942 0.000000
vt 0.000000 2.159199 0.000000
vt 0.000000 1.619400 0.000000
vt 0.000000 1.079600 0.000000
vt 0.000000 0.539800 0.000000
vt 0.000000 0.000000 0.000000
vt 0.671952 0.000000 0.000000
vt 1.343904 0.000000 0.000000
vt 2.015855 0.000000 0.000000
vt 2.687807 0.000000 0.000000
vt 3.359759 0.000000 0.000000
vt 4.031711 0.000000 0.000000
vt 4.703662 0.000000 0.000000
vt 5.375614 0.000000 0.000000
vt 6.047566 0.000000 0.000000
vt 6.047566 0.539800 0.000000
vt 6.047566 1.079600 0.000000
vt 6.047566 1.619400 0.000000
vt 6.047566 2.159199 0.000000
vt 5.962460 2.693942 0.000000
vt 0.253832 2.863910 0.000000
vt 1.562095 3.221899 0.000000
vt 4.926198 3.221983 0.000000
vt 1.001411 3.222426 0.000000
vt 4.552409 3.221899 0.000000
vt 5.860671 4.357186 0.000000
vt 4.552409 2.863910 0.000000
vt 4.365514 2.863910 0.000000
vt 4.178619 2.863910 0.000000
vt 3.991725 2.863910 0.000000
vt 3.804830 2.863910 0.000000
vt 3.617936 2.863910 0.000000
vt 3.431041 2.863910 0.000000
vt 3.244147 2.863910 0.000000
vt 3.057252 2.863910 0.000000
vt 2.870357 2.863910 0.000000
vt 2.683463 2.863910 0.000000
vt 2.496568 2.863910 0.000000
vt 2.309674 2.863910 0.000000
vt 2.122779 2.863910 0.000000
vt 1.935884 2.863910 0.000000
vt 1.748989 2.863910 0.000000
vt 1.562095 2.863910 0.000000
vt 1.375200 1.407884 0.000000
vt 1.562095 1.407884 0.000000
vt 1.748989 1.407884 0.000000
vt 1.935884 1.407884 0.000000
vt 2.122779 1.407884 0.000000
vt 2.309674 1.407884 0.000000
vt 2.496568 1.407884 0.000000
vt 2.683463 1.407884 0.000000
vt 2.870357 1.407884 0.000000
vt 3.057252 1.407884 0.000000
vt 3.244147 1.407884 0.000000
vt 3.431041 1.407884 0.000000
vt 3.617936 1.407884 0.000000
vt 3.804830 1.407884 0.000000
vt 3.991725 1.407884 0.000000
vt 4.178619 1.407884 0.000000
vt 4.365514 1.407884 0.000000
vt 4.552409 1.407884 0.000000
vt 4.552409 4.357186 0.000000
vt 4.365514 4.357186 0.000000
vt 4.178619 4.357186 0.000000
vt 3.991725 4.357186 0.000000
vt 3.804830 4.357186 0.000000
vt 3.617936 4.357186 0.000000
vt 3.431041 4.357186 0.000000
vt 3.244147 4.357186 0.000000
vt 3.057252 4.357186 0.000000
vt 2.870357 4.357186 0.000000
vt 2.683463 4.357186 0.000000
vt 2.496568 4.357186 0.000000
vt 2.309674 4.357186 0.000000
vt 2.122779 4.357186 0.000000
vt 1.935884 4.357186 0.000000
vt 1.748989 4.357186 0.000000
vt 1.562095 4.357186 0.000000
vt 1.562095 4.295865 0.000000
vt 1.748989 4.295865 0.000000
vt 1.935884 4.295865 0.000000
vt 2.122779 4.295865 0.000000
vt 2.309674 4.295865 0.000000
vt 2.496568 4.295865 0.000000
vt 2.683463 4.295865 0.000000
vt 2.870357 4.295865 0.000000
vt 3.057252 4.295865 0.000000
vt 3.244147 4.295865 0.000000
vt 3.431041 4.295865 0.000000
vt 3.617936 4.295865 0.000000
vt 3.804830 4.295865 0.000000
vt 3.991725 4.295865 0.000000
vt 4.178619 4.295865 0.000000
vt 4.365514 4.295865 0.000000
vt 4.552409 4.295865 0.000000
vt 4.926198 4.357186 0.000000
vt 5.113093 4.357186 0.000000
vt 5.299987 4.357186 0.000000
vt 5.486882 4.357186 0.000000
vt 5.673777 4.357186 0.000000
vt 5.860671 5.423479 0.000000
vt 5.673777 5.423479 0.000000
vt 5.486882 5.423479 0.000000
vt 5.299987 5.423479 0.000000
vt 5.113093 5.423479 0.000000
vt 4.926198 5.423479 0.000000
vt 4.739304 5.423479 0.000000
vt 4.552409 5.423479 0.000000
vt 4.365514 5.423479 0.000000
vt 4.178619 5.423479 0.000000
vt 3.991725 5.423479 0.000000
vt 3.804830 5.423479 0.000000
vt 3.617936 5.423479 0.000000
vt 3.431041 5.423479 0.000000
vt 3.244147 5.423479 0.000000
vt 3.057252 5.423479 0.000000
vt 2.870357 5.423479 0.000000
vt 2.683463 5.423479 0.000000
vt 2.496568 5.423479 0.000000
vt 2.309674 5.423479 0.000000
vt 2.122779 5.423479 0.000000
vt 1.935884 5.423479 0.000000
vt 1.748989 5.423479 0.000000
vt 1.562095 5.423479 0.000000
vt 1.375200 5.423479 0.000000
vt 1.188306 6.485963 0.000000
vt 1.001411 5.423479 0.000000
vt 1.001411 6.485963 0.000000
vt 0.814516 5.423479 0.000000
vt 0.627622 5.423479 0.000000
vt 0.440727 5.423479 0.000000
vt 0.253832 5.423479 0.000000
vt 0.253832 4.357186 0.000000
vt 0.440727 4.357186 0.000000
vt 0.627622 4.357186 0.000000
vt 0.814516 4.357186 0.000000
vt 1.001411 4.357186 0.000000
vt 1.188306 5.423479 0.000000
vt 4.926198 4.295865 0.000000
vt 5.113093 4.295865 0.000000
vt 5.299987 4.295865 0.000000
vt 5.486882 4.295865 0.000000
vt 5.673777 4.295865 0.000000
vt 5.860671 4.295865 0.000000
vt 4.926198 3.579887 0.000000
vt 5.113093 3.579887 0.000000
vt 5.299987 3.579887 0.000000
vt 5.486882 3.579887 0.000000
vt 5.673777 3.579887 0.000000
vt 5.860671 3.579887 0.000000
vt 5.860671 2.863910 0.000000
vt 5.673777 2.863910 0.000000
vt 5.486882 2.863910 0.000000
vt 5.299987 2.863910 0.000000
vt 5.113093 2.863910 0.000000
vt 4.926198 2.863910 0.000000
vt 1.188306 1.364738 0.000000
vt 1.001411 1.319892 0.000000
vt 0.814516 1.275046 0.000000
vt 0.627622 1.230200 0.000000
vt 0.440727 1.185354 0.000000
vt 0.253832 1.140508 0.000000
vt 0.066938 1.095662 0.000000
vt 1.001411 2.863910 0.000000
vt 0.814516 2.863910 0.000000
vt 0.627622 2.863910 0.000000
vt 0.440727 2.863910 0.000000
vt 0.253832 4.295865 0.000000
vt 0.440727 4.295865 0.000000
vt 0.627622 4.295865 0.000000
vt 0.814516 4.295865 0.000000
vt 1.001411 4.295865 0.000000
vt 1.562095 3.579887 0.000000
vt 1.748989 3.579887 0.000000
vt 1.935884 3.579887 0.000000
vt 2.122779 3.579887 0.000000
vt 2.309674 3.579887 0.000000
vt 2.496568 3.579887 0.000000
vt 2.683463 3.579887 0.000000
vt 2.870357 3.579887 0.000000
vt 3.057252 3.579887 0.000000
vt 3.244147 3.579887 0.000000
vt 3.431041 3.579887 0.000000
vt 3.617936 3.579887 0.000000
vt 3.804830 3.579887 0.000000
vt 3.991725 3.579887 0.000000
vt 4.178619 3.579887 0.000000
vt 4.365514 3.579887 0.000000
vt 4.552409 3.579887 0.000000
vt 5.113093 3.222672 0.000000
vt 5.299987 3.223361 0.000000
vt 5.486882 3.224050 0.000000
vt 5.673777 3.224739 0.000000
vt 5.860671 3.225427 0.000000
vt 0.066938 7.550961 0.000000
vt 0.253832 7.550961 0.000000
vt 0.440727 7.550961 0.000000
vt 0.627622 7.550961 0.000000
vt 0.814516 7.550961 0.000000
vt 1.001411 7.550961 0.000000
vt 1.188306 7.550961 0.000000
vt 1.375200 7.550961 0.000000
vt 1.562095 7.550961 0.000000
vt 1.748989 7.550961 0.000000
vt 1.935884 7.550961 0.000000
vt 2.122779 7.550961 0.000000
vt 2.309674 7.550961 0.000000
vt 2.496568 7.550961 0.000000
vt 2.683463 7.550961 0.000000
vt 2.870357 7.550961 0.000000
vt 3.057252 7.550961 0.000000
vt 3.244147 7.550961 0.000000
vt 3.431041 7.550961 0.000000
vt 3.617936 7.550961 0.000000
vt 3.804830 7.550961 0.000000
vt 3.991725 7.550961 0.000000
vt 4.178619 7.550961 0.000000
vt 4.365514 7.550961 0.000000
vt 4.552409 7.550961 0.000000
vt 4.739304 7.550961 0.000000
vt 4.926198 7.550961 0.000000
vt 5.113093 7.550961 0.000000
vt 5.299987 7.550961 0.000000
vt 5.486882 7.550961 0.000000
vt 5.673777 7.550961 0.000000
vt 5.860671 7.550961 0.000000
vt 0.253832 6.485963 0.000000
vt 0.440727 6.485963 0.000000
vt 0.627622 6.485963 0.000000
vt 0.814516 6.485963 0.000000
vt 1.375200 6.485963 0.000000
vt 1.562095 6.485963 0.000000
vt 1.748989 6.485963 0.000000
vt 1.935884 6.485963 0.000000
vt 2.122779 6.485963 0.000000
vt 2.309674 6.485963 0.000000
vt 2.496568 6.485963 0.000000
vt 2.683463 6.485963 0.000000
vt 2.870357 6.485963 0.000000
vt 3.057252 6.485963 0.000000
vt 3.244147 6.485963 0.000000
vt 3.431041 6.485963 0.000000
vt 3.617936 6.485963 0.000000
vt 3.804830 6.485963 0.000000
vt 3.991725 6.485963 0.000000
vt 4.178619 6.485963 0.000000
vt 4.365514 6.485963 0.000000
vt 4.552409 6.485963 0.000000
vt 4.739304 6.485963 0.000000
vt 4.926198 6.485963 0.000000
vt 5.113093 6.485963 0.000000
vt 5.299987 6.485963 0.000000
vt 5.486882 6.485963 0.000000
vt 5.673777 6.485963 0.000000
vt 5.860671 6.485963 0.000000
vt 0.253832 3.579887 0.000000
vt 0.440727 3.579887 0.000000
vt 0.627622 3.579887 0.000000
vt 0.814516 3.579887 0.000000
vt 1.001411 3.579887 0.000000
vt 0.814516 3.223114 0.000000
vt 0.627622 3.223803 0.000000
vt 0.440727 3.224492 0.000000
vt 0.253832 3.225181 0.000000
vt 4.365514 3.221899 0.000000
vt 4.178619 3.221899 0.000000
vt 3.991725 3.221899 0.000000
vt 3.804830 3.221899 0.000000
vt 3.617936 3.221899 0.000000
vt 3.431041 3.221899 0.000000
vt 3.244147 3.221899 0.000000
vt 3.057252 3.221899 0.000000
vt 2.870357 3.221899 0.000000
vt 2.683463 3.221899 0.000000
vt 2.496568 3.221899 0.000000
vt 2.309674 3.221899 0.000000
vt 2.122779 3.221899 0.000000
vt 1.935884 3.221899 0.000000
vt 1.748989 3.221899 0.000000
vt -0.500000 0.000000 0.000000
vt -0.000000 0.000000 0.000000
vt -0.000000 0.125000 0.000000
vt -0.500000 0.125000 0.000000
vt -2.231895 0.000000 0.000000
vt -0.000000 0.000000 0.000000
vt -0.000000 0.125000 0.000000
vt -2.231895 0.125000 0.000000
vt -10.425447 0.000000 0.000000
vt -0.000000 0.000000 0.000000
vt -0.000000 0.125000 0.000000
vt -10.425447 0.125000 0.000000
vt -0.516150 0.000000 0.000000
vt -0.000000 0.000000 0.000000
vt -0.000000 0.125000 0.000000
vt -0.516150 0.125000 0.000000
vt 6.165571 1.035674 0.000000
vt 6.165571 1.551823 0.000000
vt -3.996710 -1.051823 0.000000
vt -6.165571 -1.051823 0.000000
vt -6.165571 -1.551823 0.000000
vt -3.933676 -1.551823 0.000000
vt 0.000000 0.125000 0.000000
vt 10.490516 0.125000 0.000000
vt 10.490516 0.160173 0.000000
vt 0.000000 0.575626 0.000000
vt -0.000000 7.500000 0.000000
vt -2.126775 7.500000 0.000000
vt -12.297544 10.103646 0.000000
vt -13.158628 10.832374 0.000000
vt -13.158628 9.832375 0.000000
vt -12.297544 8.603646 0.000000
vt -0.000000 0.000000 0.000000
vt 8.511322 -5.416187 0.000000
vt 8.511322 2.083813 0.000000
vt 7.386322 2.083813 0.000000
vt 6.261322 2.083813 0.000000
vt 6.261322 -5.416187 0.000000
vt 7.386322 -5.416187 0.000000
vt 15.000000 0.662500 0.000000
vt 0.000000 0.160173 0.000000
vt 0.000000 0.000000 0.000000
vt 15.000000 0.000000 0.000000
vt 1.500000 0.160173 0.000000
vt 0.000000 0.125000 0.000000
vt 0.000000 0.000000 0.000000
vt 1.500000 0.000000 0.000000
vt 1.000000 0.125000 0.000000
vt 0.000000 0.125000 0.000000
vt 0.000000 0.000000 0.000000
vt 1.000000 0.000000 0.000000
vt 1.127507 0.125000 0.000000
vt 0.000000 0.160173 0.000000
vt 0.000000 0.125000 0.000000
vt 0.000000 0.000000 0.000000
vt 1.127507 0.000000 0.000000
vt 0.500000 1.250000 0.000000
vt 0.250000 1.183013 0.000000
vt 0.066987 1.000000 0.000000
vt 0.000000 0.750000 0.000000
vt 0.000000 0.662500 0.000000
vt 0.000000 0.000000 0.000000
vt 0.043861 0.000000 0.000000
vt 0.199282 0.404714 0.000000
vt 0.456180 0.753930 0.000000
vt 0.796269 1.022795 0.000000
vt 1.195344 1.192170 0.000000
vt 1.625000 1.250000 0.000000
vt -3.573289 1.583813 0.000000
vt -5.805183 1.583813 0.000000
vt -5.805183 -5.416187 0.000000
vt -5.761322 -5.416187 0.000000
vt 6.525958 3.187459 0.000000
vt 7.386322 4.416187 0.000000
vt 7.386322 5.416187 0.000000
vt 6.525958 4.687459 0.000000
vt 6.525958 4.171309 0.000000
vt -0.000000 0.300000 0.000000
vt -0.192836 0.229813 0.000000
vt -0.295442 0.052094 0.000000
vt -0.259808 -0.150000 0.000000
vt -0.102606 -0.281908 0.000000
vt 0.102606 -0.281908 0.000000
vt 0.259808 -0.150000 0.000000
vt 0.295442 0.052094 0.000000
vt 0.192836 0.229813 0.000000
vt -0.194981 0.435323 0.000000
vt -0.194981 0.587975 0.000000
vt -0.194981 -1.000664 0.000000
vt -0.194981 -0.848011 0.000000
vt -0.194981 -0.768468 0.000000
vt -0.194981 -0.688925 0.000000
vt -0.194981 -0.609382 0.000000
vt -0.194981 -0.493343 0.000000
vt -0.194981 -0.377303 0.000000
vt -0.194981 -0.261263 0.000000
vt -0.194981 -0.181720 0.000000
vt -0.194981 -0.102177 0.000000
vt -0.194981 -0.022634 0.000000
vt -0.194981 0.130018 0.000000
vt -0.194981 0.282670 0.000000
vt -0.883264 0.870645 0.000000
vt -0.883264 0.290215 0.000000
vt -0.883264 -0.290215 0.000000
vt -0.883264 0.712346 0.000000
vt -0.883264 0.554047 0.000000
vt -0.883264 0.395748 0.000000
vt -0.883264 0.237449 0.000000
vt -0.883264 0.079150 0.000000
vt -0.883264 -0.079150 0.000000
vt -0.883264 -0.237449 0.000000
vt -0.883264 -0.395748 0.000000
vt -0.883264 -0.554047 0.000000
vt -0.883264 -0.712346 0.000000
vt -0.539122 0.870645 0.000000
vt -0.539122 0.554047 0.000000
vt -0.539122 0.395748 0.000000
vt -0.539122 0.712346 0.000000
vt -0.539122 -0.712346 0.000000
vt -0.539122 -0.554047 0.000000
vt -0.539122 -0.395748 0.000000
vt -0.539122 -0.237449 0.000000
vt -0.539122 -0.079150 0.000000
vt -0.539122 0.079150 0.000000
vt -0.539122 0.237449 0.000000
vt -0.539122 -0.870645 0.000000
vt -0.539122 -0.870645 0.000000
vt -0.539122 -0.870645 0.000000
vt -0.194981 0.740627 0.000000
vt -0.194981 0.740627 0.000000
vt -0.539122 -0.870645 0.000000
vt -0.000230 0.000000 0.000000
vt -0.000115 0.000000 0.000000
vt -0.000000 0.000000 0.000000
vt -0.000000 0.763307 0.000000
vt -0.000000 1.526613 0.000000
vt -0.000000 2.289920 0.000000
vt -0.000000 3.053227 0.000000
vt -0.000000 3.816534 0.000000
vt -0.568036 3.816534 0.000000
vt -1.136072 3.816534 0.000000
vt -1.704107 3.816534 0.000000
vt -2.000095 3.816534 0.000000
vt -2.296083 3.816534 0.000000
vt -2.592072 3.816534 0.000000
vt -3.023869 3.816534 0.000000
vt -3.455666 3.816534 0.000000
vt -3.887463 3.816534 0.000000
vt -4.183451 3.816534 0.000000
vt -4.479439 3.816534 0.000000
vt -4.775427 3.816534 0.000000
vt -5.343463 3.816534 0.000000
vt -5.911499 3.816534 0.000000
vt -6.479535 3.816534 0.000000
vt -6.479535 3.053227 0.000000
vt -6.479535 2.289920 0.000000
vt -6.479535 1.526613 0.000000
vt -6.479535 0.763307 0.000000
vt -6.479535 0.000000 0.000000
vt -6.155570 0.000000 0.000000
vt -5.831604 0.000000 0.000000
vt -5.507639 0.000000 0.000000
vt -5.183674 0.000000 0.000000
vt -4.859708 0.000000 0.000000
vt -4.535743 0.000000 0.000000
vt -4.211778 0.000000 0.000000
vt -3.887813 0.000000 0.000000
vt -3.563847 0.000000 0.000000
vt -3.239882 0.000000 0.000000
vt -2.915917 0.000000 0.000000
vt -2.591952 0.000000 0.000000
vt -2.267987 0.000000 0.000000
vt -1.944021 0.000000 0.000000
vt -1.620056 0.000000 0.000000
vt -1.296091 0.000000 0.000000
vt -0.972125 0.000000 0.000000
vt -0.648160 0.000000 0.000000
vt -0.324195 0.000000 0.000000
vt -6.267866 0.329842 0.000000
vt -0.071719 0.329842 0.000000
vt -6.267866 1.201515 0.000000
vt -0.071719 1.201515 0.000000
vt -6.267866 1.855269 0.000000
vt -0.071719 1.855269 0.000000
vt -6.267866 2.509024 0.000000
vt -0.071719 2.509024 0.000000
vt -6.267866 3.380697 0.000000
vt -0.071719 3.380697 0.000000
vt -0.311538 0.329842 0.000000
vt -0.551358 0.329842 0.000000
vt -0.791177 0.329842 0.000000
vt -1.030996 0.329842 0.000000
vt -1.201258 0.329842 0.000000
vt -1.371520 0.329842 0.000000
vt -1.541782 0.329842 0.000000
vt -1.712044 0.329842 0.000000
vt -1.882305 0.329842 0.000000
vt -2.052567 0.329842 0.000000
vt -2.222829 0.329842 0.000000
vt -2.393090 0.329842 0.000000
vt -2.627800 0.329842 0.000000
vt -2.862509 0.329842 0.000000
vt -3.097218 0.329842 0.000000
vt -3.331927 0.329842 0.000000
vt -3.566636 0.329842 0.000000
vt -3.801345 0.329842 0.000000
vt -4.036055 0.329842 0.000000
vt -4.270763 0.329842 0.000000
vt -4.441026 0.329842 0.000000
vt -4.611287 0.329842 0.000000
vt -4.781549 0.329842 0.000000
vt -4.951811 0.329842 0.000000
vt -5.122072 0.329842 0.000000
vt -5.292335 0.329842 0.000000
vt -5.462596 0.329842 0.000000
vt -5.632858 0.329842 0.000000
vt -5.844527 0.329842 0.000000
vt -6.056196 0.329842 0.000000
vt -0.311538 1.201515 0.000000
vt -0.551358 1.201515 0.000000
vt -0.791177 1.201515 0.000000
vt -1.030996 1.201515 0.000000
vt -1.201258 1.201515 0.000000
vt -1.371520 1.201515 0.000000
vt -1.541782 1.201515 0.000000
vt -1.712044 1.201515 0.000000
vt -1.882305 1.201515 0.000000
vt -2.052567 1.201515 0.000000
vt -2.222829 1.201515 0.000000
vt -2.393090 1.201515 0.000000
vt -2.627800 1.201515 0.000000
vt -2.862509 1.201515 0.000000
vt -3.097218 1.201515 0.000000
vt -3.331927 1.201515 0.000000
vt -3.566636 1.201515 0.000000
vt -3.801345 1.201515 0.000000
vt -4.036055 1.201515 0.000000
vt -4.270763 1.201515 0.000000
vt -4.441026 1.201515 0.000000
vt -4.611287 1.201515 0.000000
vt -4.781549 1.201515 0.000000
vt -4.951811 1.201515 0.000000
vt -5.122072 1.201515 0.000000
vt -5.292335 1.201515 0.000000
vt -5.462596 1.201515 0.000000
vt -5.632858 1.201515 0.000000
vt -5.844527 1.201515 0.000000
vt -6.056196 1.201515 0.000000
vt -6.267866 0.763307 0.000000
vt -6.056196 0.763307 0.000000
vt -5.844527 0.763307 0.000000
vt -5.632858 0.763307 0.000000
vt -5.462596 0.763307 0.000000
vt -5.292335 0.763307 0.000000
vt -5.122072 0.763307 0.000000
vt -4.951811 0.763307 0.000000
vt -4.781549 0.763307 0.000000
vt -4.611287 0.763307 0.000000
vt -4.441026 0.763307 0.000000
vt -4.270763 0.763307 0.000000
vt -4.036055 0.763307 0.000000
vt -3.801345 0.763307 0.000000
vt -3.566636 0.763307 0.000000
vt -3.331927 0.763307 0.000000
vt -3.097218 0.763307 0.000000
vt -2.862509 0.763307 0.000000
vt -2.627800 0.763307 0.000000
vt -2.393090 0.763307 0.000000
vt -2.222829 0.763307 0.000000
vt -2.052567 0.763307 0.000000
vt -1.882305 0.763307 0.000000
vt -1.712044 0.763307 0.000000
vt -1.541782 0.763307 0.000000
vt -1.371520 0.763307 0.000000
vt -1.201258 0.763307 0.000000
vt -1.030996 0.763307 0.000000
vt -0.791177 0.763307 0.000000
vt -0.551358 0.763307 0.000000
vt -0.311538 0.763307 0.000000
vt -0.071719 0.763307 0.000000
vt -0.071719 1.637351 0.000000
vt -0.311538 1.637351 0.000000
vt -0.551358 1.637351 0.000000
vt -0.791177 1.637351 0.000000
vt -1.030996 1.637351 0.000000
vt -1.201258 1.637351 0.000000
vt -1.371520 1.637351 0.000000
vt -1.541782 1.637351 0.000000
vt -1.712044 1.637351 0.000000
vt -1.882305 1.637351 0.000000
vt -2.052567 1.637351 0.000000
vt -2.222829 1.637351 0.000000
vt -2.393090 1.637351 0.000000
vt -2.627800 1.637351 0.000000
vt -2.862509 1.637351 0.000000
vt -3.097218 1.637351 0.000000
vt -3.331927 1.637351 0.000000
vt -3.566636 1.637351 0.000000
vt -3.801345 1.637351 0.000000
vt -4.036055 1.637351 0.000000
vt -4.270763 1.637351 0.000000
vt -4.441026 1.637351 0.000000
vt -4.611287 1.637351 0.000000
vt -4.781549 1.637351 0.000000
vt -4.951811 1.637351 0.000000
vt -5.122072 1.637351 0.000000
vt -5.292335 1.637351 0.000000
vt -5.462596 1.637351 0.000000
vt -5.632858 1.637351 0.000000
vt -5.844527 1.637351 0.000000
vt -6.056196 1.637351 0.000000
vt -6.267866 1.637351 0.000000
vt -6.267866 1.419433 0.000000
vt -6.056196 1.419433 0.000000
vt -5.844527 1.419433 0.000000
vt -5.632858 1.419433 0.000000
vt -5.462596 1.419433 0.000000
vt -5.292335 1.419433 0.000000
vt -5.122072 1.419433 0.000000
vt -4.951811 1.419433 0.000000
vt -4.781549 1.419433 0.000000
vt -4.611287 1.419433 0.000000
vt -4.441026 1.419433 0.000000
vt -4.270763 1.419433 0.000000
vt -4.036055 1.419433 0.000000
vt -3.801345 1.419433 0.000000
vt -3.566636 1.419433 0.000000
vt -3.331927 1.419433 0.000000
vt -3.097218 1.419433 0.000000
vt -2.862509 1.419433 0.000000
vt -2.627800 1.419433 0.000000
vt -2.393090 1.419433 0.000000
vt -2.222829 1.419433 0.000000
vt -2.052567 1.419433 0.000000
vt -1.882305 1.419433 0.000000
vt -1.712044 1.419433 0.000000
vt -1.541782 1.419433 0.000000
vt -1.371520 1.419433 0.000000
vt -1.201258 1.419433 0.000000
vt -1.030996 1.419433 0.000000
vt -0.791177 1.419433 0.000000
vt -0.551358 1.419433 0.000000
vt -0.311538 1.419433 0.000000
vt -0.071719 1.419433 0.000000
vt -0.311538 2.509024 0.000000
vt -0.551358 2.509024 0.000000
vt -0.791177 2.509024 0.000000
vt -1.030996 2.509024 0.000000
vt -1.201258 2.509024 0.000000
vt -1.371520 2.509024 0.000000
vt -1.541782 2.509024 0.000000
vt -1.712044 2.509024 0.000000
vt -1.882305 2.509024 0.000000
vt -2.052567 2.509024 0.000000
vt -2.222829 2.509024 0.000000
vt -2.393090 2.509024 0.000000
vt -2.627800 2.509024 0.000000
vt -2.862509 2.509024 0.000000
vt -3.097218 2.509024 0.000000
vt -3.331927 2.509024 0.000000
vt -3.566636 2.509024 0.000000
vt -3.801345 2.509024 0.000000
vt -4.036055 2.509024 0.000000
vt -4.270763 2.509024 0.000000
vt -4.441026 2.509024 0.000000
vt -4.611287 2.509024 0.000000
vt -4.781549 2.509024 0.000000
vt -4.951811 2.509024 0.000000
vt -5.122072 2.509024 0.000000
vt -5.292335 2.509024 0.000000
vt -5.462596 2.509024 0.000000
vt -5.632858 2.509024 0.000000
vt -5.844527 2.509024 0.000000
vt -6.056196 2.509024 0.000000
vt -6.267866 2.073188 0.000000
vt -6.056196 2.073188 0.000000
vt -5.844527 2.073188 0.000000
vt -5.632858 2.073188 0.000000
vt -5.462596 2.073188 0.000000
vt -5.292335 2.073188 0.000000
vt -5.122072 2.073188 0.000000
vt -4.951811 2.073188 0.000000
vt -4.781549 2.073188 0.000000
vt -4.611287 2.073188 0.000000
vt -4.441026 2.073188 0.000000
vt -4.270763 2.073188 0.000000
vt -4.036055 2.073188 0.000000
vt -3.801345 2.073188 0.000000
vt -3.566636 2.073188 0.000000
vt -3.331927 2.073188 0.000000
vt -3.097218 2.073188 0.000000
vt -2.862509 2.073188 0.000000
vt -2.627800 2.073188 0.000000
vt -2.393090 2.073188 0.000000
vt -2.222829 2.073188 0.000000
vt -2.052567 2.073188 0.000000
vt -1.882305 2.073188 0.000000
vt -1.712044 2.073188 0.000000
vt -1.541782 2.073188 0.000000
vt -1.371520 2.073188 0.000000
vt -1.201258 2.073188 0.000000
vt -1.030996 2.073188 0.000000
vt -0.791177 2.073188 0.000000
vt -0.551358 2.073188 0.000000
vt -0.311538 2.073188 0.000000
vt -0.071719 2.073188 0.000000
vt -0.071719 3.162779 0.000000
vt -0.311538 3.162779 0.000000
vt -0.551358 3.162779 0.000000
vt -0.791177 3.162779 0.000000
vt -1.030996 3.162779 0.000000
vt -1.201258 3.162779 0.000000
vt -1.371520 3.162779 0.000000
vt -1.541782 3.162779 0.000000
vt -1.712044 3.162779 0.000000
vt -1.882305 3.162779 0.000000
vt -2.052567 3.162779 0.000000
vt -2.222829 3.162779 0.000000
vt -2.393090 3.162779 0.000000
vt -2.627800 3.162779 0.000000
vt -2.862509 3.162779 0.000000
vt -3.097218 3.162779 0.000000
vt -3.331927 3.162779 0.000000
vt -3.566636 3.162779 0.000000
vt -3.801345 3.162779 0.000000
vt -4.036055 3.162779 0.000000
vt -4.270763 3.162779 0.000000
vt -4.441026 3.162779 0.000000
vt -4.611287 3.162779 0.000000
vt -4.781549 3.162779 0.000000
vt -4.951811 3.162779 0.000000
vt -5.122072 3.162779 0.000000
vt -5.292335 3.162779 0.000000
vt -5.462596 3.162779 0.000000
vt -5.632858 3.162779 0.000000
vt -5.844527 3.162779 0.000000
vt -6.056196 3.162779 0.000000
vt -6.267866 3.162779 0.000000
vt -6.267866 2.944860 0.000000
vt -6.056196 2.944860 0.000000
vt -5.844527 2.944860 0.000000
vt -5.632858 2.944860 0.000000
vt -5.462596 2.944860 0.000000
vt -5.292335 2.944860 0.000000
vt -5.122072 2.944860 0.000000
vt -4.951811 2.944860 0.000000
vt -4.781549 2.944860 0.000000
vt -4.611287 2.944860 0.000000
vt -4.441026 2.944860 0.000000
vt -4.270763 2.944860 0.000000
vt -4.036055 2.944860 0.000000
vt -3.801345 2.944860 0.000000
vt -3.566636 2.944860 0.000000
vt -3.331927 2.944860 0.000000
vt -3.097218 2.944860 0.000000
vt -2.862509 2.944860 0.000000
vt -2.627800 2.944860 0.000000
vt -2.393090 2.944860 0.000000
vt -2.222829 2.944860 0.000000
vt -2.052567 2.944860 0.000000
vt -1.882305 2.944860 0.000000
vt -1.712044 2.944860 0.000000
vt -1.541782 2.944860 0.000000
vt -1.371520 2.944860 0.000000
vt -1.201258 2.944860 0.000000
vt -1.030996 2.944860 0.000000
vt -0.791177 2.944860 0.000000
vt -0.551358 2.944860 0.000000
vt -0.311538 2.944860 0.000000
vt -0.071719 2.944860 0.000000
vt -6.056196 3.380697 0.000000
vt -5.844527 3.380697 0.000000
vt -5.632858 3.380697 0.000000
vt -5.462596 3.380697 0.000000
vt -5.292335 3.380697 0.000000
vt -5.122072 3.380697 0.000000
vt -4.951811 3.380697 0.000000
vt -4.781549 3.380697 0.000000
vt -4.611287 3.380697 0.000000
vt -4.441026 3.380697 0.000000
vt -4.270763 3.380697 0.000000
vt -4.036055 3.380697 0.000000
vt -3.801345 3.380697 0.000000
vt -3.566636 3.380697 0.000000
vt -3.331927 3.380697 0.000000
vt -3.097218 3.380697 0.000000
vt -2.862509 3.380697 0.000000
vt -2.627800 3.380697 0.000000
vt -2.393090 3.380697 0.000000
vt -2.222829 3.380697 0.000000
vt -2.052567 3.380697 0.000000
vt -1.882305 3.380697 0.000000
vt -1.712044 3.380697 0.000000
vt -1.541782 3.380697 0.000000
vt -1.371520 3.380697 0.000000
vt -1.201258 3.380697 0.000000
vt -1.030996 3.380697 0.000000
vt -0.791177 3.380697 0.000000
vt -0.551358 3.380697 0.000000
vt -0.311538 3.380697 0.000000
vt -6.267866 0.547760 0.000000
vt -6.056196 0.547760 0.000000
vt -5.844527 0.547760 0.000000
vt -5.632858 0.547760 0.000000
vt -5.462596 0.547760 0.000000
vt -5.292335 0.547760 0.000000
vt -5.122072 0.547760 0.000000
vt -4.951811 0.547760 0.000000
vt -4.781549 0.547760 0.000000
vt -4.611287 0.547760 0.000000
vt -4.441026 0.547760 0.000000
vt -4.270763 0.547760 0.000000
vt -4.036055 0.547760 0.000000
vt -3.801345 0.547760 0.000000
vt -3.566636 0.547760 0.000000
vt -3.331927 0.547760 0.000000
vt -3.097218 0.547760 0.000000
vt -2.862509 0.547760 0.000000
vt -2.627800 0.547760 0.000000
vt -2.393090 0.547760 0.000000
vt -2.222829 0.547760 0.000000
vt -2.052567 0.547760 0.000000
vt -1.882305 0.547760 0.000000
vt -1.712044 0.547760 0.000000
vt -1.541782 0.547760 0.000000
vt -1.371520 0.547760 0.000000
vt -1.201258 0.547760 0.000000
vt -1.030996 0.547760 0.000000
vt -0.791177 0.547760 0.000000
vt -0.551358 0.547760 0.000000
vt -0.311538 0.547760 0.000000
vt -0.071719 0.547760 0.000000
vt -0.311538 1.855269 0.000000
vt -0.551358 1.855269 0.000000
vt -0.791177 1.855269 0.000000
vt -1.030996 1.855269 0.000000
vt -1.201258 1.855269 0.000000
vt -1.371520 1.855269 0.000000
vt -1.541782 1.855269 0.000000
vt -1.712044 1.855269 0.000000
vt -1.882305 1.855269 0.000000
vt -2.052567 1.855269 0.000000
vt -2.222829 1.855269 0.000000
vt -2.393090 1.855269 0.000000
vt -2.627800 1.855269 0.000000
vt -2.862509 1.855269 0.000000
vt -3.097218 1.855269 0.000000
vt -3.331927 1.855269 0.000000
vt -3.566636 1.855269 0.000000
vt -3.801345 1.855269 0.000000
vt -4.036055 1.855269 0.000000
vt -4.270763 1.855269 0.000000
vt -4.441026 1.855269 0.000000
vt -4.611287 1.855269 0.000000
vt -4.781549 1.855269 0.000000
vt -4.951811 1.855269 0.000000
vt -5.122072 1.855269 0.000000
vt -5.292335 1.855269 0.000000
vt -5.462596 1.855269 0.000000
vt -5.632858 1.855269 0.000000
vt -5.844527 1.855269 0.000000
vt -6.056196 1.855269 0.000000
vt 1.750000 -2.930955 0.000000
vt 1.750000 -3.365782 0.000000
vt 1.750000 -3.800608 0.000000
vt 1.750000 -4.235435 0.000000
vt 1.750000 -4.670261 0.000000
vt 1.750000 5.105088 0.000000
vt 1.750000 4.670261 0.000000
vt 1.750000 4.235435 0.000000
vt 1.750000 3.800608 0.000000
vt 1.750000 3.365782 0.000000
vt 1.750000 2.930955 0.000000
vt -5.250000 2.930955 0.000000
vt -5.750000 2.930955 0.000000
vt -5.750000 3.365782 0.000000
vt -5.750000 3.800608 0.000000
vt -5.750000 4.235435 0.000000
vt -5.750000 4.670261 0.000000
vt -5.750000 -5.105088 0.000000
vt -5.750000 -4.670261 0.000000
vt -5.750000 -4.235435 0.000000
vt -5.750000 -3.800608 0.000000
vt -5.750000 -3.365782 0.000000
vt -5.750000 -2.930955 0.000000
vt -5.250000 -2.930955 0.000000
vt 9.250000 0.000000 0.000000
vt 9.250000 0.000181 0.000000
vt 9.250000 0.000362 0.000000
vt 9.250000 0.510853 0.000000
vt 9.250000 1.021343 0.000000
vt 9.250000 1.531834 0.000000
vt 9.250000 2.042325 0.000000
vt 9.250000 2.552815 0.000000
vt 9.250000 3.063306 0.000000
vt 9.250000 3.573797 0.000000
vt 9.250000 4.084288 0.000000
vt 9.250000 -5.615397 0.000000
vt 9.250000 -5.104907 0.000000
vt 9.250000 -4.594417 0.000000
vt 9.250000 -4.083926 0.000000
vt 9.250000 -3.573435 0.000000
vt 9.250000 -3.062944 0.000000
vt 9.250000 -2.552454 0.000000
vt 9.250000 -2.041963 0.000000
vt 9.250000 -1.531472 0.000000
vt 9.250000 -1.020981 0.000000
vt 9.250000 -0.510491 0.000000
vt -9.250000 0.000000 0.000000
vt -9.250000 -0.510509 0.000000
vt -9.250000 -1.021018 0.000000
vt -9.250000 -1.531526 0.000000
vt -9.250000 -2.042035 0.000000
vt -9.250000 -2.552544 0.000000
vt -9.250000 -3.063053 0.000000
vt -9.250000 -3.573562 0.000000
vt -9.250000 -4.084071 0.000000
vt -9.250000 -4.594579 0.000000
vt -9.250000 5.105088 0.000000
vt -9.250000 4.594579 0.000000
vt -9.250000 4.084071 0.000000
vt -9.250000 3.573562 0.000000
vt -9.250000 3.063053 0.000000
vt -9.250000 2.552544 0.000000
vt -9.250000 2.042035 0.000000
vt -9.250000 1.531526 0.000000
vt -9.250000 1.021018 0.000000
vt -9.250000 0.510509 0.000000
vt 1.750000 -5.105088 0.000000
vt 1.750000 -5.105088 0.000000
vt 9.250000 4.594779 0.000000
vt 9.250000 4.594779 0.000000
vt 9.250000 4.594779 0.000000
vt -5.750000 5.105088 0.000000
vt -9.250000 -5.105088 0.000000
vt -9.250000 -5.105088 0.000000
vn -0.000000 -2.540000 0.000000
vn -0.000000 -2.199704 -1.270000
vn -0.000000 -1.270000 -2.199704
vn -0.000000 -0.000000 -2.540000
vn -0.000000 -0.000000 -2.540000
vn -0.000000 -1.270000 -2.199704
vn -0.000000 -2.199704 -1.270000
vn -0.000000 -2.540000 0.000000
vn -2.540000 0.000000 0.000000
vn -2.540000 0.000000 0.000000
vn -2.540000 0.000000 0.000000
vn -2.540000 0.000000 0.000000
vn -2.540000 0.000000 0.000000
vn -2.540000 0.000000 0.000000
vn -2.540000 0.000000 0.000000
vn -2.540000 0.000000 0.000000
vn -2.540000 0.000000 0.000000
vn -2.540000 0.000000 0.000000
vn -2.540000 0.000000 0.000000
vn -2.540000 0.000000 0.000000
vn -2.540000 0.000000 0.000000
vn -2.540000 0.000000 0.000000
vn -0.000000 -2.540000 0.000000
vn -0.000000 -2.540000 0.000000
vn -0.000000 -2.540000 0.000000
vn -0.000000 -2.540000 0.000000
vn 0.000000 2.540000 -0.000000
vn 0.000000 2.199704 -1.270000
vn -0.000000 1.270000 -2.199704
vn -0.000000 -0.000000 -2.540000
vn -0.000000 -0.000000 -2.540000
vn -0.000000 1.270000 -2.199704
vn 0.000000 2.199704 -1.270000
vn 0.000000 2.540000 -0.000000
vn 0.000000 2.540000 -0.000000
vn 0.000000 2.540000 -0.000000
vn 0.000000 2.540000 -0.000000
vn 0.000000 2.540000 -0.000000
vn -2.540000 0.000000 0.000000
vn -2.540000 0.000000 0.000000
vn -2.540000 0.000000 0.000000
vn -2.540000 0.000000 0.000000
vn -2.540000 0.000000 0.000000
vn -2.540000 0.000000 0.000000
vn -2.540000 0.000000 0.000000
vn -2.540000 0.000000 0.000000
vn -2.540000 0.000000 0.000000
vn -2.540000 0.000000 0.000000
vn -2.540000 0.000000 0.000000
vn -2.540000 0.000000 0.000000
vn -2.540000 0.000000 0.000000
vn -2.540000 0.000000 0.000000
vn -0.293796 -0.113750 -2.520386
vn -0.293796 -0.113750 -2.520386
vn -0.293796 -0.113750 -2.520386
vn -0.293796 -0.113750 -2.520386
vn -0.293796 -0.113750 -2.520386
vn -0.293796 -0.113750 2.520386
vn -0.293796 -0.113750 2.520386
vn -0.293796 -0.113750 2.520386
vn -0.293796 -0.113750 2.520386
vn -0.293796 -0.113750 2.520386
vn 0.000000 0.000000 2.540000
vn 0.000000 0.000000 2.540000
vn 0.000000 0.000000 2.540000
vn 0.000000 0.000000 2.540000
vn 0.000000 0.000000 2.540000
vn 0.000000 0.000000 2.540000
vn -0.000000 -0.000000 -2.540000
vn -0.000000 -0.000000 -2.540000
vn -0.000000 -0.000000 -2.540000
vn -0.000000 -0.000000 -2.540000
vn -0.000000 -0.000000 -2.540000
vn -0.000000 -0.000000 -2.540000
vn -0.000000 -0.000000 -2.540000
vn -0.000000 -0.000000 -2.540000
vn -0.000000 -0.000000 -2.540000
vn -0.000000 -0.000000 -2.540000
vn -0.000000 -0.000000 -2.540000
vn -0.000000 -0.000000 -2.540000
vn 1.796051 1.796051 -0.000000
vn 1.796051 1.796051 -0.000000
vn 1.796051 1.796051 -0.000000
vn 1.796051 1.796051 -0.000000
vn 0.000000 2.540000 -0.000000
vn 0.000000 2.540000 -0.000000
vn 0.000000 2.540000 -0.000000
vn 0.000000 2.540000 -0.000000
vn 0.000000 2.540000 -0.000000
vn -0.000000 -0.103753 -2.537880
vn -0.000000 -0.103753 -2.537880
vn -0.000000 -0.103753 -2.537880
vn -0.000000 -0.103753 -2.537880
vn -0.000000 -0.103753 -2.537880
vn -0.000000 -0.103753 -2.537880
vn -0.000000 -0.103753 -2.537880
vn -0.000000 -2.540000 0.000000
vn -0.000000 -2.540000 0.000000
vn -0.000000 -2.540000 0.000000
vn -0.000000 -2.540000 0.000000
vn -2.540000 0.000000 0.000000
vn -2.540000 0.000000 0.000000
vn -2.540000 0.000000 0.000000
vn -2.540000 0.000000 0.000000
vn -2.460527 0.630404 0.000000
vn -2.460527 0.630404 0.000000
vn -2.460527 0.630404 0.000000
vn -2.460527 0.630404 0.000000
vn 0.000000 2.540000 -0.000000
vn 0.000000 2.540000 -0.000000
vn 0.000000 2.540000 -0.000000
vn 0.000000 2.540000 -0.000000
vn 0.000000 0.000000 2.540000
vn 0.000000 0.000000 2.540000
vn 0.000000 0.000000 2.540000
vn 0.000000 0.000000 2.540000
vn 0.000000 0.000000 2.540000
vn 0.000000 0.000000 2.540000
vn -1.938193 1.641648 -0.000000
vn -1.938193 1.641648 -0.000000
vn -1.938193 1.641648 -0.000000
vn -1.938193 1.641648 -0.000000
vn -1.938193 1.641648 -0.000000
vn -0.000000 -2.540000 0.000000
vn -0.000000 -2.540000 0.000000
vn -0.000000 -2.540000 0.000000
vn -0.000000 -2.540000 0.000000
vn 1.456884 -2.080646 0.000000
vn 1.456884 -2.080646 0.000000
vn 1.456884 -2.080646 0.000000
vn 1.456884 -2.080646 0.000000
vn 0.000000 0.000000 2.540000
vn 0.000000 0.000000 2.540000
vn 0.000000 0.000000 2.540000
vn 0.000000 0.000000 2.540000
vn 0.000000 0.000000 2.540000
vn 0.000000 0.000000 2.540000
vn 0.000000 0.000000 2.540000
vn 0.000000 0.000000 2.540000
vn 0.000000 0.000000 2.540000
vn -2.460527 0.630404 0.000000
vn -2.460527 0.630404 0.000000
vn -2.460527 0.630404 0.000000
vn -2.460527 0.630404 0.000000
vn 2.080646 -1.456884 0.000000
vn 2.080646 -1.456884 0.000000
vn 2.080646 -1.456884 0.000000
vn 2.080646 -1.456884 0.000000
vn 2.540000 -0.000000 -0.000000
vn 2.540000 -0.000000 -0.000000
vn 2.540000 -0.000000 -0.000000
vn 2.540000 -0.000000 -0.000000
vn 2.540000 -0.000000 -0.000000
vn 2.540000 -0.000000 -0.000000
vn 2.540000 -0.000000 -0.000000
vn 2.540000 -0.000000 -0.000000
vn 2.540000 -0.000000 -0.000000
vn 2.540000 -0.000000 -0.000000
vn 2.540000 -0.000000 -0.000000
vn 2.540000 -0.000000 -0.000000
vn -0.293796 0.113750 -2.520386
vn -0.293796 0.113750 -2.520386
vn -0.293796 0.113750 -2.520386
vn -0.293796 0.113750 -2.520386
vn -0.293796 0.113750 -2.520386
vn -0.000000 -0.000000 -2.540000
vn -0.000000 -0.000000 -2.540000
vn -0.000000 -0.000000 -2.540000
vn -0.000000 -0.000000 -2.540000
vn -0.000000 -0.000000 -2.540000
vn -0.000000 -0.000000 -2.540000
vn -0.000000 -0.000000 -2.540000
vn -0.000000 -0.000000 -2.540000
vn -0.000000 -0.000000 -2.540000
vn -0.000000 -0.000000 -2.540000
vn -0.000000 -0.000000 -2.540000
vn -0.000000 -0.000000 -2.540000
vn -0.293796 0.113750 2.520386
vn -0.293796 0.113750 2.520386
vn -0.293796 0.113750 2.520386
vn -0.293796 0.113750 2.520386
vn -0.293796 0.113750 2.520386
vn 0.000000 0.000000 2.540000
vn 0.000000 0.000000 2.540000
vn 0.000000 0.000000 2.540000
vn 0.000000 0.000000 2.540000
vn 0.000000 0.000000 2.540000
vn 1.796051 -1.796051 0.000000
vn 1.796051 -1.796051 0.000000
vn 1.796051 -1.796051 0.000000
vn 1.796051 -1.796051 0.000000
vn -0.000000 -2.540000 0.000000
vn -0.000000 -2.540000 0.000000
vn -0.000000 -2.540000 0.000000
vn -0.000000 -2.540000 0.000000
vn -0.000000 -2.540000 0.000000
vn -0.293796 -2.520386 -0.113750
vn -0.293796 -2.520386 -0.113750
vn -0.293796 -2.520386 -0.113750
vn -0.293796 -2.520386 -0.113750
vn -0.293796 -2.520386 -0.113750
vn -0.000000 -2.540000 0.000000
vn -0.000000 -2.540000 0.000000
vn -0.000000 -2.540000 0.000000
vn -0.000000 -2.540000 0.000000
vn -0.000000 -2.540000 0.000000
vn -0.000000 -2.540000 0.000000
vn -0.293796 2.520386 -0.113750
vn -0.293796 2.520386 -0.113750
vn -0.293796 2.520386 -0.113750
vn -0.293796 2.520386 -0.113750
vn -0.293796 2.520386 -0.113750
vn 0.000000 0.000000 2.540000
vn 0.000000 0.000000 2.540000
vn 0.000000 0.000000 2.540000
vn 0.000000 0.000000 2.540000
vn 0.000000 0.000000 2.540000
vn 1.796051 0.000000 1.796051
vn 1.796051 0.000000 1.796051
vn 1.796051 0.000000 1.796051
vn 1.796051 0.000000 1.796051
vn 1.796051 0.000000 1.796051
vn 0.000000 2.540000 -0.000000
vn 0.000000 2.540000 -0.000000
vn 0.000000 2.540000 -0.000000
vn 0.000000 2.540000 -0.000000
vn 0.000000 2.540000 -0.000000
vn -0.363668 2.493281 0.320772
vn -0.390981 2.503472 0.177097
vn -0.412153 2.505213 0.075081
vn -0.420023 2.486023 0.308011
vn -0.396674 2.488490 0.318855
vn -0.394890 2.487133 0.331407
vn -0.394448 2.486793 0.334473
vn -0.393559 2.486103 0.340592
vn -0.391759 2.484688 0.352779
vn -0.388072 2.481715 0.376950
vn -0.380367 2.475229 0.424456
vn -0.363730 2.460329 0.515832
vn -0.282643 2.302229 1.035110
vn -0.317183 2.373226 0.847816
vn -0.386535 2.366702 0.837205
vn -0.367814 2.375640 0.820150
vn -0.366094 2.439482 0.605396
vn -0.363666 -2.493277 0.320803
vn -0.366095 -2.439485 0.605381
vn -0.367812 -2.375622 0.820203
vn -0.386533 -2.366686 0.837252
vn -0.282645 -2.302236 1.035094
vn -0.363735 -2.460335 0.515800
vn -0.380383 -2.475243 0.424361
vn -0.388093 -2.481730 0.376826
vn -0.391785 -2.484707 0.352610
vn -0.393589 -2.486126 0.340391
vn -0.394481 -2.486817 0.334254
vn -0.394924 -2.487158 0.331179
vn -0.396671 -2.488487 0.318883
vn -0.420022 -2.486021 0.308026
vn -0.412151 -2.505213 0.075104
vn -0.390982 -2.503472 0.177090
vn -0.303040 0.460573 2.479443
vn -0.302773 0.377171 2.493526
vn -0.002454 0.252198 2.527447
vn 0.000000 0.000000 2.540000
vn 0.000000 0.000000 2.540000
vn 0.000000 0.000000 2.540000
vn -0.017738 0.784884 2.415625
vn -0.063826 1.492437 2.054302
vn -0.131542 2.052127 1.490997
vn -0.216577 2.406858 0.782133
vn -0.313574 2.520570 0.000023
vn -0.413853 2.383399 -0.774425
vn -0.505770 2.013788 -1.463030
vn -0.577413 1.453950 -2.001055
vn -0.620364 0.761146 -2.342521
vn -0.633354 -0.000000 -2.459769
vn -0.620364 -0.761132 -2.342526
vn -0.577424 -1.453820 -2.001147
vn -0.505779 -2.013733 -1.463101
vn -0.413862 -2.383373 -0.774501
vn -0.313580 -2.520569 -0.000023
vn -0.216587 -2.406882 0.782055
vn -0.131552 -2.052180 1.490922
vn -0.063839 -1.492569 2.054206
vn -0.017739 -0.784898 2.415620
vn 0.000000 0.000000 2.540000
vn 0.000000 0.000000 2.540000
vn 0.000000 0.000000 2.540000
vn -0.002455 -0.252231 2.527444
vn -0.005521 -0.374973 2.512163
vn -0.302773 -0.377196 2.493522
vn -0.303040 -0.460525 2.479452
vn -0.302279 -0.259295 2.508584
vn -0.302033 0.000000 2.521979
vn -0.302033 0.000000 2.521979
vn -0.302033 0.000000 2.521979
vn -0.302033 0.000000 2.521979
vn -0.302033 0.000000 2.521979
vn -0.279507 -1.622696 1.933994
vn -0.289922 -2.485058 0.438212
vn -0.440264 -2.166422 -1.250754
vn -0.608340 -0.843435 -2.317356
vn -0.608340 0.843448 -2.317352
vn -0.440267 2.166405 -1.250782
vn -0.289924 2.485064 0.438178
vn -0.279509 1.622765 1.933936
vn -0.302033 0.000000 2.521979
vn -0.302033 0.000000 2.521979
vn -0.302033 0.000000 2.521979
vn -0.302033 0.000000 2.521979
vn -0.302033 0.000000 2.521979
vn -0.302279 0.259283 2.508585
vn -0.304796 -0.756553 2.405478
vn -0.440231 -2.498856 -0.116263
vn -0.377257 2.353635 0.877314
vn -0.362275 -2.240627 1.140151
vn -0.430037 2.503082 0.035332
vn -0.012391 0.558181 2.477878
vn -0.423965 2.504119 0.035211
vn -0.452876 2.469606 -0.384121
vn -0.483372 2.362783 -0.796999
vn -0.514996 2.180360 -1.196833
vn -0.546883 1.917844 -1.573021
vn -0.577513 1.571567 -1.910041
vn -0.604410 1.142857 -2.186359
vn -0.624170 0.643552 -2.376521
vn -0.633129 0.099389 -2.457818
vn -0.628797 -0.452052 -2.419063
vn -0.612503 -0.971104 -2.265700
vn -0.587737 -1.427142 -2.017283
vn -0.558109 -1.803497 -1.699269
vn -0.526447 -2.095792 -1.334956
vn -0.494604 -2.306358 -0.942168
vn -0.463635 -2.439783 -0.533012
vn -0.434113 -2.499968 -0.115356
vn -0.364585 -2.495136 0.304915
vn -0.391573 -2.507042 -0.114059
vn -0.423664 -2.447600 -0.530437
vn -0.460167 -2.314607 -0.939382
vn -0.499736 -2.103407 -1.333245
vn -0.540112 -1.808752 -1.699498
vn -0.577913 -1.428378 -2.019245
vn -0.608786 -0.968201 -2.267943
vn -0.628212 -0.448059 -2.419957
vn -0.633109 0.098052 -2.457877
vn -0.622815 0.639354 -2.378009
vn -0.598822 1.141280 -2.188719
vn -0.564926 1.574372 -1.911495
vn -0.525743 1.924161 -1.572514
vn -0.485333 2.188376 -1.194598
vn -0.446652 2.370957 -0.794143
vn -0.411619 2.477159 -0.381905
vn -0.381300 2.510960 0.035905
vn -0.434257 2.502343 0.036037
vn -0.484840 2.461721 -0.395547
vn -0.526498 2.346715 -0.816903
vn -0.559726 2.156338 -1.220046
vn -0.585498 1.888825 -1.594092
vn -0.605037 1.542942 -1.924801
vn -0.619377 1.120980 -2.193485
vn -0.628940 0.632768 -2.378159
vn -0.633241 0.098361 -2.457830
vn -0.631143 -0.445304 -2.419703
vn -0.623354 -0.952923 -2.270456
vn -0.610733 -1.400228 -2.029277
vn -0.593157 -1.773897 -1.718446
vn -0.569750 -2.069500 -1.357997
vn -0.539327 -2.287276 -0.963895
vn -0.500773 -2.429099 -0.548000
vn -0.453395 -2.496361 -0.119221
vn -0.448316 -2.497290 -0.118965
vn -0.477800 -2.433831 -0.547515
vn -0.507651 -2.294392 -0.964186
vn -0.537338 -2.077267 -1.359349
vn -0.566055 -1.780767 -1.720480
vn -0.592455 -1.405230 -2.031237
vn -0.614451 -0.955816 -2.271666
vn -0.629132 -0.446415 -2.420022
vn -0.633142 0.098582 -2.457847
vn -0.624922 0.634461 -2.378767
vn -0.607248 1.124614 -2.195016
vn -0.583376 1.548679 -1.926880
vn -0.555948 1.896164 -1.595958
vn -0.526768 2.164070 -1.221031
vn -0.496945 2.353171 -0.816844
vn -0.467177 2.465223 -0.394996
vn -0.437934 2.501705 0.035861
vn -0.308831 2.355304 0.899315
vn -0.238123 2.161328 1.312844
vn -0.167217 1.882594 1.696902
vn -0.101634 1.518033 2.033924
vn -0.047887 1.072282 2.302068
vn -0.011140 0.525575 2.485004
vn -0.043270 1.017655 2.326823
vn -0.092840 1.457045 2.078461
vn -0.154936 1.829553 1.755087
vn -0.224067 2.124928 1.373344
vn -0.295034 2.337278 0.949572
vn -0.363317 2.463634 0.500110
vn -0.425594 2.503779 0.039472
vn -0.479698 2.458908 -0.418640
vn -0.524611 2.331211 -0.861301
vn -0.560328 2.123428 -1.276200
vn -0.587522 1.839420 -1.650136
vn -0.607357 1.484403 -1.969585
vn -0.621077 1.066199 -2.220154
vn -0.629622 0.596761 -2.387269
vn -0.633261 0.092453 -2.458055
vn -0.631504 -0.419173 -2.424272
vn -0.624700 -0.903189 -2.290327
vn -0.612916 -1.341340 -2.068028
vn -0.595412 -1.720039 -1.771596
vn -0.570992 -2.030247 -1.415509
vn -0.538440 -2.265819 -1.013778
vn -0.496857 -2.422565 -0.579579
vn -0.445984 -2.497385 -0.125554
vn -0.386452 -2.487886 0.335673
vn -0.295164 -2.385665 0.820415
vn -0.249524 -2.210728 1.225569
vn -0.226963 -2.191438 1.263997
vn -0.179162 -1.944554 1.624258
vn -0.113927 -1.598814 1.970385
vn -0.059254 -1.181898 2.247489
vn -0.020378 -0.706733 2.439613
vn -0.022645 -0.748860 2.426993
vn -0.065356 -1.240656 2.215424
vn -0.124117 -1.658365 1.919901
vn -0.192308 -1.992279 1.563791
vn -0.263717 -2.240392 1.167345
vn -0.319992 -2.392454 0.790803
vn -0.383113 2.346724 0.893146
vn -0.358918 2.151001 1.302295
vn -0.338076 1.872682 1.682369
vn -0.321531 1.510275 2.016752
vn -0.310037 1.067394 2.283889
vn -0.303775 0.555934 2.459727
vn -0.380655 2.351076 0.882692
vn -0.357094 2.158766 1.289889
vn -0.336850 1.883150 1.670891
vn -0.320821 1.521249 2.008600
vn -0.309721 1.075867 2.279952
vn -0.303701 0.559772 2.458866
vn -0.303443 0.563232 2.458107
vn -0.308569 1.084095 2.276208
vn -0.318178 1.532304 2.000602
vn -0.332336 1.894002 1.659491
vn -0.350610 2.167162 1.277529
vn -0.372379 2.356273 0.872301
vn -0.341390 -2.410854 0.723075
vn -0.323912 -2.249260 1.134686
vn -0.312134 -2.003795 1.529372
vn -0.305437 -1.668918 1.890244
vn -0.302602 -1.245014 2.193165
vn -0.301983 -0.745203 2.409373
vn -0.302027 -0.198988 2.514117
vn -0.358038 -2.244244 1.134363
vn -0.338436 -2.001823 1.526357
vn -0.322741 -1.672129 1.884522
vn -0.311479 -1.254006 2.186790
vn -0.305438 -0.745725 2.408776
vn -0.313546 -1.234728 2.197438
vn -0.326908 -1.649692 1.903483
vn -0.345092 -1.981980 1.550570
vn -0.367248 -2.230446 1.158379
vn -0.444637 -2.498032 -0.117200
vn -0.473926 -2.436204 -0.540283
vn -0.503891 -2.299819 -0.953166
vn -0.534041 -2.086076 -1.347104
vn -0.563540 -1.791836 -1.709780
vn -0.590902 -1.416095 -2.024132
vn -0.613789 -0.963565 -2.268569
vn -0.629016 -0.449395 -2.419501
vn -0.633137 0.099039 -2.457830
vn -0.624663 0.639174 -2.377573
vn -0.606293 1.133778 -2.190561
vn -0.581472 1.559955 -1.918341
vn -0.553122 1.906645 -1.584412
vn -0.523265 2.171718 -1.208898
vn -0.493105 2.357398 -0.806922
vn -0.463341 2.466807 -0.389586
vn -0.434386 2.502329 0.035493
vn -0.354454 2.163004 1.283502
vn -0.335024 1.888688 1.664997
vn -0.319756 1.526941 2.004447
vn -0.309257 1.080160 2.277985
vn -0.303597 0.561633 2.458454
vn -0.001124 -0.177905 2.533762
vn -0.015503 -0.664735 2.451426
vn -0.044663 -1.124163 2.277249
vn -0.086221 -1.540364 2.017782
vn -0.137596 -1.897984 1.682357
vn -0.196055 -2.183302 1.283104
vn -0.258698 -2.384692 0.835416
vn -0.322584 -2.493961 0.357348
vn -0.384928 -2.507204 -0.131746
vn -0.443226 -2.424969 -0.612106
vn -0.495421 -2.252079 -1.065035
vn -0.539993 -1.996921 -1.473877
vn -0.575998 -1.670466 -1.824656
vn -0.603037 -1.285302 -2.106169
vn -0.621209 -0.854702 -2.309802
vn -0.630999 -0.392777 -2.428820
vn -0.633245 0.086265 -2.458284
vn -0.628410 0.560933 -2.396259
vn -0.615698 1.013271 -2.246285
vn -0.594383 1.429225 -2.013858
vn -0.564119 1.794851 -1.706423
vn -0.524981 2.097097 -1.333484
vn -0.477533 2.323973 -0.907035
vn -0.422958 2.465169 -0.442324
vn -0.362943 2.513560 0.043431
vn -0.299738 2.465751 0.530878
vn -0.235978 2.322845 1.000152
vn -0.174485 2.090225 1.432520
vn -0.118242 1.777572 1.810485
vn -0.070064 1.397200 2.120029
vn -0.032669 0.963819 2.349806
vn -0.008535 0.492707 2.491740
vn -0.018024 -0.679338 2.447402
vn -0.052405 -1.143684 2.267342
vn -0.101333 -1.559709 2.002159
vn -0.160931 -1.912971 1.663203
vn -0.361649 -2.489653 0.349909
vn -0.423273 -2.501119 -0.129776
vn -0.477769 -2.421164 -0.601083
vn -0.523824 -2.253885 -1.047479
vn -0.560996 -2.005850 -1.453770
vn -0.589546 -1.685630 -1.806291
vn -0.610201 -1.303500 -2.092879
vn -0.623894 -0.871120 -2.302934
vn -0.631434 -0.402099 -2.427181
vn -0.633261 0.088522 -2.458199
vn -0.629401 0.573387 -2.393049
vn -0.619734 1.030938 -2.237118
vn -0.603649 1.446827 -1.998474
vn -0.580269 1.808039 -1.686975
vn -0.548703 2.103447 -1.313787
vn -0.508340 2.323482 -0.891416
vn -0.459178 2.460100 -0.434356
vn -0.401925 2.507648 0.041951
vn -0.338248 2.462997 0.520417
vn -0.270756 2.326275 0.983228
vn -0.202848 2.100970 1.412932
vn -0.138628 1.794508 1.792240
vn -0.082363 1.417155 2.106297
vn -0.038242 0.982184 2.342104
vn -0.009871 0.504285 2.489417
vn -0.305297 -0.751326 2.407053
vn -0.313105 -1.244434 2.192019
vn -0.326025 -1.660813 1.893940
vn -0.343660 -1.991663 1.538434
vn -0.365199 -2.236989 1.146346
vn -0.341542 -1.996831 1.532193
vn -0.324700 -1.666620 1.889060
vn -0.312450 -1.249399 2.189287
vn -0.305095 -0.754097 2.406212
vn -0.458933 2.468073 -0.386776
vn -0.488965 2.360006 -0.801801
vn -0.519712 2.176034 -1.202653
vn -0.550413 1.912330 -1.578493
vn -0.579735 1.565923 -1.913999
vn -0.605458 1.138514 -2.188334
vn -0.624442 0.641520 -2.376999
vn -0.633134 0.099244 -2.457823
vn -0.628917 -0.450845 -2.419257
vn -0.613217 -0.967527 -2.267037
vn -0.589508 -1.421800 -2.020536
vn -0.561173 -1.797782 -1.704307
vn -0.530766 -2.090961 -1.340809
vn -0.499926 -2.303030 -0.947484
vn -0.469576 -2.437873 -0.536538
vn 0.000000 2.540000 -0.000000
vn 0.000000 2.540000 -0.000000
vn 0.000000 2.540000 -0.000000
vn 0.000000 2.540000 -0.000000
vn -2.540000 0.000000 0.000000
vn -2.540000 0.000000 0.000000
vn -2.540000 0.000000 0.000000
vn -2.540000 0.000000 0.000000
vn -2.460527 -0.630404 0.000000
vn -2.460527 -0.630404 0.000000
vn -2.460527 -0.630404 0.000000
vn -2.460527 -0.630404 0.000000
vn -0.000000 -2.540000 0.000000
vn -0.000000 -2.540000 0.000000
vn -0.000000 -2.540000 0.000000
vn -0.000000 -2.540000 0.000000
vn 0.000000 0.000000 2.540000
vn 0.000000 0.000000 2.540000
vn 0.000000 0.000000 2.540000
vn 0.000000 0.000000 2.540000
vn 0.000000 0.000000 2.540000
vn 0.000000 0.000000 2.540000
vn -2.460527 -0.630404 0.000000
vn -2.460527 -0.630404 0.000000
vn -2.460527 -0.630404 0.000000
vn -2.460527 -0.630404 0.000000
vn -0.000000 0.103753 -2.537880
vn -0.000000 0.103753 -2.537880
vn -0.000000 0.103753 -2.537880
vn -0.000000 0.103753 -2.537880
vn -0.000000 0.103753 -2.537880
vn -0.000000 0.103753 -2.537880
vn -0.000000 0.103753 -2.537880
vn -0.000000 -0.000000 -2.540000
vn -0.000000 -0.000000 -2.540000
vn -0.000000 -0.000000 -2.540000
vn -0.000000 -0.000000 -2.540000
vn -0.000000 -0.000000 -2.540000
vn -0.000000 -0.000000 -2.540000
vn 2.080646 1.456884 -0.000000
vn 2.080646 1.456884 -0.000000
vn 2.080646 1.456884 -0.000000
vn 2.080646 1.456884 -0.000000
vn 1.456884 2.080646 -0.000000
vn 1.456884 2.080646 -0.000000
vn 1.456884 2.080646 -0.000000
vn 1.456884 2.080646 -0.000000
vn 0.000000 2.540000 -0.000000
vn 0.000000 2.540000 -0.000000
vn 0.000000 2.540000 -0.000000
vn 0.000000 2.540000 -0.000000
vn -1.938193 -1.641648 0.000000
vn -1.938193 -1.641648 0.000000
vn -1.938193 -1.641648 0.000000
vn -1.938193 -1.641648 0.000000
vn -1.938193 -1.641648 0.000000
vn 2.540000 -0.000000 -0.000000
vn 2.540000 -0.000000 -0.000000
vn 2.540000 -0.000000 -0.000000
vn 2.540000 -0.000000 -0.000000
vn 2.540000 -0.000000 -0.000000
vn 2.540000 -0.000000 -0.000000
vn 2.540000 -0.000000 -0.000000
vn 2.540000 -0.000000 -0.000000
vn 2.540000 -0.000000 -0.000000
vn 2.540000 -0.000000 -0.000000
vn 2.540000 -0.000000 -0.000000
vn 2.540000 -0.000000 -0.000000
vn 0.000000 0.000000 2.540000
vn 0.000000 0.000000 2.540000
vn 0.000000 0.000000 2.540000
vn 0.000000 0.000000 2.540000
vn 0.000000 0.000000 2.540000
vn 0.000000 0.000000 2.540000
vn 0.000000 0.000000 2.540000
vn 0.000000 0.000000 2.540000
vn 0.000000 0.000000 2.540000
vn -2.540000 0.000000 0.000000
vn -2.540000 0.000000 0.000000
vn -2.540000 0.000000 0.000000
vn -2.540000 0.000000 0.000000
vn -2.540000 0.000000 0.000000
vn -2.540000 0.000000 0.000000
vn -2.540000 0.000000 0.000000
vn -2.540000 0.000000 0.000000
vn -2.540000 0.000000 0.000000
vn 0.652921 0.000000 2.454648
vn 0.652921 -1.284734 2.091591
vn 0.652921 -2.189429 1.109818
vn 0.652921 -2.446466 -0.200252
vn 0.652921 -2.289696 -0.884640
vn 0.652921 -1.945592 -1.496651
vn 0.652921 -1.442309 -1.986212
vn 0.652921 -0.510150 -2.401050
vn 0.652921 0.510150 -2.401050
vn 0.652921 1.442309 -1.986212
vn 0.652921 1.945592 -1.496651
vn 0.652921 2.289696 -0.884640
vn 0.652921 2.446466 -0.200252
vn 0.652921 2.189429 1.109818
vn 0.652921 1.284734 2.091591
vn 2.346239 -0.973017 -0.000000
vn 2.346239 0.486508 0.842657
vn 2.346239 0.486508 -0.842657
vn 2.346239 -0.818554 0.526053
vn 2.346239 -0.404206 0.885087
vn 2.346239 0.138475 0.963113
vn 2.346239 0.637190 0.735357
vn 2.346239 0.933603 0.274130
vn 2.346239 0.933603 -0.274130
vn 2.346239 0.637190 -0.735357
vn 2.346239 0.138475 -0.963113
vn 2.346239 -0.404206 -0.885087
vn 2.346239 -0.818554 -0.526053
vn 1.672602 -1.911545 0.000000
vn 1.672602 -0.794084 1.738802
vn 1.672602 0.272041 1.892088
vn 1.672602 -1.608094 1.033459
vn 1.672602 -1.608094 -1.033459
vn 1.672602 -0.794084 -1.738802
vn 1.672602 0.272041 -1.892088
vn 1.672602 1.251796 -1.444649
vn 1.672602 1.834114 -0.538544
vn 1.672602 1.834114 0.538544
vn 1.672602 1.251796 1.444649
vn 1.672602 -1.911545 0.000000
vn 1.672602 -1.911545 0.000000
vn 1.672602 -1.911545 0.000000
vn 0.652921 -2.189429 1.109818
vn 0.652921 -2.189429 1.109818
vn 1.672602 -1.911545 0.000000
vn 0.000000 0.000566 2.540000
vn 0.000000 0.000283 2.540000
vn 0.000000 0.000000 2.540000
vn 0.441350 0.000000 2.501362
vn 0.869287 0.000000 2.386617
vn 1.270793 0.000000 2.199246
vn 1.633614 0.000000 1.944970
vn 1.946715 0.000000 1.631533
vn 1.778715 0.949012 1.545041
vn 1.235958 1.979264 1.003257
vn 0.652920 2.446466 -0.200255
vn 0.539301 2.315306 -0.894489
vn 0.560197 1.963676 -1.510548
vn 0.652920 1.442245 -1.986259
vn 0.775726 0.502651 -2.365839
vn 0.775726 -0.502674 -2.365833
vn 0.652922 -1.442373 -1.986165
vn 0.560199 -1.963696 -1.510522
vn 0.539300 -2.315304 -0.894496
vn 0.652921 -2.446466 -0.200250
vn 1.235987 -1.979212 1.003323
vn 1.778707 -0.949051 1.545026
vn 1.946715 0.000000 1.631533
vn 1.633614 0.000000 1.944970
vn 1.270793 0.000000 2.199246
vn 0.869287 0.000000 2.386617
vn 0.441350 0.000000 2.501362
vn 0.000000 0.000000 2.540000
vn 0.061086 -0.784649 2.414994
vn 0.207783 -1.487859 2.048097
vn 0.377732 -2.031985 1.476466
vn 0.512035 -2.366028 0.768981
vn 0.570746 -2.475045 0.000160
vn 0.537518 -2.361020 -0.766979
vn 0.419672 -2.026810 -1.472249
vn 0.252167 -1.485847 -2.044571
vn 0.098018 -0.784574 -2.413801
vn 0.031717 -0.000283 -2.539802
vn 0.097930 0.784023 -2.413984
vn 0.252025 1.485268 -2.045009
vn 0.419556 2.026445 -1.472785
vn 0.537457 2.360837 -0.767585
vn 0.570756 2.475043 -0.000436
vn 0.512112 2.366209 0.768373
vn 0.377856 2.032352 1.475929
vn 0.207922 1.488441 2.047661
vn 0.061168 0.785200 2.414812
vn 0.214890 -0.543723 2.471798
vn 0.194312 0.186594 2.525673
vn 0.696422 -0.601663 2.367403
vn 0.690309 0.209112 2.435435
vn 1.036591 -0.625733 2.232832
vn 1.044942 0.218218 2.304794
vn 1.354248 -0.617436 2.058248
vn 1.376323 0.214602 2.123978
vn 1.743659 -0.498301 1.778469
vn 1.771015 0.170397 1.812753
vn 0.240116 0.789274 2.402289
vn 0.326331 1.330266 2.139042
vn 0.429704 1.779422 1.760856
vn 0.527466 2.118043 1.298951
vn 0.583124 2.287590 0.937283
vn 0.621741 2.398511 0.558734
vn 0.640064 2.452048 0.171411
vn 0.636271 2.449303 -0.218341
vn 0.609893 2.390441 -0.604502
vn 0.561917 2.274651 -0.980721
vn 0.495039 2.100607 -1.339398
vn 0.414060 1.867814 -1.670756
vn 0.292705 1.453842 -2.062103
vn 0.182793 0.945641 -2.350308
vn 0.111962 0.369063 -2.510549
vn 0.104345 -0.239552 -2.526525
vn 0.163362 -0.826530 -2.396197
vn 0.267215 -1.352003 -2.133608
vn 0.388379 -1.787865 -1.761903
vn 0.501169 -2.117177 -1.310722
vn 0.566633 -2.286355 -0.950319
vn 0.612914 -2.397445 -0.572883
vn 0.637442 -2.451651 -0.186209
vn 0.639372 -2.449768 0.203572
vn 0.619286 -2.391542 0.590432
vn 0.579125 -2.275874 0.967788
vn 0.522250 -2.101425 1.327730
vn 0.453584 -1.867973 1.660283
vn 0.361647 -1.498494 2.018744
vn 0.276652 -1.051243 2.295638
vn 0.704190 0.863492 2.282564
vn 0.731091 1.410852 1.981566
vn 0.761782 1.831498 1.586475
vn 0.786113 2.129260 1.140121
vn 0.794695 2.273381 0.807340
vn 0.793291 2.367112 0.468051
vn 0.780184 2.413943 0.125671
vn 0.754291 2.415595 -0.218046
vn 0.715271 2.371648 -0.561494
vn 0.663656 2.279591 -0.902565
vn 0.601089 2.135045 -1.237690
vn 0.530676 1.932638 -1.560415
vn 0.429857 1.549179 -1.966436
vn 0.341125 1.039477 -2.292318
vn 0.285399 0.416357 -2.489336
vn 0.279569 -0.271368 -2.509940
vn 0.325673 -0.914275 -2.347262
vn 0.409096 -1.450379 -2.044662
vn 0.508997 -1.860888 -1.652155
vn 0.606599 -2.149070 -1.210427
vn 0.668351 -2.289074 -0.874670
vn 0.718985 -2.377054 -0.533173
vn 0.756927 -2.417167 -0.189649
vn 0.781741 -2.411796 0.154019
vn 0.793832 -2.361184 0.496226
vn 0.794330 -2.263491 0.835015
vn 0.785026 -2.114987 1.167118
vn 0.768331 -1.910862 1.486564
vn 0.741900 -1.572027 1.852003
vn 0.715606 -1.133938 2.157242
vn 0.457603 -0.575078 2.431355
vn 0.500600 -1.096355 2.235845
vn 0.558909 -1.539323 1.941573
vn 0.620029 -1.892584 1.576480
vn 0.663554 -2.110035 1.248618
vn 0.696933 -2.270033 0.901572
vn 0.716654 -2.375471 0.543271
vn 0.720286 -2.429140 0.179072
vn 0.706384 -2.432618 -0.187062
vn 0.674491 -2.385870 -0.551622
vn 0.625236 -2.287144 -0.910852
vn 0.560648 -2.133508 -1.259133
vn 0.453742 -1.825790 -1.706520
vn 0.341154 -1.402862 -2.089783
vn 0.245515 -0.871691 -2.373073
vn 0.191712 -0.256005 -2.519783
vn 0.198600 0.393466 -2.501468
vn 0.263349 0.993960 -2.322561
vn 0.364736 1.503193 -2.014690
vn 0.477825 1.901473 -1.614832
vn 0.554738 2.118287 -1.287139
vn 0.620457 2.276628 -0.939998
vn 0.671064 2.379719 -0.581558
vn 0.704430 2.430673 -0.217276
vn 0.719814 2.431318 0.148861
vn 0.717589 2.381836 0.513345
vn 0.699120 2.280721 0.872437
vn 0.666749 2.125359 1.220613
vn 0.604401 1.808965 1.677481
vn 0.534846 1.374650 2.067819
vn 0.475194 0.829537 2.353223
vn 0.443295 0.198797 2.493104
vn 0.928958 0.216257 2.354117
vn 0.922013 0.887438 2.194070
vn 0.911961 1.435727 1.886429
vn 0.900627 1.845761 1.494536
vn 0.885559 2.130068 1.063106
vn 0.870237 2.266519 0.746443
vn 0.849308 2.355575 0.426080
vn 0.821511 2.401234 0.103894
vn 0.785966 2.405322 -0.219734
vn 0.742364 2.367275 -0.544524
vn 0.691082 2.284186 -0.869769
vn 0.633370 2.150854 -1.193427
vn 0.571607 1.960335 -1.510613
vn 0.486749 1.589403 -1.920540
vn 0.414660 1.079159 -2.261653
vn 0.370845 0.435937 -2.474678
vn 0.366385 -0.284400 -2.497294
vn 0.402363 -0.951328 -2.320491
vn 0.469674 -1.491916 -2.001298
vn 0.553057 -1.891876 -1.602041
vn 0.638323 -2.163903 -1.166904
vn 0.695571 -2.292832 -0.843031
vn 0.746267 -2.372070 -0.517659
vn 0.789207 -2.406558 -0.192959
vn 0.824092 -2.399047 0.130559
vn 0.851282 -2.349904 0.452624
vn 0.871683 -2.257156 0.772669
vn 0.886617 -2.116530 1.088950
vn 0.897624 -1.921978 1.397095
vn 0.908221 -1.594069 1.756610
vn 0.917474 -1.160252 2.064862
vn 0.925582 -0.620385 2.282547
vn 0.812151 -0.612188 2.327496
vn 0.818033 -1.148724 2.112547
vn 0.826920 -1.584533 1.804732
vn 0.835101 -1.917380 1.441479
vn 0.838066 -2.116197 1.127366
vn 0.835304 -2.260281 0.803117
vn 0.824860 -2.355138 0.473845
vn 0.805187 -2.404811 0.141985
vn 0.775269 -2.411218 -0.191276
vn 0.734725 -2.374044 -0.525066
vn 0.683911 -2.290693 -0.858249
vn 0.624209 -2.156568 -1.187930
vn 0.532395 -1.876944 -1.626418
vn 0.440266 -1.472017 -2.022605
vn 0.364401 -0.933644 -2.333907
vn 0.323053 -0.278240 -2.503961
vn 0.328237 0.426655 -2.482303
vn 0.378374 1.060200 -2.276930
vn 0.459295 1.570118 -1.943033
vn 0.552602 1.946953 -1.534799
vn 0.618959 2.143060 -1.214818
vn 0.679305 2.281655 -0.885549
vn 0.730905 2.368960 -0.552635
vn 0.772324 2.409819 -0.218834
vn 0.803113 2.406969 0.114505
vn 0.823601 2.360914 0.446505
vn 0.834766 2.269873 0.776172
vn 0.838087 2.130061 1.100932
vn 0.833271 1.839749 1.540319
vn 0.823248 1.424892 1.934825
vn 0.814398 0.876934 2.240389
vn 0.810663 0.213155 2.397705
vn 1.327710 0.884135 1.976637
vn 1.240654 1.430338 1.693077
vn 1.139868 1.836144 1.334495
vn 1.040026 2.116868 0.942770
vn 0.973082 2.252572 0.656225
vn 0.910113 2.342899 0.366221
vn 0.851145 2.392014 0.073623
vn 0.796022 2.401801 -0.222041
vn 0.744733 2.371719 -0.521462
vn 0.697489 2.298748 -0.825146
vn 0.654793 2.177154 -1.132628
vn 0.617479 1.998550 -1.440874
vn 0.576748 1.638977 -1.852759
vn 0.550545 1.124442 -2.210007
vn 0.538936 0.455966 -2.439927
vn 0.538035 -0.297288 -2.464495
vn 0.546893 -0.992831 -2.273058
vn 0.569846 -1.542249 -1.936064
vn 0.607620 -1.933273 -1.531291
vn 0.658123 -2.189204 -1.107186
vn 0.701215 -2.306493 -0.799993
vn 0.748821 -2.375771 -0.496568
vn 0.800430 -2.402480 -0.197493
vn 0.855868 -2.389457 0.097894
vn 0.915161 -2.337042 0.390273
vn 0.978441 -2.243192 0.679958
vn 1.045714 -2.103468 0.966181
vn 1.116368 -1.911367 1.245792
vn 1.206095 -1.587353 1.573927
vn 1.290213 -1.156310 1.857390
vn 1.145008 -0.627606 2.178685
vn 1.108066 -1.170596 1.963032
vn 1.061231 -1.601816 1.661196
vn 1.011771 -1.923967 1.313876
vn 0.971919 -2.113810 1.019207
vn 0.931922 -2.250925 0.718652
vn 0.891107 -2.341974 0.415553
vn 0.848641 -2.391472 0.110762
vn 0.803882 -2.401453 -0.195953
vn 0.756569 -2.371511 -0.505111
vn 0.706918 -2.298745 -0.817090
vn 0.655809 -2.177787 -1.130822
vn 0.586039 -1.917275 -1.559556
vn 0.523194 -1.524550 -1.963062
vn 0.476019 -0.979542 -2.294669
vn 0.452555 -0.293773 -2.482034
vn 0.455350 0.450248 -2.457953
vn 0.484373 1.109608 -2.232880
vn 0.535676 1.621219 -1.880505
vn 0.600695 1.983399 -1.468636
vn 0.651573 2.165436 -1.156694
vn 0.702749 2.290706 -0.842859
vn 0.752550 2.367181 -0.530775
vn 0.800072 2.400515 -0.221385
vn 0.845038 2.393783 0.085513
vn 0.887672 2.347594 0.390436
vn 0.928610 2.260077 0.693784
vn 0.968635 2.127004 0.994586
vn 1.024769 1.849365 1.407586
vn 1.080330 1.445064 1.787813
vn 1.129493 0.896885 2.090799
vn 1.158275 0.218802 2.249916
vn 1.678044 0.187844 1.897494
vn 1.613860 0.790788 1.794912
vn 1.486347 1.319397 1.581634
vn 1.322242 1.746715 1.285404
vn 1.147816 2.064810 0.933101
vn 1.029352 2.226152 0.660516
vn 0.921631 2.336940 0.375379
vn 0.828366 2.399750 0.081309
vn 0.751752 2.416244 -0.219626
vn 0.692828 2.386409 -0.525968
vn 0.651626 2.308124 -0.836389
vn 0.627309 2.176818 -1.148715
vn 0.618202 1.985708 -1.458214
vn 0.625384 1.609118 -1.863125
vn 0.645226 1.087745 -2.202747
vn 0.662888 0.434711 -2.413132
vn 0.664959 -0.282693 -2.435059
vn 0.649741 -0.957265 -2.261212
vn 0.629041 -1.509616 -1.943442
vn 0.618060 -1.916525 -1.548074
vn 0.628707 -2.189802 -1.122984
vn 0.654360 -2.316493 -0.810725
vn 0.697018 -2.390665 -0.500486
vn 0.757415 -2.416624 -0.194553
vn 0.835459 -2.396330 0.105877
vn 0.930020 -2.329639 0.399306
vn 1.038762 -2.214819 0.683483
vn 1.157915 -2.049158 0.954874
vn 1.281944 -1.830001 1.208023
vn 1.431862 -1.480626 1.486310
vn 1.560743 -1.048647 1.707636
vn 1.649642 -0.546372 1.852501
vn 1.553499 -0.580146 1.923973
vn 1.469459 -1.101027 1.755001
vn 1.352642 -1.533474 1.506791
vn 1.222190 -1.870627 1.207728
vn 1.117222 -2.076219 0.944844
vn 1.017654 -2.228766 0.669764
vn 0.926682 -2.333088 0.386728
vn 0.846192 -2.392907 0.097742
vn 0.777266 -2.410163 -0.196398
vn 0.720452 -2.384756 -0.495468
vn 0.675884 -2.314247 -0.799401
vn 0.643427 -2.193663 -1.106998
vn 0.617514 -1.930872 -1.530363
vn 0.610442 -1.532544 -1.931390
vn 0.615698 -0.979910 -2.261038
vn 0.622818 -0.291241 -2.445174
vn 0.621722 0.447383 -2.421758
vn 0.614009 1.111552 -2.199783
vn 0.610631 1.630693 -1.849208
vn 0.621339 1.997767 -1.440301
vn 0.641279 2.181264 -1.132452
vn 0.672761 2.306301 -0.824603
vn 0.716307 2.380692 -0.520393
vn 0.772111 2.409698 -0.220909
vn 0.840052 2.395932 0.073642
vn 0.919617 2.339677 0.363063
vn 1.009807 2.239114 0.646729
vn 1.108752 2.090734 0.922550
vn 1.256794 1.791315 1.289673
vn 1.401403 1.374001 1.612387
vn 1.519268 0.835666 1.856095
vn 1.581153 0.200351 1.977730
vn 1.655032 -0.971043 1.664195
vn 1.519422 -1.398786 1.478633
vn 1.352377 -1.764486 1.228522
vn 1.208022 -2.004240 0.987576
vn 1.065724 -2.190815 0.718446
vn 0.934591 -2.322657 0.428257
vn 0.821607 -2.400290 0.123167
vn 0.731340 -2.424860 -0.191821
vn 0.665960 -2.396919 -0.512716
vn 0.625482 -2.315445 -0.836115
vn 0.608159 -2.177515 -1.157658
vn 0.615716 -1.886254 -1.585729
vn 0.647028 -1.466598 -1.970291
vn 0.683865 -0.917951 -2.267442
vn 0.706946 -0.268759 -2.424788
vn 0.703957 0.413798 -2.405164
vn 0.676498 1.045781 -2.213660
vn 0.639162 1.567824 -1.893409
vn 0.611544 1.959214 -1.496360
vn 0.607673 2.163485 -1.183920
vn 0.623223 2.306277 -0.862715
vn 0.661686 2.392245 -0.539382
vn 0.724984 2.424543 -0.218146
vn 0.813248 2.404314 0.097470
vn 0.924492 2.331109 0.403542
vn 1.054391 2.203739 0.695266
vn 1.196072 2.021675 0.966354
vn 1.398166 1.675511 1.299767
vn 1.577723 1.236298 1.560114
vn 1.708504 0.725763 1.733748
vn 0.337614 -0.559985 2.454391
vn 0.390585 -1.074765 2.268022
vn 0.462851 -1.519997 1.981660
vn 0.539798 -1.881165 1.619085
vn 0.596037 -2.106270 1.288397
vn 0.641157 -2.273093 0.934648
vn 0.670985 -2.383302 0.566788
vn 0.682671 -2.439043 0.191389
vn 0.674553 -2.441689 -0.186367
vn 0.646126 -2.391339 -0.561802
vn 0.598124 -2.286670 -0.930047
vn 0.532837 -2.125539 -1.284434
vn 0.422566 -1.807310 -1.733975
vn 0.305207 -1.377969 -2.111788
vn 0.205007 -0.849506 -2.384934
vn 0.148319 -0.247930 -2.523516
vn 0.155608 0.381481 -2.506364
vn 0.223728 0.970236 -2.336705
vn 0.329849 1.479063 -2.038424
vn 0.447545 1.885082 -1.642489
vn 0.526794 2.109665 -1.312784
vn 0.593356 2.275583 -0.959819
vn 0.642883 2.384778 -0.592568
vn 0.672973 2.439547 -0.217523
vn 0.682765 2.441263 0.160218
vn 0.672667 2.389946 0.535982
vn 0.644243 2.284263 0.904818
vn 0.600247 2.122208 1.259975
vn 0.519960 1.795163 1.720067
vn 0.432933 1.353536 2.105257
vn 0.359280 0.810195 2.380358
vn 0.319943 0.192921 2.512373
vn 1.027045 0.894356 2.144039
vn 0.997529 1.442730 1.837135
vn 0.964284 1.849154 1.449960
vn 0.928924 2.129137 1.027363
vn 0.901411 2.263288 0.718738
vn 0.870605 2.351133 0.407211
vn 0.835469 2.396817 0.094118
vn 0.795231 2.402193 -0.220624
vn 0.749611 2.366663 -0.537205
vn 0.698932 2.287209 -0.855435
vn 0.644270 2.158359 -1.173884
vn 0.587653 1.972587 -1.488343
vn 0.512208 1.606624 -1.899474
vn 0.449986 1.095848 -2.246826
vn 0.413217 0.443920 -2.466533
vn 0.409556 -0.289657 -2.489972
vn 0.439563 -0.966839 -2.307294
vn 0.497313 -1.509629 -1.981237
vn 0.570950 -1.905441 -1.579529
vn 0.648885 -2.171019 -1.147705
vn 0.703276 -2.295519 -0.829213
vn 0.753580 -2.371206 -0.510981
vn 0.798757 -2.403275 -0.194565
vn 0.838557 -2.394580 0.120034
vn 0.873301 -2.345517 0.433008
vn 0.903777 -2.254075 0.744267
vn 0.931081 -2.115827 1.052599
vn 0.956338 -1.924337 1.354232
vn 0.986172 -1.600084 1.708449
vn 1.014087 -1.167837 2.014792
vn -0.000000 -2.471442 -0.586154
vn -0.000000 -2.228507 -1.218752
vn -0.000000 -1.826956 -1.764605
vn -0.000000 -1.295370 -2.184860
vn -0.000000 -0.671586 -2.449607
vn -0.000000 -0.000000 -2.540000
vn -0.000000 0.671586 -2.449607
vn -0.000000 1.295370 -2.184861
vn 0.000000 1.826956 -1.764605
vn 0.000000 2.228507 -1.218752
vn 0.000000 2.471442 -0.586154
vn 0.000000 2.471442 -0.586154
vn 0.000000 2.471442 -0.586154
vn 0.000000 2.228507 -1.218752
vn 0.000000 1.826956 -1.764605
vn -0.000000 1.295370 -2.184861
vn -0.000000 0.671586 -2.449607
vn -0.000000 -0.000000 -2.540000
vn -0.000000 -0.671586 -2.449607
vn -0.000000 -1.295370 -2.184860
vn -0.000000 -1.826956 -1.764605
vn -0.000000 -2.228507 -1.218752
vn -0.000000 -2.471442 -0.586154
vn -0.000000 -2.471442 -0.586154
vn 0.000000 0.000000 2.540000
vn 0.000000 0.000283 2.540000
vn 0.000000 0.000566 2.540000
vn 0.000000 0.785414 2.415517
vn 0.000000 1.493386 2.054604
vn 0.000000 2.055186 1.492585
vn 0.000000 2.415823 0.784473
vn 0.000000 2.540000 -0.000424
vn 0.000000 2.415561 -0.785280
vn 0.000000 2.054687 -1.493272
vn -0.000000 1.492700 -2.055103
vn -0.000000 0.784607 -2.415780
vn -0.000000 -0.000283 -2.540000
vn -0.000000 -0.785145 -2.415605
vn -0.000000 -1.493158 -2.054770
vn -0.000000 -2.055020 -1.492814
vn -0.000000 -2.415736 -0.784742
vn -0.000000 -2.540000 0.000141
vn -0.000000 -2.415649 0.785011
vn -0.000000 -2.054853 1.493043
vn 0.000000 -1.492929 2.054936
vn 0.000000 -0.784876 2.415692
vn 0.000000 0.000000 2.540000
vn 0.000000 -0.784903 2.415684
vn 0.000000 -1.492975 2.054903
vn -0.000000 -2.054903 1.492975
vn -0.000000 -2.415684 0.784903
vn -0.000000 -2.540000 0.000000
vn -0.000000 -2.415684 -0.784903
vn -0.000000 -2.054903 -1.492975
vn -0.000000 -1.492975 -2.054903
vn -0.000000 -0.784903 -2.415684
vn -0.000000 -0.000000 -2.540000
vn -0.000000 0.784903 -2.415684
vn -0.000000 1.492975 -2.054903
vn 0.000000 2.054903 -1.492975
vn 0.000000 2.415684 -0.784903
vn 0.000000 2.540000 -0.000000
vn 0.000000 2.415684 0.784903
vn 0.000000 2.054903 1.492975
vn 0.000000 1.492975 2.054903
vn 0.000000 0.784903 2.415684
vn -0.000000 -0.000000 -2.540000
vn -0.000000 -0.000000 -2.540000
vn -0.000000 0.784607 -2.415780
vn -0.000000 0.784607 -2.415780
vn -0.000000 0.784607 -2.415780
vn -0.000000 -0.000000 -2.540000
vn -0.000000 -0.000000 -2.540000
vn -0.000000 -0.000000 -2.540000
usemtl 191,191,191
f 3183/6024/6024 3150/6017/6017 3187/6023/6023
f 3187/6023/6023 3150/6017/6017 3154/6018/6018
f 3187/6023/6023 3154/6018/6018 3189/6022/6022
f 3189/6022/6022 3154/6018/6018 3156/6019/6019
f 3189/6022/6022 3156/6019/6019 3191/6021/6021
f 3191/6021/6021 3156/6019/6019 3158/6020/6020
f 3156/6026/6026 3159/6036/6036 3158/6025/6025
f 3158/6025/6025 3159/6036/6036 3160/6037/6037
f 3158/6025/6025 3160/6037/6037 3161/6038/6038
f 3156/6026/6026 3154/6027/6027 3159/6036/6036
f 3159/6036/6036 3154/6027/6027 3157/6035/6035
f 3157/6035/6035 3154/6027/6027 3150/6028/6028
f 3157/6035/6035 3150/6028/6028 3151/6029/6029
f 3157/6035/6035 3151/6029/6029 3155/6034/6034
f 3155/6034/6034 3151/6029/6029 3148/6030/6030
f 3155/6034/6034 3148/6030/6030 3149/6031/6031
f 3149/6031/6031 3152/6032/6032 3155/6034/6034
f 3155/6034/6034 3152/6032/6032 3153/6033/6033
f 3183/6040/6040 3184/6041/6041 3150/6039/6039
f 3150/6039/6039 3184/6041/6041 3151/6042/6042
f 3171/6050/6050 3203/6043/6043 3168/6049/6049
f 3168/6049/6049 3203/6043/6043 3201/6044/6044
f 3168/6049/6049 3201/6044/6044 3166/6048/6048
f 3166/6048/6048 3201/6044/6044 3199/6045/6045
f 3166/6048/6048 3199/6045/6045 3164/6047/6047
f 3164/6047/6047 3199/6045/6045 3197/6046/6046
f 3171/6052/6052 3172/6053/6053 3203/6051/6051
f 3203/6051/6051 3172/6053/6053 3204/6054/6054
f 3172/6068/6068 3171/6055/6055 3165/6062/6062
f 3165/6062/6062 3171/6055/6055 3168/6056/6056
f 3165/6062/6062 3168/6056/6056 3163/6061/6061
f 3163/6061/6061 3168/6056/6056 3166/6057/6057
f 3163/6061/6061 3166/6057/6057 3164/6058/6058
f 3161/6059/6059 3162/6060/6060 3164/6058/6058
f 3164/6058/6058 3162/6060/6060 3163/6061/6061
f 3165/6062/6062 3167/6063/6063 3172/6068/6068
f 3172/6068/6068 3167/6063/6063 3173/6067/6067
f 3173/6067/6067 3167/6063/6063 3174/6066/6066
f 3174/6066/6066 3167/6063/6063 3169/6065/6065
f 3169/6065/6065 3167/6063/6063 3170/6064/6064
f 2776/6069/6069 2789/6070/6070 2810/6073/6073
f 2810/6073/6073 2789/6070/6070 2830/6072/6072
f 2830/6072/6072 2789/6070/6070 2835/6071/6071
f 2776/6075/6075 2810/6076/6076 2790/6074/6074
f 2790/6074/6074 2810/6076/6076 2832/6077/6077
f 2790/6074/6074 2832/6077/6077 2837/6078/6078
f 2790/6079/6079 2837/6080/6080 2795/6084/6084
f 2795/6084/6084 2837/6080/6080 2940/6081/6081
f 2795/6084/6084 2940/6081/6081 2972/6082/6082
f 2972/6082/6082 3007/6083/6083 2795/6084/6084
f 2789/6086/6086 2794/6087/6087 2835/6085/6085
f 2835/6085/6085 2794/6087/6087 2942/6096/6096
f 2942/6096/6096 2794/6087/6087 2974/6095/6095
f 2974/6095/6095 2794/6087/6087 2993/6094/6094
f 2993/6094/6094 2794/6087/6087 2995/6093/6093
f 2995/6093/6093 2794/6087/6087 2997/6092/6092
f 2997/6092/6092 2794/6087/6087 2999/6091/6091
f 2999/6091/6091 2794/6087/6087 3001/6090/6090
f 3001/6090/6090 2794/6087/6087 3003/6089/6089
f 3003/6089/6089 2794/6087/6087 3005/6088/6088
f 3007/6097/6097 3005/6098/6098 2795/6100/6100
f 2795/6100/6100 3005/6098/6098 2794/6099/6099
f 2776/6102/6102 2790/6103/6103 2789/6101/6101
f 2789/6101/6101 2790/6103/6103 2795/6104/6104
f 2789/6101/6101 2795/6104/6104 2794/6105/6105
f 3151/6107/6107 3184/6108/6108 3148/6106/6106
f 3148/6106/6106 3184/6108/6108 3144/6109/6109
f 3148/6106/6106 3144/6109/6109 3130/6112/6112
f 3130/6112/6112 3144/6109/6109 3136/6110/6110
f 3130/6112/6112 3136/6110/6110 3126/6111/6111
f 3178/6113/6113 3153/6114/6114 3177/6116/6116
f 3177/6116/6116 3153/6114/6114 3152/6115/6115
f 3176/6117/6117 3178/6118/6118 3175/6120/6120
f 3175/6120/6120 3178/6118/6118 3177/6119/6119
f 3141/6121/6121 3176/6122/6122 3140/6124/6124
f 3140/6124/6124 3176/6122/6122 3175/6123/6123
f 3132/6125/6125 3141/6126/6126 3131/6128/6128
f 3131/6128/6128 3141/6126/6126 3140/6127/6127
f 3131/6129/6129 3140/6130/6130 3149/6134/6134
f 3149/6134/6134 3140/6130/6130 3175/6131/6131
f 3149/6134/6134 3175/6131/6131 3177/6132/6132
f 3177/6132/6132 3152/6133/6133 3149/6134/6134
f 3130/6135/6135 3126/6136/6136 3131/6139/6139
f 3131/6139/6139 3126/6136/6136 3132/6138/6138
f 3132/6138/6138 3126/6136/6136 3127/6137/6137
f 3126/6140/6140 3136/6141/6141 3127/6143/6143
f 3127/6143/6143 3136/6141/6141 3137/6142/6142
f 3144/6145/6145 3145/6146/6146 3136/6144/6144
f 3136/6144/6144 3145/6146/6146 3137/6147/6147
f 3186/6156/6156 3178/6148/6148 3185/6155/6155
f 3185/6155/6155 3178/6148/6148 3176/6149/6149
f 3185/6155/6155 3176/6149/6149 3145/6154/6154
f 3145/6154/6154 3176/6149/6149 3141/6150/6150
f 3145/6154/6154 3141/6150/6150 3137/6153/6153
f 3137/6153/6153 3141/6150/6150 3132/6151/6151
f 3137/6153/6153 3132/6151/6151 3127/6152/6152
f 3148/6157/6157 3130/6158/6158 3149/6160/6160
f 3149/6160/6160 3130/6158/6158 3131/6159/6159
f 3184/6162/6162 3185/6163/6163 3144/6161/6161
f 3144/6161/6161 3185/6163/6163 3145/6164/6164
f 3184/6176/6176 3183/6165/6165 3190/6172/6172
f 3190/6172/6172 3183/6165/6165 3187/6166/6166
f 3190/6172/6172 3187/6166/6166 3189/6167/6167
f 3189/6167/6167 3191/6168/6168 3190/6172/6172
f 3190/6172/6172 3191/6168/6168 3192/6171/6171
f 3192/6171/6171 3191/6168/6168 3193/6170/6170
f 3193/6170/6170 3191/6168/6168 3194/6169/6169
f 3190/6172/6172 3188/6173/6173 3184/6176/6176
f 3184/6176/6176 3188/6173/6173 3185/6175/6175
f 3185/6175/6175 3188/6173/6173 3186/6174/6174
f 2775/6178/6178 2809/6179/6179 2787/6177/6177
f 2787/6177/6177 2809/6179/6179 2829/6180/6180
f 2787/6177/6177 2829/6180/6180 2834/6181/6181
f 2787/6182/6182 2834/6183/6183 2792/6193/6193
f 2792/6193/6193 2834/6183/6183 2941/6184/6184
f 2792/6193/6193 2941/6184/6184 2973/6185/6185
f 2973/6185/6185 2992/6186/6186 2792/6193/6193
f 2792/6193/6193 2992/6186/6186 2994/6187/6187
f 2792/6193/6193 2994/6187/6187 2996/6188/6188
f 2996/6188/6188 2998/6189/6189 2792/6193/6193
f 2792/6193/6193 2998/6189/6189 3000/6190/6190
f 2792/6193/6193 3000/6190/6190 3002/6191/6191
f 3002/6191/6191 3004/6192/6192 2792/6193/6193
f 2775/6194/6194 2788/6195/6195 2809/6198/6198
f 2809/6198/6198 2788/6195/6195 2831/6197/6197
f 2831/6197/6197 2788/6195/6195 2836/6196/6196
f 2788/6200/6200 2793/6201/6201 2836/6199/6199
f 2836/6199/6199 2793/6201/6201 2938/6203/6203
f 2938/6203/6203 2793/6201/6201 3006/6202/6202
f 3006/6205/6205 2793/6206/6206 3004/6204/6204
f 3004/6204/6204 2793/6206/6206 2792/6207/6207
f 2775/6208/6208 2787/6209/6209 2788/6212/6212
f 2788/6212/6212 2787/6209/6209 2793/6211/6211
f 2793/6211/6211 2787/6209/6209 2792/6210/6210
f 2786/6214/6214 2833/6215/6215 2800/6213/6213
f 2800/6213/6213 2833/6215/6215 2838/6216/6216
f 2800/6213/6213 2838/6216/6216 2879/6217/6217
f 2800/6218/6218 2879/6219/6219 2806/6223/6223
f 2806/6223/6223 2879/6219/6219 2926/6220/6220
f 2806/6223/6223 2926/6220/6220 2960/6221/6221
f 2960/6221/6221 3041/6222/6222 2806/6223/6223
f 2786/6224/6224 2801/6225/6225 2833/6228/6228
f 2833/6228/6228 2801/6225/6225 2839/6227/6227
f 2839/6227/6227 2801/6225/6225 2880/6226/6226
f 2786/6229/6229 2800/6230/6230 2801/6233/6233
f 2801/6233/6233 2800/6230/6230 2806/6231/6231
f 2801/6233/6233 2806/6231/6231 2807/6232/6232
f 3041/6234/6234 3039/6235/6235 2806/6238/6238
f 2806/6238/6238 3039/6235/6235 2807/6237/6237
f 2807/6237/6237 3039/6235/6235 3042/6236/6236
f 2801/6240/6240 2807/6241/6241 2880/6239/6239
f 2880/6239/6239 2807/6241/6241 2927/6243/6243
f 2927/6243/6243 2807/6241/6241 3042/6242/6242
f 2830/6245/6245 2811/6369/6369 2810/6244/6244
f 2810/6244/6244 2811/6369/6369 2785/6321/6321
f 2810/6244/6244 2785/6321/6321 2832/6260/6260
f 2832/6260/6260 2785/6321/6321 2783/6322/6322
f 2832/6260/6260 2783/6322/6322 2837/6259/6259
f 2837/6259/6259 2783/6322/6322 2848/6463/6463
f 2837/6259/6259 2848/6463/6463 2850/6464/6464
f 2850/6464/6464 2848/6463/6463 2878/6331/6331
f 2850/6464/6464 2878/6331/6331 2837/6259/6259
f 2837/6259/6259 2878/6331/6331 2940/6258/6258
f 2940/6258/6258 2878/6331/6331 2908/6453/6453
f 2940/6258/6258 2908/6453/6453 2939/6447/6447
f 2939/6447/6447 2908/6453/6453 2906/6454/6454
f 2939/6447/6447 2906/6454/6454 2936/6448/6448
f 2936/6448/6448 2906/6454/6454 2904/6455/6455
f 2936/6448/6448 2904/6455/6455 2934/6449/6449
f 2934/6449/6449 2904/6455/6455 2902/6456/6456
f 2934/6449/6449 2902/6456/6456 2932/6450/6450
f 2932/6450/6450 2902/6456/6456 2900/6457/6457
f 2932/6450/6450 2900/6457/6457 2930/6451/6451
f 2930/6451/6451 2900/6457/6457 2899/6458/6458
f 2930/6451/6451 2899/6458/6458 2929/6452/6452
f 2929/6452/6452 2899/6458/6458 2927/6278/6278
f 2929/6452/6452 2927/6278/6278 2961/6334/6334
f 2961/6334/6334 2927/6278/6278 3042/6279/6279
f 2961/6334/6334 3042/6279/6279 3009/6409/6409
f 3009/6409/6409 3042/6279/6279 3043/6563/6563
f 3009/6409/6409 3043/6563/6563 3045/6562/6562
f 3045/6562/6562 3043/6563/6563 3078/6533/6533
f 3045/6562/6562 3078/6533/6533 3079/6532/6532
f 3079/6532/6532 3078/6533/6533 3120/6284/6284
f 3079/6532/6532 3120/6284/6284 3081/6531/6531
f 3081/6531/6531 3120/6284/6284 3122/6285/6285
f 3081/6531/6531 3122/6285/6285 3083/6530/6530
f 3083/6530/6530 3122/6285/6285 3086/6529/6529
f 3083/6530/6530 3086/6529/6529 3050/6559/6559
f 3050/6559/6559 3086/6529/6529 3052/6558/6558
f 3050/6559/6559 3052/6558/6558 3016/6413/6413
f 3016/6413/6413 3052/6558/6558 3018/6414/6414
f 3016/6413/6413 3018/6414/6414 3007/6256/6256
f 3007/6256/6256 3018/6414/6414 3005/6255/6255
f 3005/6255/6255 3018/6414/6414 3020/6415/6415
f 3005/6255/6255 3020/6415/6415 3022/6416/6416
f 3022/6416/6416 3020/6415/6415 3056/6556/6556
f 3022/6416/6416 3056/6556/6556 3058/6555/6555
f 3058/6555/6555 3056/6556/6556 3092/6526/6526
f 3058/6555/6555 3092/6526/6526 3093/6525/6525
f 3093/6525/6525 3092/6526/6526 3123/6288/6288
f 3093/6525/6525 3123/6288/6288 3096/6524/6524
f 3096/6524/6524 3123/6288/6288 3121/6289/6289
f 3096/6524/6524 3121/6289/6289 3098/6523/6523
f 3098/6523/6523 3121/6289/6289 3119/6290/6290
f 3098/6523/6523 3119/6290/6290 3101/6522/6522
f 3101/6522/6522 3119/6290/6290 3100/6521/6521
f 3101/6522/6522 3100/6521/6521 3067/6551/6551
f 3067/6551/6551 3100/6521/6521 3068/6550/6550
f 3067/6551/6551 3068/6550/6550 3032/6421/6421
f 3032/6421/6421 3068/6550/6550 3034/6422/6422
f 3032/6421/6421 3034/6422/6422 2987/6376/6376
f 2987/6376/6376 3034/6422/6422 2990/6377/6377
f 2987/6376/6376 2990/6377/6377 2955/6397/6397
f 2955/6397/6397 2990/6377/6377 2959/6396/6396
f 2955/6397/6397 2959/6396/6396 2921/6491/6491
f 2921/6491/6491 2959/6396/6396 2925/6490/6490
f 2921/6491/6491 2925/6490/6490 2893/6578/6578
f 2893/6578/6578 2925/6490/6490 2897/6579/6579
f 2893/6578/6578 2897/6579/6579 2863/6341/6341
f 2863/6341/6341 2897/6579/6579 2867/6342/6342
f 2863/6341/6341 2867/6342/6342 2824/6363/6363
f 2824/6363/6363 2867/6342/6342 2827/6362/6362
f 2824/6363/6363 2827/6362/6362 2782/6319/6319
f 2782/6319/6319 2827/6362/6362 2826/6361/6361
f 2782/6319/6319 2826/6361/6361 2780/6318/6318
f 2780/6318/6318 2826/6361/6361 2825/6360/6360
f 2780/6318/6318 2825/6360/6360 2823/6359/6359
f 2823/6359/6359 2825/6360/6360 2864/6345/6345
f 2823/6359/6359 2864/6345/6345 2862/6346/6346
f 2862/6346/6346 2864/6345/6345 2892/6583/6583
f 2862/6346/6346 2892/6583/6583 2890/6584/6584
f 2890/6584/6584 2892/6583/6583 2918/6485/6485
f 2890/6584/6584 2918/6485/6485 2916/6484/6484
f 2916/6484/6484 2918/6485/6485 2950/6390/6390
f 2916/6484/6484 2950/6390/6390 2948/6389/6389
f 2948/6389/6389 2950/6390/6390 2980/6384/6384
f 2948/6389/6389 2980/6384/6384 2978/6385/6385
f 2978/6385/6385 2980/6384/6384 3025/6431/6431
f 2978/6385/6385 3025/6431/6431 3023/6432/6432
f 3023/6432/6432 3025/6431/6431 3057/6540/6540
f 3023/6432/6432 3057/6540/6540 3055/6539/6539
f 3055/6539/6539 3057/6540/6540 3088/6510/6510
f 3055/6539/6539 3088/6510/6510 3085/6509/6509
f 3085/6509/6509 3088/6510/6510 3108/6298/6298
f 3085/6509/6509 3108/6298/6298 3084/6508/6508
f 3084/6508/6508 3108/6298/6298 3110/6299/6299
f 3084/6508/6508 3110/6299/6299 3082/6507/6507
f 3082/6507/6507 3110/6299/6299 3112/6300/6300
f 3082/6507/6507 3112/6300/6300 3080/6506/6506
f 3080/6506/6506 3112/6300/6300 3077/6505/6505
f 3080/6506/6506 3077/6505/6505 3047/6537/6537
f 3047/6537/6537 3077/6505/6505 3044/6536/6536
f 3047/6537/6537 3044/6536/6536 3013/6438/6438
f 3013/6438/6438 3044/6536/6536 3011/6439/6439
f 3013/6438/6438 3011/6439/6439 2964/6442/6442
f 2964/6442/6442 3011/6439/6439 2962/6441/6441
f 2964/6442/6442 2962/6441/6441 2931/6477/6477
f 2931/6477/6477 2962/6441/6441 2928/6476/6476
f 2931/6477/6477 2928/6476/6476 2898/6564/6564
f 2898/6564/6564 2928/6476/6476 2926/6307/6307
f 2898/6564/6564 2926/6307/6307 2879/6308/6308
f 2830/6245/6245 2835/6246/6246 2811/6369/6369
f 2811/6369/6369 2835/6246/6246 2851/6335/6335
f 2811/6369/6369 2851/6335/6335 2853/6336/6336
f 2853/6336/6336 2851/6335/6335 2883/6573/6573
f 2853/6336/6336 2883/6573/6573 2885/6574/6574
f 2885/6574/6574 2883/6573/6573 2913/6495/6495
f 2885/6574/6574 2913/6495/6495 2915/6494/6494
f 2915/6494/6494 2913/6495/6495 2949/6400/6400
f 2915/6494/6494 2949/6400/6400 2951/6399/6399
f 2951/6399/6399 2949/6400/6400 2983/6374/6374
f 2951/6399/6399 2983/6374/6374 2953/6398/6398
f 2953/6398/6398 2983/6374/6374 2985/6375/6375
f 2953/6398/6398 2985/6375/6375 2987/6376/6376
f 2987/6376/6376 2985/6375/6375 3032/6421/6421
f 2835/6246/6246 2942/6247/6247 2851/6335/6335
f 2851/6335/6335 2942/6247/6247 2881/6333/6333
f 2851/6335/6335 2881/6333/6333 2883/6573/6573
f 2883/6573/6573 2881/6333/6333 2911/6496/6496
f 2883/6573/6573 2911/6496/6496 2913/6495/6495
f 2913/6495/6495 2911/6496/6496 2947/6401/6401
f 2913/6495/6495 2947/6401/6401 2949/6400/6400
f 2949/6400/6400 2947/6401/6401 2981/6373/6373
f 2949/6400/6400 2981/6373/6373 2983/6374/6374
f 2983/6374/6374 2981/6373/6373 3028/6419/6419
f 2983/6374/6374 3028/6419/6419 3030/6420/6420
f 3030/6420/6420 3028/6419/6419 3065/6552/6552
f 3030/6420/6420 3065/6552/6552 3067/6551/6551
f 3067/6551/6551 3065/6552/6552 3101/6522/6522
f 2974/6248/6248 2975/6370/6370 2942/6247/6247
f 2942/6247/6247 2975/6370/6370 2943/6403/6403
f 2942/6247/6247 2943/6403/6403 2909/6497/6497
f 2909/6497/6497 2943/6403/6403 2945/6402/6402
f 2909/6497/6497 2945/6402/6402 2911/6496/6496
f 2911/6496/6496 2945/6402/6402 2947/6401/6401
f 2974/6248/6248 2993/6249/6249 2975/6370/6370
f 2975/6370/6370 2993/6249/6249 2995/6250/6250
f 2975/6370/6370 2995/6250/6250 2997/6251/6251
f 2997/6251/6251 2999/6252/6252 2975/6370/6370
f 2975/6370/6370 2999/6252/6252 3001/6253/6253
f 2975/6370/6370 3001/6253/6253 3022/6416/6416
f 3022/6416/6416 3001/6253/6253 3003/6254/6254
f 3022/6416/6416 3003/6254/6254 3005/6255/6255
f 2972/6257/6257 2971/6404/6404 3007/6256/6256
f 3007/6256/6256 2971/6404/6404 2969/6405/6405
f 3007/6256/6256 2969/6405/6405 3016/6413/6413
f 3016/6413/6413 2969/6405/6405 2967/6406/6406
f 3016/6413/6413 2967/6406/6406 3014/6412/6412
f 3014/6412/6412 2967/6406/6406 2965/6407/6407
f 3014/6412/6412 2965/6407/6407 3012/6411/6411
f 3012/6411/6411 2965/6407/6407 2963/6408/6408
f 3012/6411/6411 2963/6408/6408 3010/6410/6410
f 3010/6410/6410 2963/6408/6408 2961/6334/6334
f 3010/6410/6410 2961/6334/6334 3009/6409/6409
f 2971/6404/6404 2972/6257/6257 2939/6447/6447
f 2939/6447/6447 2972/6257/6257 2940/6258/6258
f 2831/6262/6262 2805/6465/6465 2809/6261/6261
f 2809/6261/6261 2805/6465/6465 2777/6316/6316
f 2809/6261/6261 2777/6316/6316 2808/6352/6352
f 2808/6352/6352 2777/6316/6316 2812/6353/6353
f 2808/6352/6352 2812/6353/6353 2829/6276/6276
f 2829/6276/6276 2812/6353/6353 2834/6275/6275
f 2834/6275/6275 2812/6353/6353 2852/6351/6351
f 2834/6275/6275 2852/6351/6351 2882/6330/6330
f 2882/6330/6330 2852/6351/6351 2854/6350/6350
f 2882/6330/6330 2854/6350/6350 2884/6587/6587
f 2884/6587/6587 2854/6350/6350 2856/6349/6349
f 2884/6587/6587 2856/6349/6349 2886/6586/6586
f 2886/6586/6586 2856/6349/6349 2858/6348/6348
f 2886/6586/6586 2858/6348/6348 2888/6585/6585
f 2888/6585/6585 2858/6348/6348 2860/6347/6347
f 2888/6585/6585 2860/6347/6347 2890/6584/6584
f 2890/6584/6584 2860/6347/6347 2862/6346/6346
f 2831/6262/6262 2836/6263/6263 2805/6465/6465
f 2805/6465/6465 2836/6263/6263 2804/6466/6466
f 2805/6465/6465 2804/6466/6466 2777/6316/6316
f 2777/6316/6316 2804/6466/6466 2779/6315/6315
f 2779/6315/6315 2804/6466/6466 2803/6467/6467
f 2779/6315/6315 2803/6467/6467 2802/6468/6468
f 2802/6468/6468 2803/6467/6467 2845/6474/6474
f 2802/6468/6468 2845/6474/6474 2842/6475/6475
f 2842/6475/6475 2845/6474/6474 2869/6570/6570
f 2842/6475/6475 2869/6570/6570 2870/6571/6571
f 2870/6571/6571 2869/6570/6570 2903/6566/6566
f 2870/6571/6571 2903/6566/6566 2901/6565/6565
f 2901/6565/6565 2903/6566/6566 2933/6478/6478
f 2901/6565/6565 2933/6478/6478 2931/6477/6477
f 2931/6477/6477 2933/6478/6478 2964/6442/6442
f 2804/6466/6466 2836/6263/6263 2849/6472/6472
f 2849/6472/6472 2836/6263/6263 2938/6264/6264
f 2849/6472/6472 2938/6264/6264 2875/6332/6332
f 2875/6332/6332 2938/6264/6264 2907/6568/6568
f 2875/6332/6332 2907/6568/6568 2868/6569/6569
f 2868/6569/6569 2907/6568/6568 2905/6567/6567
f 2868/6569/6569 2905/6567/6567 2869/6570/6570
f 2869/6570/6570 2905/6567/6567 2903/6566/6566
f 3006/6265/6265 2970/6445/6445 2938/6264/6264
f 2938/6264/6264 2970/6445/6445 2937/6480/6480
f 2938/6264/6264 2937/6480/6480 2907/6568/6568
f 2907/6568/6568 2937/6480/6480 2905/6567/6567
f 3004/6266/6266 3019/6446/6446 3006/6265/6265
f 3006/6265/6265 3019/6446/6446 3053/6434/6434
f 3006/6265/6265 3053/6434/6434 3051/6436/6436
f 3051/6436/6436 3053/6434/6434 3084/6508/6508
f 3051/6436/6436 3084/6508/6508 3082/6507/6507
f 3002/6267/6267 3021/6433/6433 3004/6266/6266
f 3004/6266/6266 3021/6433/6433 3053/6434/6434
f 3004/6266/6266 3053/6434/6434 3019/6446/6446
f 3021/6433/6433 3002/6267/6267 2973/6273/6273
f 2973/6273/6273 3002/6267/6267 3000/6268/6268
f 2973/6273/6273 3000/6268/6268 2998/6269/6269
f 2998/6269/6269 2996/6270/6270 2973/6273/6273
f 2973/6273/6273 2996/6270/6270 2994/6271/6271
f 2973/6273/6273 2994/6271/6271 2992/6272/6272
f 3021/6433/6433 2973/6273/6273 2976/6386/6386
f 2976/6386/6386 2973/6273/6273 2941/6274/6274
f 2976/6386/6386 2941/6274/6274 2944/6387/6387
f 2944/6387/6387 2941/6274/6274 2910/6481/6481
f 2944/6387/6387 2910/6481/6481 2912/6482/6482
f 2912/6482/6482 2910/6481/6481 2884/6587/6587
f 2912/6482/6482 2884/6587/6587 2886/6586/6586
f 2941/6274/6274 2834/6275/6275 2910/6481/6481
f 2910/6481/6481 2834/6275/6275 2882/6330/6330
f 2910/6481/6481 2882/6330/6330 2884/6587/6587
f 2829/6276/6276 2809/6261/6261 2808/6352/6352
f 2927/6278/6278 2899/6458/6458 2880/6277/6277
f 2880/6277/6277 2899/6458/6458 2877/6502/6502
f 2880/6277/6277 2877/6502/6502 2840/6459/6459
f 2840/6459/6459 2877/6502/6502 2871/6501/6501
f 2840/6459/6459 2871/6501/6501 2843/6460/6460
f 2843/6460/6460 2871/6501/6501 2872/6500/6500
f 2843/6460/6460 2872/6500/6500 2844/6461/6461
f 2844/6461/6461 2872/6500/6500 2873/6499/6499
f 2844/6461/6461 2873/6499/6499 2846/6462/6462
f 2846/6462/6462 2873/6499/6499 2874/6498/6498
f 2846/6462/6462 2874/6498/6498 2848/6463/6463
f 2848/6463/6463 2874/6498/6498 2878/6331/6331
f 3039/6280/6280 3075/6281/6281 3042/6279/6279
f 3042/6279/6279 3075/6281/6281 3076/6534/6534
f 3042/6279/6279 3076/6534/6534 3043/6563/6563
f 3043/6563/6563 3076/6534/6534 3078/6533/6533
f 3075/6281/6281 3116/6282/6282 3076/6534/6534
f 3076/6534/6534 3116/6282/6282 3118/6283/6283
f 3076/6534/6534 3118/6283/6283 3078/6533/6533
f 3078/6533/6533 3118/6283/6283 3120/6284/6284
f 3122/6285/6285 3124/6286/6286 3086/6529/6529
f 3086/6529/6529 3124/6286/6286 3087/6528/6528
f 3086/6529/6529 3087/6528/6528 3052/6558/6558
f 3052/6558/6558 3087/6528/6528 3054/6557/6557
f 3052/6558/6558 3054/6557/6557 3018/6414/6414
f 3018/6414/6414 3054/6557/6557 3020/6415/6415
f 3124/6286/6286 3125/6287/6287 3087/6528/6528
f 3087/6528/6528 3125/6287/6287 3089/6527/6527
f 3087/6528/6528 3089/6527/6527 3054/6557/6557
f 3054/6557/6557 3089/6527/6527 3056/6556/6556
f 3054/6557/6557 3056/6556/6556 3020/6415/6415
f 3089/6527/6527 3125/6287/6287 3092/6526/6526
f 3092/6526/6526 3125/6287/6287 3123/6288/6288
f 3119/6290/6290 3117/6291/6291 3100/6521/6521
f 3100/6521/6521 3117/6291/6291 3105/6520/6520
f 3100/6521/6521 3105/6520/6520 3068/6550/6550
f 3068/6550/6550 3105/6520/6520 3070/6549/6549
f 3068/6550/6550 3070/6549/6549 3034/6422/6422
f 3034/6422/6422 3070/6549/6549 3038/6423/6423
f 3034/6422/6422 3038/6423/6423 2990/6377/6377
f 2990/6377/6377 3038/6423/6423 2991/6378/6378
f 2990/6377/6377 2991/6378/6378 2959/6396/6396
f 2959/6396/6396 2991/6378/6378 2958/6395/6395
f 2959/6396/6396 2958/6395/6395 2925/6490/6490
f 2925/6490/6490 2958/6395/6395 2924/6489/6489
f 2925/6490/6490 2924/6489/6489 2897/6579/6579
f 2897/6579/6579 2924/6489/6489 2896/6580/6580
f 2897/6579/6579 2896/6580/6580 2867/6342/6342
f 2867/6342/6342 2896/6580/6580 2866/6343/6343
f 2867/6342/6342 2866/6343/6343 2827/6362/6362
f 2827/6362/6362 2866/6343/6343 2826/6361/6361
f 3117/6291/6291 3115/6292/6292 3105/6520/6520
f 3105/6520/6520 3115/6292/6292 3104/6519/6519
f 3105/6520/6520 3104/6519/6519 3070/6549/6549
f 3070/6549/6549 3104/6519/6519 3072/6548/6548
f 3070/6549/6549 3072/6548/6548 3038/6423/6423
f 3038/6423/6423 3072/6548/6548 3037/6424/6424
f 3038/6423/6423 3037/6424/6424 2991/6378/6378
f 2991/6378/6378 3037/6424/6424 3036/6425/6425
f 2991/6378/6378 3036/6425/6425 2989/6379/6379
f 2989/6379/6379 3036/6425/6425 3035/6426/6426
f 2989/6379/6379 3035/6426/6426 2988/6380/6380
f 2988/6380/6380 3035/6426/6426 3033/6427/6427
f 2988/6380/6380 3033/6427/6427 2986/6381/6381
f 2986/6381/6381 3033/6427/6427 3031/6428/6428
f 2986/6381/6381 3031/6428/6428 2984/6382/6382
f 2984/6382/6382 3031/6428/6428 3029/6429/6429
f 2984/6382/6382 3029/6429/6429 2982/6383/6383
f 2982/6383/6383 3029/6429/6429 3027/6430/6430
f 2982/6383/6383 3027/6430/6430 2980/6384/6384
f 2980/6384/6384 3027/6430/6430 3025/6431/6431
f 3104/6519/6519 3115/6292/6292 3103/6518/6518
f 3103/6518/6518 3115/6292/6292 3113/6293/6293
f 3103/6518/6518 3113/6293/6293 3102/6517/6517
f 3102/6517/6517 3113/6293/6293 3099/6516/6516
f 3102/6517/6517 3099/6516/6516 3069/6546/6546
f 3069/6546/6546 3099/6516/6516 3066/6545/6545
f 3069/6546/6546 3066/6545/6545 3035/6426/6426
f 3035/6426/6426 3066/6545/6545 3033/6427/6427
f 3113/6293/6293 3111/6294/6294 3099/6516/6516
f 3099/6516/6516 3111/6294/6294 3097/6515/6515
f 3099/6516/6516 3097/6515/6515 3066/6545/6545
f 3066/6545/6545 3097/6515/6515 3064/6544/6544
f 3066/6545/6545 3064/6544/6544 3033/6427/6427
f 3033/6427/6427 3064/6544/6544 3031/6428/6428
f 3111/6294/6294 3109/6295/6295 3097/6515/6515
f 3097/6515/6515 3109/6295/6295 3095/6514/6514
f 3097/6515/6515 3095/6514/6514 3064/6544/6544
f 3064/6544/6544 3095/6514/6514 3063/6543/6543
f 3064/6544/6544 3063/6543/6543 3031/6428/6428
f 3031/6428/6428 3063/6543/6543 3029/6429/6429
f 3095/6514/6514 3109/6295/6295 3094/6513/6513
f 3094/6513/6513 3109/6295/6295 3107/6296/6296
f 3094/6513/6513 3107/6296/6296 3091/6512/6512
f 3091/6512/6512 3107/6296/6296 3106/6297/6297
f 3091/6512/6512 3106/6297/6297 3090/6511/6511
f 3090/6511/6511 3106/6297/6297 3088/6510/6510
f 3090/6511/6511 3088/6510/6510 3057/6540/6540
f 3106/6297/6297 3108/6298/6298 3088/6510/6510
f 3112/6300/6300 3114/6301/6301 3077/6505/6505
f 3077/6505/6505 3114/6301/6301 3073/6504/6504
f 3077/6505/6505 3073/6504/6504 3044/6536/6536
f 3044/6536/6536 3073/6504/6504 3040/6535/6535
f 3044/6536/6536 3040/6535/6535 3011/6439/6439
f 3011/6439/6439 3040/6535/6535 3008/6440/6440
f 3011/6439/6439 3008/6440/6440 2962/6441/6441
f 2962/6441/6441 3008/6440/6440 2960/6306/6306
f 2962/6441/6441 2960/6306/6306 2926/6307/6307
f 3073/6504/6504 3114/6301/6301 3074/6503/6503
f 3074/6503/6503 3114/6301/6301 3116/6302/6302
f 3074/6503/6503 3116/6302/6302 3075/6303/6303
f 3075/6303/6303 3039/6304/6304 3074/6503/6503
f 3074/6503/6503 3039/6304/6304 3041/6305/6305
f 3074/6503/6503 3041/6305/6305 3073/6504/6504
f 3073/6504/6504 3041/6305/6305 3040/6535/6535
f 3040/6535/6535 3041/6305/6305 3008/6440/6440
f 3008/6440/6440 3041/6305/6305 2960/6306/6306
f 2838/6309/6309 2841/6329/6329 2879/6308/6308
f 2879/6308/6308 2841/6329/6329 2876/6572/6572
f 2879/6308/6308 2876/6572/6572 2898/6564/6564
f 2898/6564/6564 2876/6572/6572 2901/6565/6565
f 2898/6564/6564 2901/6565/6565 2931/6477/6477
f 2841/6329/6329 2838/6309/6309 2798/6470/6470
f 2798/6470/6470 2838/6309/6309 2833/6310/6310
f 2798/6470/6470 2833/6310/6310 2797/6471/6471
f 2797/6471/6471 2833/6310/6310 2828/6311/6311
f 2797/6471/6471 2828/6311/6311 2796/6312/6312
f 2796/6312/6312 2791/6313/6313 2797/6471/6471
f 2797/6471/6471 2791/6313/6313 2798/6470/6470
f 2791/6313/6313 2781/6314/6314 2798/6470/6470
f 2798/6470/6470 2781/6314/6314 2779/6315/6315
f 2798/6470/6470 2779/6315/6315 2799/6469/6469
f 2799/6469/6469 2779/6315/6315 2802/6468/6468
f 2799/6469/6469 2802/6468/6468 2842/6475/6475
f 2812/6353/6353 2777/6316/6316 2813/6354/6354
f 2813/6354/6354 2777/6316/6316 2778/6317/6317
f 2813/6354/6354 2778/6317/6317 2816/6355/6355
f 2816/6355/6355 2778/6317/6317 2818/6356/6356
f 2816/6355/6355 2818/6356/6356 2856/6349/6349
f 2856/6349/6349 2818/6356/6356 2858/6348/6348
f 2818/6356/6356 2778/6317/6317 2819/6357/6357
f 2819/6357/6357 2778/6317/6317 2780/6318/6318
f 2819/6357/6357 2780/6318/6318 2821/6358/6358
f 2821/6358/6358 2780/6318/6318 2823/6359/6359
f 2821/6358/6358 2823/6359/6359 2862/6346/6346
f 2824/6363/6363 2782/6319/6319 2822/6364/6364
f 2822/6364/6364 2782/6319/6319 2784/6320/6320
f 2822/6364/6364 2784/6320/6320 2820/6365/6365
f 2820/6365/6365 2784/6320/6320 2817/6366/6366
f 2820/6365/6365 2817/6366/6366 2859/6339/6339
f 2859/6339/6339 2817/6366/6366 2857/6338/6338
f 2859/6339/6339 2857/6338/6338 2889/6576/6576
f 2889/6576/6576 2857/6338/6338 2887/6575/6575
f 2889/6576/6576 2887/6575/6575 2917/6493/6493
f 2917/6493/6493 2887/6575/6575 2915/6494/6494
f 2917/6493/6493 2915/6494/6494 2951/6399/6399
f 2785/6321/6321 2814/6368/6368 2784/6320/6320
f 2784/6320/6320 2814/6368/6368 2815/6367/6367
f 2784/6320/6320 2815/6367/6367 2817/6366/6366
f 2817/6366/6366 2815/6367/6367 2857/6338/6338
f 2781/6323/6323 2791/6324/6324 2783/6322/6322
f 2783/6322/6322 2791/6324/6324 2796/6325/6325
f 2783/6322/6322 2796/6325/6325 2843/6460/6460
f 2843/6460/6460 2796/6325/6325 2828/6326/6326
f 2843/6460/6460 2828/6326/6326 2840/6459/6459
f 2840/6459/6459 2828/6326/6326 2839/6328/6328
f 2840/6459/6459 2839/6328/6328 2880/6277/6277
f 2828/6326/6326 2833/6327/6327 2839/6328/6328
f 2814/6368/6368 2785/6321/6321 2811/6369/6369
f 2911/6496/6496 2881/6333/6333 2909/6497/6497
f 2909/6497/6497 2881/6333/6333 2942/6247/6247
f 2926/6307/6307 2928/6476/6476 2962/6441/6441
f 2814/6368/6368 2811/6369/6369 2853/6336/6336
f 2815/6367/6367 2814/6368/6368 2855/6337/6337
f 2855/6337/6337 2814/6368/6368 2853/6336/6336
f 2855/6337/6337 2853/6336/6336 2885/6574/6574
f 2887/6575/6575 2857/6338/6338 2855/6337/6337
f 2855/6337/6337 2857/6338/6338 2815/6367/6367
f 2887/6575/6575 2855/6337/6337 2885/6574/6574
f 2822/6364/6364 2820/6365/6365 2861/6340/6340
f 2861/6340/6340 2820/6365/6365 2859/6339/6339
f 2861/6340/6340 2859/6339/6339 2891/6577/6577
f 2891/6577/6577 2859/6339/6339 2889/6576/6576
f 2891/6577/6577 2889/6576/6576 2919/6492/6492
f 2919/6492/6492 2889/6576/6576 2917/6493/6493
f 2919/6492/6492 2917/6493/6493 2953/6398/6398
f 2953/6398/6398 2917/6493/6493 2951/6399/6399
f 2824/6363/6363 2822/6364/6364 2863/6341/6341
f 2863/6341/6341 2822/6364/6364 2861/6340/6340
f 2863/6341/6341 2861/6340/6340 2893/6578/6578
f 2893/6578/6578 2861/6340/6340 2891/6577/6577
f 2893/6578/6578 2891/6577/6577 2921/6491/6491
f 2921/6491/6491 2891/6577/6577 2919/6492/6492
f 2921/6491/6491 2919/6492/6492 2955/6397/6397
f 2955/6397/6397 2919/6492/6492 2953/6398/6398
f 2955/6397/6397 2953/6398/6398 2987/6376/6376
f 2825/6360/6360 2826/6361/6361 2865/6344/6344
f 2865/6344/6344 2826/6361/6361 2866/6343/6343
f 2865/6344/6344 2866/6343/6343 2895/6581/6581
f 2895/6581/6581 2866/6343/6343 2896/6580/6580
f 2895/6581/6581 2896/6580/6580 2923/6488/6488
f 2923/6488/6488 2896/6580/6580 2924/6489/6489
f 2923/6488/6488 2924/6489/6489 2957/6394/6394
f 2957/6394/6394 2924/6489/6489 2958/6395/6395
f 2957/6394/6394 2958/6395/6395 2989/6379/6379
f 2989/6379/6379 2958/6395/6395 2991/6378/6378
f 2825/6360/6360 2865/6344/6344 2864/6345/6345
f 2864/6345/6345 2865/6344/6344 2894/6582/6582
f 2864/6345/6345 2894/6582/6582 2892/6583/6583
f 2892/6583/6583 2894/6582/6582 2920/6486/6486
f 2892/6583/6583 2920/6486/6486 2918/6485/6485
f 2918/6485/6485 2920/6486/6486 2952/6391/6391
f 2918/6485/6485 2952/6391/6391 2950/6390/6390
f 2950/6390/6390 2952/6391/6391 2982/6383/6383
f 2950/6390/6390 2982/6383/6383 2980/6384/6384
f 2894/6582/6582 2865/6344/6344 2895/6581/6581
f 2819/6357/6357 2821/6358/6358 2860/6347/6347
f 2860/6347/6347 2821/6358/6358 2862/6346/6346
f 2818/6356/6356 2819/6357/6357 2858/6348/6348
f 2858/6348/6348 2819/6357/6357 2860/6347/6347
f 2813/6354/6354 2816/6355/6355 2854/6350/6350
f 2854/6350/6350 2816/6355/6355 2856/6349/6349
f 2812/6353/6353 2813/6354/6354 2852/6351/6351
f 2852/6351/6351 2813/6354/6354 2854/6350/6350
f 2945/6402/6402 2943/6403/6403 2977/6371/6371
f 2977/6371/6371 2943/6403/6403 2975/6370/6370
f 2977/6371/6371 2975/6370/6370 3022/6416/6416
f 2947/6401/6401 2945/6402/6402 2979/6372/6372
f 2979/6372/6372 2945/6402/6402 2977/6371/6371
f 2979/6372/6372 2977/6371/6371 3024/6417/6417
f 3024/6417/6417 2977/6371/6371 3022/6416/6416
f 3024/6417/6417 3022/6416/6416 3058/6555/6555
f 2947/6401/6401 2979/6372/6372 2981/6373/6373
f 2981/6373/6373 2979/6372/6372 3026/6418/6418
f 2981/6373/6373 3026/6418/6418 3028/6419/6419
f 3028/6419/6419 3026/6418/6418 3062/6553/6553
f 3028/6419/6419 3062/6553/6553 3065/6552/6552
f 3065/6552/6552 3062/6553/6553 3098/6523/6523
f 3065/6552/6552 3098/6523/6523 3101/6522/6522
f 3026/6418/6418 2979/6372/6372 3024/6417/6417
f 3032/6421/6421 2985/6375/6375 3030/6420/6420
f 3030/6420/6420 2985/6375/6375 2983/6374/6374
f 2989/6379/6379 2988/6380/6380 2957/6394/6394
f 2957/6394/6394 2988/6380/6380 2956/6393/6393
f 2957/6394/6394 2956/6393/6393 2923/6488/6488
f 2923/6488/6488 2956/6393/6393 2922/6487/6487
f 2923/6488/6488 2922/6487/6487 2895/6581/6581
f 2895/6581/6581 2922/6487/6487 2894/6582/6582
f 2988/6380/6380 2986/6381/6381 2956/6393/6393
f 2956/6393/6393 2986/6381/6381 2954/6392/6392
f 2956/6393/6393 2954/6392/6392 2922/6487/6487
f 2922/6487/6487 2954/6392/6392 2920/6486/6486
f 2922/6487/6487 2920/6486/6486 2894/6582/6582
f 2986/6381/6381 2984/6382/6382 2954/6392/6392
f 2954/6392/6392 2984/6382/6382 2952/6391/6391
f 2954/6392/6392 2952/6391/6391 2920/6486/6486
f 2984/6382/6382 2982/6383/6383 2952/6391/6391
f 2978/6385/6385 2976/6386/6386 2946/6388/6388
f 2946/6388/6388 2976/6386/6386 2944/6387/6387
f 2946/6388/6388 2944/6387/6387 2912/6482/6482
f 3021/6433/6433 2976/6386/6386 3023/6432/6432
f 3023/6432/6432 2976/6386/6386 2978/6385/6385
f 2978/6385/6385 2946/6388/6388 2948/6389/6389
f 2948/6389/6389 2946/6388/6388 2914/6483/6483
f 2948/6389/6389 2914/6483/6483 2916/6484/6484
f 2916/6484/6484 2914/6483/6483 2888/6585/6585
f 2916/6484/6484 2888/6585/6585 2890/6584/6584
f 2914/6483/6483 2946/6388/6388 2912/6482/6482
f 2969/6405/6405 2971/6404/6404 2939/6447/6447
f 2939/6447/6447 2936/6448/6448 2969/6405/6405
f 2969/6405/6405 2936/6448/6448 2967/6406/6406
f 2936/6448/6448 2934/6449/6449 2967/6406/6406
f 2967/6406/6406 2934/6449/6449 2965/6407/6407
f 2934/6449/6449 2932/6450/6450 2965/6407/6407
f 2965/6407/6407 2932/6450/6450 2963/6408/6408
f 2932/6450/6450 2930/6451/6451 2963/6408/6408
f 2963/6408/6408 2930/6451/6451 2961/6334/6334
f 3009/6409/6409 3045/6562/6562 3010/6410/6410
f 3010/6410/6410 3045/6562/6562 3046/6561/6561
f 3010/6410/6410 3046/6561/6561 3012/6411/6411
f 3012/6411/6411 3046/6561/6561 3048/6560/6560
f 3012/6411/6411 3048/6560/6560 3014/6412/6412
f 3014/6412/6412 3048/6560/6560 3050/6559/6559
f 3014/6412/6412 3050/6559/6559 3016/6413/6413
f 3026/6418/6418 3024/6417/6417 3060/6554/6554
f 3060/6554/6554 3024/6417/6417 3058/6555/6555
f 3060/6554/6554 3058/6555/6555 3093/6525/6525
f 3067/6551/6551 3032/6421/6421 3030/6420/6420
f 3069/6546/6546 3035/6426/6426 3036/6425/6425
f 3036/6425/6425 3037/6424/6424 3071/6547/6547
f 3071/6547/6547 3037/6424/6424 3072/6548/6548
f 3071/6547/6547 3072/6548/6548 3103/6518/6518
f 3103/6518/6518 3072/6548/6548 3104/6519/6519
f 3027/6430/6430 3029/6429/6429 3061/6542/6542
f 3061/6542/6542 3029/6429/6429 3063/6543/6543
f 3061/6542/6542 3063/6543/6543 3094/6513/6513
f 3094/6513/6513 3063/6543/6543 3095/6514/6514
f 3025/6431/6431 3027/6430/6430 3059/6541/6541
f 3059/6541/6541 3027/6430/6430 3061/6542/6542
f 3059/6541/6541 3061/6542/6542 3091/6512/6512
f 3091/6512/6512 3061/6542/6542 3094/6513/6513
f 3053/6434/6434 3021/6433/6433 3055/6539/6539
f 3055/6539/6539 3021/6433/6433 3023/6432/6432
f 3006/6265/6265 3051/6436/6436 3017/6435/6435
f 3017/6435/6435 3051/6436/6436 3049/6538/6538
f 3017/6435/6435 3049/6538/6538 3015/6437/6437
f 3015/6437/6437 3049/6538/6538 3047/6537/6537
f 3015/6437/6437 3047/6537/6537 3013/6438/6438
f 3017/6435/6435 3015/6437/6437 2968/6444/6444
f 2968/6444/6444 3015/6437/6437 2966/6443/6443
f 2968/6444/6444 2966/6443/6443 2935/6479/6479
f 2935/6479/6479 2966/6443/6443 2933/6478/6478
f 2935/6479/6479 2933/6478/6478 2903/6566/6566
f 3015/6437/6437 3013/6438/6438 2966/6443/6443
f 2966/6443/6443 3013/6438/6438 2964/6442/6442
f 2966/6443/6443 2964/6442/6442 2933/6478/6478
f 3006/6265/6265 3017/6435/6435 2970/6445/6445
f 2970/6445/6445 3017/6435/6435 2968/6444/6444
f 2970/6445/6445 2968/6444/6444 2937/6480/6480
f 2937/6480/6480 2968/6444/6444 2935/6479/6479
f 2937/6480/6480 2935/6479/6479 2905/6567/6567
f 2905/6567/6567 2935/6479/6479 2903/6566/6566
f 2930/6451/6451 2929/6452/6452 2961/6334/6334
f 2878/6331/6331 2874/6498/6498 2908/6453/6453
f 2908/6453/6453 2874/6498/6498 2906/6454/6454
f 2874/6498/6498 2873/6499/6499 2906/6454/6454
f 2906/6454/6454 2873/6499/6499 2904/6455/6455
f 2873/6499/6499 2872/6500/6500 2904/6455/6455
f 2904/6455/6455 2872/6500/6500 2902/6456/6456
f 2877/6502/6502 2899/6458/6458 2900/6457/6457
f 2872/6500/6500 2871/6501/6501 2902/6456/6456
f 2902/6456/6456 2871/6501/6501 2900/6457/6457
f 2871/6501/6501 2877/6502/6502 2900/6457/6457
f 2843/6460/6460 2844/6461/6461 2783/6322/6322
f 2783/6322/6322 2844/6461/6461 2846/6462/6462
f 2783/6322/6322 2846/6462/6462 2848/6463/6463
f 2803/6467/6467 2804/6466/6466 2847/6473/6473
f 2847/6473/6473 2804/6466/6466 2849/6472/6472
f 2847/6473/6473 2849/6472/6472 2875/6332/6332
f 2841/6329/6329 2798/6470/6470 2799/6469/6469
f 2841/6329/6329 2799/6469/6469 2842/6475/6475
f 2803/6467/6467 2847/6473/6473 2845/6474/6474
f 2845/6474/6474 2847/6473/6473 2868/6569/6569
f 2845/6474/6474 2868/6569/6569 2869/6570/6570
f 2868/6569/6569 2847/6473/6473 2875/6332/6332
f 2876/6572/6572 2841/6329/6329 2870/6571/6571
f 2870/6571/6571 2841/6329/6329 2842/6475/6475
f 2888/6585/6585 2914/6483/6483 2886/6586/6586
f 2886/6586/6586 2914/6483/6483 2912/6482/6482
f 2885/6574/6574 2915/6494/6494 2887/6575/6575
f 3047/6537/6537 3049/6538/6538 3080/6506/6506
f 3080/6506/6506 3049/6538/6538 3082/6507/6507
f 3049/6538/6538 3051/6436/6436 3082/6507/6507
f 3055/6539/6539 3085/6509/6509 3053/6434/6434
f 3053/6434/6434 3085/6509/6509 3084/6508/6508
f 3059/6541/6541 3091/6512/6512 3090/6511/6511
f 3059/6541/6541 3090/6511/6511 3057/6540/6540
f 3071/6547/6547 3103/6518/6518 3102/6517/6517
f 3071/6547/6547 3102/6517/6517 3069/6546/6546
f 3060/6554/6554 3093/6525/6525 3096/6524/6524
f 3060/6554/6554 3096/6524/6524 3062/6553/6553
f 3062/6553/6553 3096/6524/6524 3098/6523/6523
f 3056/6556/6556 3089/6527/6527 3092/6526/6526
f 3050/6559/6559 3048/6560/6560 3083/6530/6530
f 3083/6530/6530 3048/6560/6560 3081/6531/6531
f 3048/6560/6560 3046/6561/6561 3081/6531/6531
f 3081/6531/6531 3046/6561/6561 3079/6532/6532
f 3046/6561/6561 3045/6562/6562 3079/6532/6532
f 3025/6431/6431 3059/6541/6541 3057/6540/6540
f 3036/6425/6425 3071/6547/6547 3069/6546/6546
f 3026/6418/6418 3060/6554/6554 3062/6553/6553
f 2870/6571/6571 2901/6565/6565 2876/6572/6572
f 3170/6588/6588 3180/6589/6589 3169/6591/6591
f 3169/6591/6591 3180/6589/6589 3179/6590/6590
f 3180/6592/6592 3182/6593/6593 3179/6595/6595
f 3179/6595/6595 3182/6593/6593 3181/6594/6594
f 3182/6596/6596 3143/6597/6597 3181/6599/6599
f 3181/6599/6599 3143/6597/6597 3142/6598/6598
f 3143/6600/6600 3135/6601/6601 3142/6603/6603
f 3142/6603/6603 3135/6601/6601 3134/6602/6602
f 3134/6605/6605 3174/6606/6606 3142/6604/6604
f 3142/6604/6604 3174/6606/6606 3181/6609/6609
f 3181/6609/6609 3174/6606/6606 3179/6608/6608
f 3179/6608/6608 3174/6606/6606 3169/6607/6607
f 3134/6611/6611 3133/6612/6612 3174/6610/6610
f 3174/6610/6610 3133/6612/6612 3173/6613/6613
f 3172/6614/6614 3173/6615/6615 3204/6620/6620
f 3204/6620/6620 3173/6615/6615 3146/6619/6619
f 3146/6619/6619 3173/6615/6615 3133/6616/6616
f 3146/6619/6619 3133/6616/6616 3138/6618/6618
f 3138/6618/6618 3133/6616/6616 3128/6617/6617
f 3158/6622/6622 3161/6623/6623 3191/6621/6621
f 3191/6621/6621 3161/6623/6623 3194/6626/6626
f 3194/6626/6626 3161/6623/6623 3164/6624/6624
f 3194/6626/6626 3164/6624/6624 3197/6625/6625
f 3204/6627/6627 3146/6628/6628 3205/6630/6630
f 3205/6630/6630 3146/6628/6628 3147/6629/6629
f 3146/6631/6631 3138/6632/6632 3147/6634/6634
f 3147/6634/6634 3138/6632/6632 3139/6633/6633
f 3138/6635/6635 3128/6636/6636 3139/6638/6638
f 3139/6638/6638 3128/6636/6636 3129/6637/6637
f 3133/6640/6640 3134/6641/6641 3128/6639/6639
f 3128/6639/6639 3134/6641/6641 3129/6643/6643
f 3129/6643/6643 3134/6641/6641 3135/6642/6642
f 3199/6645/6645 3198/6652/6652 3197/6644/6644
f 3197/6644/6644 3198/6652/6652 3196/6653/6653
f 3197/6644/6644 3196/6653/6653 3195/6654/6654
f 3199/6645/6645 3201/6646/6646 3198/6652/6652
f 3198/6652/6652 3201/6646/6646 3203/6647/6647
f 3198/6652/6652 3203/6647/6647 3204/6648/6648
f 3198/6652/6652 3204/6648/6648 3200/6651/6651
f 3200/6651/6651 3204/6648/6648 3205/6649/6649
f 3200/6651/6651 3205/6649/6649 3202/6650/6650
f 3195/6654/6654 3194/6655/6655 3197/6644/6644
f 3180/6657/6657 3205/6659/6659 3182/6656/6656
f 3182/6656/6656 3205/6659/6659 3147/6660/6660
f 3182/6656/6656 3147/6660/6660 3143/6664/6664
f 3143/6664/6664 3147/6660/6660 3139/6661/6661
f 3143/6664/6664 3139/6661/6661 3135/6663/6663
f 3135/6663/6663 3139/6661/6661 3129/6662/6662
f 3180/6657/6657 3202/6658/6658 3205/6659/6659
f 2781/6665/6665 2783/6666/6666 2779/6673/6673
f 2779/6673/6673 2783/6666/6666 2777/6672/6672
f 2777/6672/6672 2783/6666/6666 2785/6667/6667
f 2777/6672/6672 2785/6667/6667 2778/6671/6671
f 2778/6671/6671 2785/6667/6667 2784/6668/6668
f 2778/6671/6671 2784/6668/6668 2780/6670/6670
f 2780/6670/6670 2784/6668/6668 2782/6669/6669
f 3621/6675/6675 3635/6703/6703 3623/6674/6674
f 3623/6674/6674 3635/6703/6703 3637/6704/6704
f 3623/6674/6674 3637/6704/6704 3625/6688/6688
f 3625/6688/6688 3637/6704/6704 3639/6712/6712
f 3625/6688/6688 3639/6712/6712 3628/6687/6687
f 3628/6687/6687 3639/6712/6712 3641/6711/6711
f 3628/6687/6687 3641/6711/6711 3630/6686/6686
f 3630/6686/6686 3641/6711/6711 3640/6710/6710
f 3630/6686/6686 3640/6710/6710 3629/6685/6685
f 3629/6685/6685 3640/6710/6710 3627/6684/6684
f 3627/6684/6684 3640/6710/6710 3638/6709/6709
f 3627/6684/6684 3638/6709/6709 3626/6683/6683
f 3626/6683/6683 3638/6709/6709 3636/6708/6708
f 3626/6683/6683 3636/6708/6708 3624/6682/6682
f 3624/6682/6682 3636/6708/6708 3622/6681/6681
f 3622/6681/6681 3636/6708/6708 3634/6707/6707
f 3622/6681/6681 3634/6707/6707 3620/6680/6680
f 3620/6680/6680 3634/6707/6707 3632/6706/6706
f 3620/6680/6680 3632/6706/6706 3619/6679/6679
f 3619/6679/6679 3632/6706/6706 3617/6678/6678
f 3617/6678/6678 3632/6706/6706 3631/6713/6713
f 3617/6678/6678 3631/6714/6714 3616/6677/6677
f 3616/6677/6677 3631/6715/6715 3618/6676/6676
f 3618/6716/6716 3631/6702/6702 3633/6705/6705
f 3618/6717/6717 3633/6705/6705 3621/6675/6675
f 3621/6675/6675 3633/6705/6705 3635/6703/6703
f 3631/6702/6702 3642/6689/6689 3633/6705/6705
f 3633/6705/6705 3642/6692/6692 3635/6703/6703
f 3635/6703/6703 3642/6693/6693 3637/6704/6704
f 3637/6704/6704 3642/6694/6694 3639/6712/6712
f 3641/6711/6711 3642/6696/6696 3640/6710/6710
f 3640/6710/6710 3642/6697/6697 3638/6709/6709
f 3638/6709/6709 3642/6698/6698 3636/6708/6708
f 3634/6707/6707 3642/6700/6700 3632/6706/6706
f 3632/6706/6706 3642/6701/6701 3631/6718/6718
f 3636/6708/6708 3642/6699/6699 3634/6707/6707
f 3639/6712/6712 3642/6695/6695 3641/6711/6711
f 3220/6765/6765 3218/6719/6719 3259/6767/6767
f 3259/6767/6767 3218/6719/6719 3217/6720/6720
f 3259/6767/6767 3217/6720/6720 3216/6721/6721
f 3216/6721/6721 3323/6722/6722 3259/6767/6767
f 3259/6767/6767 3323/6722/6722 3291/7119/7119
f 3259/6767/6767 3291/7119/7119 3289/7118/7118
f 3289/7118/7118 3291/7119/7119 3321/6866/6866
f 3289/7118/7118 3321/6866/6866 3319/6865/6865
f 3319/6865/6865 3321/6866/6866 3352/6807/6807
f 3319/6865/6865 3352/6807/6807 3350/6808/6808
f 3350/6808/6808 3352/6807/6807 3382/6928/6928
f 3350/6808/6808 3382/6928/6928 3379/6927/6927
f 3379/6927/6927 3382/6928/6928 3412/6872/6872
f 3379/6927/6927 3412/6872/6872 3410/6873/6873
f 3410/6873/6873 3412/6872/6872 3442/7124/7124
f 3410/6873/6873 3442/7124/7124 3440/7125/7125
f 3440/7125/7125 3442/7124/7124 3472/6987/6987
f 3440/7125/7125 3472/6987/6987 3470/6986/6986
f 3470/6986/6986 3472/6987/6987 3503/6938/6938
f 3470/6986/6986 3503/6938/6938 3501/6939/6939
f 3501/6939/6939 3503/6938/6938 3533/7049/7049
f 3501/6939/6939 3533/7049/7049 3531/7048/7048
f 3531/7048/7048 3533/7049/7049 3564/7003/7003
f 3531/7048/7048 3564/7003/7003 3562/7004/7004
f 3562/7004/7004 3564/7003/7003 3594/7078/7078
f 3562/7004/7004 3594/7078/7078 3592/7077/7077
f 3592/7077/7077 3594/7078/7078 3629/6730/6730
f 3592/7077/7077 3629/6730/6730 3627/6731/6731
f 3399/6723/6723 3356/6769/6769 3323/6722/6722
f 3323/6722/6722 3356/6769/6769 3324/6867/6867
f 3323/6722/6722 3324/6867/6867 3291/7119/7119
f 3291/7119/7119 3324/6867/6867 3321/6866/6866
f 3486/6724/6724 3453/6771/6771 3399/6723/6723
f 3399/6723/6723 3453/6771/6771 3421/6868/6868
f 3399/6723/6723 3421/6868/6868 3388/6931/6931
f 3388/6931/6931 3421/6868/6868 3419/6869/6869
f 3388/6931/6931 3419/6869/6869 3386/6930/6930
f 3386/6930/6930 3419/6869/6869 3417/6870/6870
f 3386/6930/6930 3417/6870/6870 3384/6929/6929
f 3384/6929/6929 3417/6870/6870 3415/6871/6871
f 3384/6929/6929 3415/6871/6871 3382/6928/6928
f 3382/6928/6928 3415/6871/6871 3412/6872/6872
f 3559/6725/6725 3518/6773/6773 3486/6724/6724
f 3486/6724/6724 3518/6773/6773 3485/6993/6993
f 3486/6724/6724 3485/6993/6993 3453/6771/6771
f 3453/6771/6771 3485/6993/6993 3483/6992/6992
f 3453/6771/6771 3483/6992/6992 3451/7120/7120
f 3451/7120/7120 3483/6992/6992 3481/6991/6991
f 3451/7120/7120 3481/6991/6991 3449/7121/7121
f 3449/7121/7121 3481/6991/6991 3479/6990/6990
f 3449/7121/7121 3479/6990/6990 3447/7122/7122
f 3447/7122/7122 3479/6990/6990 3476/6989/6989
f 3447/7122/7122 3476/6989/6989 3444/7123/7123
f 3444/7123/7123 3476/6989/6989 3474/6988/6988
f 3444/7123/7123 3474/6988/6988 3442/7124/7124
f 3442/7124/7124 3474/6988/6988 3472/6987/6987
f 3623/6726/6726 3615/6775/6775 3559/6725/6725
f 3559/6725/6725 3615/6775/6775 3583/6994/6994
f 3559/6725/6725 3583/6994/6994 3550/7057/7057
f 3550/7057/7057 3583/6994/6994 3581/6995/6995
f 3550/7057/7057 3581/6995/6995 3548/7056/7056
f 3548/7056/7056 3581/6995/6995 3579/6996/6996
f 3548/7056/7056 3579/6996/6996 3546/7055/7055
f 3546/7055/7055 3579/6996/6996 3577/6997/6997
f 3546/7055/7055 3577/6997/6997 3544/7054/7054
f 3544/7054/7054 3577/6997/6997 3574/6998/6998
f 3544/7054/7054 3574/6998/6998 3541/7053/7053
f 3541/7053/7053 3574/6998/6998 3572/6999/6999
f 3541/7053/7053 3572/6999/6999 3539/7052/7052
f 3539/7052/7052 3572/6999/6999 3570/7000/7000
f 3539/7052/7052 3570/7000/7000 3537/7051/7051
f 3537/7051/7051 3570/7000/7000 3568/7001/7001
f 3537/7051/7051 3568/7001/7001 3535/7050/7050
f 3535/7050/7050 3568/7001/7001 3566/7002/7002
f 3535/7050/7050 3566/7002/7002 3533/7049/7049
f 3533/7049/7049 3566/7002/7002 3564/7003/7003
f 3615/6775/6775 3623/6726/6726 3613/7087/7087
f 3613/7087/7087 3623/6726/6726 3625/6727/6727
f 3613/7087/7087 3625/6727/6727 3611/7086/7086
f 3611/7086/7086 3625/6727/6727 3609/7085/7085
f 3611/7086/7086 3609/7085/7085 3579/6996/6996
f 3579/6996/6996 3609/7085/7085 3577/6997/6997
f 3625/6727/6727 3628/6728/6728 3609/7085/7085
f 3609/7085/7085 3628/6728/6728 3606/7084/7084
f 3609/7085/7085 3606/7084/7084 3577/6997/6997
f 3577/6997/6997 3606/7084/7084 3574/6998/6998
f 3630/6729/6729 3602/7082/7082 3628/6728/6728
f 3628/6728/6728 3602/7082/7082 3604/7083/7083
f 3628/6728/6728 3604/7083/7083 3606/7084/7084
f 3606/7084/7084 3604/7083/7083 3574/6998/6998
f 3629/6730/6730 3596/7079/7079 3630/6729/6729
f 3630/6729/6729 3596/7079/7079 3598/7080/7080
f 3630/6729/6729 3598/7080/7080 3600/7081/7081
f 3600/7081/7081 3598/7080/7080 3568/7001/7001
f 3600/7081/7081 3568/7001/7001 3570/7000/7000
f 3592/7077/7077 3627/6731/6731 3591/7076/7076
f 3591/7076/7076 3627/6731/6731 3626/6732/6732
f 3591/7076/7076 3626/6732/6732 3589/7075/7075
f 3589/7075/7075 3626/6732/6732 3587/7074/7074
f 3589/7075/7075 3587/7074/7074 3556/7007/7007
f 3556/7007/7007 3587/7074/7074 3554/7008/7008
f 3556/7007/7007 3554/7008/7008 3524/7044/7044
f 3524/7044/7044 3554/7008/7008 3522/7043/7043
f 3524/7044/7044 3522/7043/7043 3492/6944/6944
f 3492/6944/6944 3522/7043/7043 3490/6945/6945
f 3492/6944/6944 3490/6945/6945 3459/6980/6980
f 3459/6980/6980 3490/6945/6945 3457/6979/6979
f 3459/6980/6980 3457/6979/6979 3427/7132/7132
f 3427/7132/7132 3457/6979/6979 3425/7133/7133
f 3427/7132/7132 3425/7133/7133 3394/6881/6881
f 3394/6881/6881 3425/7133/7133 3392/6882/6882
f 3394/6881/6881 3392/6882/6882 3362/6918/6918
f 3362/6918/6918 3392/6882/6882 3360/6917/6917
f 3362/6918/6918 3360/6917/6917 3330/6818/6818
f 3330/6818/6818 3360/6917/6917 3328/6819/6819
f 3330/6818/6818 3328/6819/6819 3297/6854/6854
f 3297/6854/6854 3328/6819/6819 3295/6853/6853
f 3297/6854/6854 3295/6853/6853 3265/7106/7106
f 3265/7106/7106 3295/6853/6853 3263/7105/7105
f 3265/7106/7106 3263/7105/7105 3233/6788/6788
f 3233/6788/6788 3263/7105/7105 3231/6789/6789
f 3233/6788/6788 3231/6789/6789 3221/6758/6758
f 3221/6758/6758 3231/6789/6789 3219/6757/6757
f 3219/6757/6757 3231/6789/6789 3229/6790/6790
f 3219/6757/6757 3229/6790/6790 3215/6756/6756
f 3215/6756/6756 3229/6790/6790 3228/6791/6791
f 3215/6756/6756 3228/6791/6791 3213/6755/6755
f 3213/6755/6755 3228/6791/6791 3230/6792/6792
f 3213/6755/6755 3230/6792/6792 3232/6793/6793
f 3232/6793/6793 3230/6792/6792 3264/7101/7101
f 3232/6793/6793 3264/7101/7101 3266/7100/7100
f 3266/7100/7100 3264/7101/7101 3298/6848/6848
f 3266/7100/7100 3298/6848/6848 3301/6847/6847
f 3301/6847/6847 3298/6848/6848 3334/6825/6825
f 3301/6847/6847 3334/6825/6825 3336/6826/6826
f 3336/6826/6826 3334/6825/6825 3368/6910/6910
f 3336/6826/6826 3368/6910/6910 3370/6909/6909
f 3370/6909/6909 3368/6910/6910 3403/6890/6890
f 3370/6909/6909 3403/6890/6890 3405/6891/6891
f 3405/6891/6891 3403/6890/6890 3437/7142/7142
f 3405/6891/6891 3437/7142/7142 3439/7143/7143
f 3439/7143/7143 3437/7142/7142 3471/6969/6969
f 3439/7143/7143 3471/6969/6969 3473/6968/6968
f 3473/6968/6968 3471/6969/6969 3506/6956/6956
f 3473/6968/6968 3506/6956/6956 3508/6957/6957
f 3508/6957/6957 3506/6956/6956 3540/7031/7031
f 3508/6957/6957 3540/7031/7031 3542/7030/7030
f 3542/7030/7030 3540/7031/7031 3575/7021/7021
f 3542/7030/7030 3575/7021/7021 3576/7022/7022
f 3576/7022/7022 3575/7021/7021 3608/7060/7060
f 3576/7022/7022 3608/7060/7060 3610/7059/7059
f 3610/7059/7059 3608/7060/7060 3621/6740/6740
f 3610/7059/7059 3621/6740/6740 3612/7058/7058
f 3612/7058/7058 3621/6740/6740 3614/6774/6774
f 3612/7058/7058 3614/6774/6774 3580/7024/7024
f 3580/7024/7024 3614/6774/6774 3582/7025/7025
f 3580/7024/7024 3582/7025/7025 3547/7027/7027
f 3547/7027/7027 3582/7025/7025 3549/7026/7026
f 3547/7027/7027 3549/7026/7026 3515/6961/6961
f 3515/6961/6961 3549/7026/7026 3517/6772/6772
f 3515/6961/6961 3517/6772/6772 3482/6963/6963
f 3482/6963/6963 3517/6772/6772 3484/6962/6962
f 3482/6963/6963 3484/6962/6962 3450/7149/7149
f 3450/7149/7149 3484/6962/6962 3452/6770/6770
f 3450/7149/7149 3452/6770/6770 3418/6898/6898
f 3418/6898/6898 3452/6770/6770 3420/6899/6899
f 3418/6898/6898 3420/6899/6899 3385/6901/6901
f 3385/6901/6901 3420/6899/6899 3387/6900/6900
f 3385/6901/6901 3387/6900/6900 3353/6835/6835
f 3353/6835/6835 3387/6900/6900 3355/6768/6768
f 3353/6835/6835 3355/6768/6768 3320/6837/6837
f 3320/6837/6837 3355/6768/6768 3322/6836/6836
f 3320/6837/6837 3322/6836/6836 3288/7089/7089
f 3288/7089/7089 3322/6836/6836 3290/7088/7088
f 3288/7089/7089 3290/7088/7088 3256/6805/6805
f 3256/6805/6805 3290/7088/7088 3258/6766/6766
f 3256/6805/6805 3258/6766/6766 3214/6747/6747
f 3214/6747/6747 3258/6766/6766 3216/6746/6746
f 3216/6746/6746 3258/6766/6766 3323/6745/6745
f 3323/6745/6745 3258/6766/6766 3290/7088/7088
f 3323/6745/6745 3290/7088/7088 3322/6836/6836
f 3626/6732/6732 3624/6733/6733 3587/7074/7074
f 3587/7074/7074 3624/6733/6733 3585/7073/7073
f 3587/7074/7074 3585/7073/7073 3554/7008/7008
f 3554/7008/7008 3585/7073/7073 3552/7009/7009
f 3554/7008/7008 3552/7009/7009 3522/7043/7043
f 3522/7043/7043 3552/7009/7009 3520/7042/7042
f 3522/7043/7043 3520/7042/7042 3490/6945/6945
f 3490/6945/6945 3520/7042/7042 3488/6946/6946
f 3490/6945/6945 3488/6946/6946 3457/6979/6979
f 3457/6979/6979 3488/6946/6946 3455/6978/6978
f 3457/6979/6979 3455/6978/6978 3425/7133/7133
f 3425/7133/7133 3455/6978/6978 3423/7134/7134
f 3425/7133/7133 3423/7134/7134 3392/6882/6882
f 3392/6882/6882 3423/7134/7134 3390/6883/6883
f 3392/6882/6882 3390/6883/6883 3360/6917/6917
f 3360/6917/6917 3390/6883/6883 3358/6916/6916
f 3360/6917/6917 3358/6916/6916 3328/6819/6819
f 3328/6819/6819 3358/6916/6916 3326/6820/6820
f 3328/6819/6819 3326/6820/6820 3295/6853/6853
f 3295/6853/6853 3326/6820/6820 3293/6852/6852
f 3295/6853/6853 3293/6852/6852 3263/7105/7105
f 3263/7105/7105 3293/6852/6852 3261/7104/7104
f 3263/7105/7105 3261/7104/7104 3231/6789/6789
f 3231/6789/6789 3261/7104/7104 3229/6790/6790
f 3585/7073/7073 3624/6733/6733 3584/7072/7072
f 3584/7072/7072 3624/6733/6733 3622/6734/6734
f 3584/7072/7072 3622/6734/6734 3586/7071/7071
f 3586/7071/7071 3622/6734/6734 3620/6735/6735
f 3586/7071/7071 3620/6735/6735 3588/7070/7070
f 3588/7070/7070 3620/6735/6735 3590/7069/7069
f 3588/7070/7070 3590/7069/7069 3555/7012/7012
f 3555/7012/7012 3590/7069/7069 3557/7013/7013
f 3555/7012/7012 3557/7013/7013 3523/7039/7039
f 3523/7039/7039 3557/7013/7013 3525/7038/7038
f 3523/7039/7039 3525/7038/7038 3491/6949/6949
f 3491/6949/6949 3525/7038/7038 3493/6950/6950
f 3491/6949/6949 3493/6950/6950 3458/6975/6975
f 3458/6975/6975 3493/6950/6950 3460/6974/6974
f 3458/6975/6975 3460/6974/6974 3426/7137/7137
f 3426/7137/7137 3460/6974/6974 3428/7138/7138
f 3426/7137/7137 3428/7138/7138 3393/6886/6886
f 3393/6886/6886 3428/7138/7138 3395/6887/6887
f 3393/6886/6886 3395/6887/6887 3361/6913/6913
f 3361/6913/6913 3395/6887/6887 3363/6912/6912
f 3361/6913/6913 3363/6912/6912 3329/6823/6823
f 3329/6823/6823 3363/6912/6912 3331/6824/6824
f 3329/6823/6823 3331/6824/6824 3296/6849/6849
f 3296/6849/6849 3331/6824/6824 3298/6848/6848
f 3296/6849/6849 3298/6848/6848 3264/7101/7101
f 3620/6735/6735 3619/6736/6736 3590/7069/7069
f 3590/7069/7069 3619/6736/6736 3593/7068/7068
f 3590/7069/7069 3593/7068/7068 3557/7013/7013
f 3557/7013/7013 3593/7068/7068 3561/7014/7014
f 3557/7013/7013 3561/7014/7014 3525/7038/7038
f 3525/7038/7038 3561/7014/7014 3528/7037/7037
f 3525/7038/7038 3528/7037/7037 3493/6950/6950
f 3493/6950/6950 3528/7037/7037 3496/6951/6951
f 3493/6950/6950 3496/6951/6951 3460/6974/6974
f 3460/6974/6974 3496/6951/6951 3463/6973/6973
f 3460/6974/6974 3463/6973/6973 3428/7138/7138
f 3428/7138/7138 3463/6973/6973 3431/7139/7139
f 3428/7138/7138 3431/7139/7139 3395/6887/6887
f 3395/6887/6887 3431/7139/7139 3398/6888/6888
f 3395/6887/6887 3398/6888/6888 3363/6912/6912
f 3363/6912/6912 3398/6888/6888 3366/6911/6911
f 3363/6912/6912 3366/6911/6911 3331/6824/6824
f 3331/6824/6824 3366/6911/6911 3334/6825/6825
f 3331/6824/6824 3334/6825/6825 3298/6848/6848
f 3619/6736/6736 3617/6737/6737 3593/7068/7068
f 3593/7068/7068 3617/6737/6737 3595/7067/7067
f 3593/7068/7068 3595/7067/7067 3561/7014/7014
f 3561/7014/7014 3595/7067/7067 3563/7015/7015
f 3561/7014/7014 3563/7015/7015 3528/7037/7037
f 3528/7037/7037 3563/7015/7015 3530/7036/7036
f 3528/7037/7037 3530/7036/7036 3496/6951/6951
f 3496/6951/6951 3530/7036/7036 3498/6952/6952
f 3496/6951/6951 3498/6952/6952 3463/6973/6973
f 3463/6973/6973 3498/6952/6952 3465/6972/6972
f 3463/6973/6973 3465/6972/6972 3431/7139/7139
f 3431/7139/7139 3465/6972/6972 3433/7140/7140
f 3431/7139/7139 3433/7140/7140 3398/6888/6888
f 3398/6888/6888 3433/7140/7140 3401/6889/6889
f 3398/6888/6888 3401/6889/6889 3366/6911/6911
f 3366/6911/6911 3401/6889/6889 3368/6910/6910
f 3366/6911/6911 3368/6910/6910 3334/6825/6825
f 3595/7067/7067 3617/6737/6737 3597/7066/7066
f 3597/7066/7066 3617/6737/6737 3616/6738/6738
f 3597/7066/7066 3616/6738/6738 3599/7065/7065
f 3599/7065/7065 3616/6738/6738 3601/7064/7064
f 3599/7065/7065 3601/7064/7064 3567/7017/7017
f 3567/7017/7017 3601/7064/7064 3569/7018/7018
f 3567/7017/7017 3569/7018/7018 3534/7034/7034
f 3534/7034/7034 3569/7018/7018 3536/7033/7033
f 3534/7034/7034 3536/7033/7033 3502/6954/6954
f 3502/6954/6954 3536/7033/7033 3504/6955/6955
f 3502/6954/6954 3504/6955/6955 3469/6970/6970
f 3469/6970/6970 3504/6955/6955 3471/6969/6969
f 3469/6970/6970 3471/6969/6969 3437/7142/7142
f 3601/7064/7064 3616/6738/6738 3603/7063/7063
f 3603/7063/7063 3616/6738/6738 3618/6739/6739
f 3603/7063/7063 3618/6739/6739 3605/7062/7062
f 3605/7062/7062 3618/6739/6739 3607/7061/7061
f 3605/7062/7062 3607/7061/7061 3573/7020/7020
f 3573/7020/7020 3607/7061/7061 3575/7021/7021
f 3573/7020/7020 3575/7021/7021 3540/7031/7031
f 3607/7061/7061 3618/6739/6739 3608/7060/7060
f 3608/7060/7060 3618/6739/6739 3621/6740/6740
f 3621/6740/6740 3623/6741/6741 3614/6774/6774
f 3614/6774/6774 3623/6741/6741 3559/6742/6742
f 3614/6774/6774 3559/6742/6742 3582/7025/7025
f 3582/7025/7025 3559/6742/6742 3549/7026/7026
f 3549/7026/7026 3559/6742/6742 3517/6772/6772
f 3517/6772/6772 3559/6742/6742 3486/6743/6743
f 3517/6772/6772 3486/6743/6743 3484/6962/6962
f 3484/6962/6962 3486/6743/6743 3452/6770/6770
f 3486/6743/6743 3399/6744/6744 3452/6770/6770
f 3452/6770/6770 3399/6744/6744 3420/6899/6899
f 3323/6745/6745 3355/6768/6768 3399/6744/6744
f 3399/6744/6744 3355/6768/6768 3387/6900/6900
f 3399/6744/6744 3387/6900/6900 3420/6899/6899
f 3214/6747/6747 3212/6748/6748 3256/6805/6805
f 3256/6805/6805 3212/6748/6748 3254/6804/6804
f 3256/6805/6805 3254/6804/6804 3288/7089/7089
f 3288/7089/7089 3254/6804/6804 3286/7090/7090
f 3288/7089/7089 3286/7090/7090 3320/6837/6837
f 3320/6837/6837 3286/7090/7090 3318/6838/6838
f 3320/6837/6837 3318/6838/6838 3353/6835/6835
f 3353/6835/6835 3318/6838/6838 3351/6834/6834
f 3353/6835/6835 3351/6834/6834 3385/6901/6901
f 3385/6901/6901 3351/6834/6834 3383/6902/6902
f 3385/6901/6901 3383/6902/6902 3418/6898/6898
f 3418/6898/6898 3383/6902/6902 3416/6897/6897
f 3418/6898/6898 3416/6897/6897 3450/7149/7149
f 3450/7149/7149 3416/6897/6897 3448/7148/7148
f 3450/7149/7149 3448/7148/7148 3482/6963/6963
f 3482/6963/6963 3448/7148/7148 3480/6964/6964
f 3482/6963/6963 3480/6964/6964 3515/6961/6961
f 3515/6961/6961 3480/6964/6964 3513/6960/6960
f 3515/6961/6961 3513/6960/6960 3547/7027/7027
f 3547/7027/7027 3513/6960/6960 3545/7028/7028
f 3547/7027/7027 3545/7028/7028 3580/7024/7024
f 3580/7024/7024 3545/7028/7028 3578/7023/7023
f 3580/7024/7024 3578/7023/7023 3612/7058/7058
f 3612/7058/7058 3578/7023/7023 3610/7059/7059
f 3254/6804/6804 3212/6748/6748 3252/6803/6803
f 3252/6803/6803 3212/6748/6748 3210/6749/6749
f 3252/6803/6803 3210/6749/6749 3251/6802/6802
f 3251/6802/6802 3210/6749/6749 3249/6801/6801
f 3251/6802/6802 3249/6801/6801 3283/7092/7092
f 3283/7092/7092 3249/6801/6801 3281/7093/7093
f 3283/7092/7092 3281/7093/7093 3315/6840/6840
f 3315/6840/6840 3281/7093/7093 3313/6841/6841
f 3315/6840/6840 3313/6841/6841 3348/6832/6832
f 3348/6832/6832 3313/6841/6841 3346/6831/6831
f 3348/6832/6832 3346/6831/6831 3380/6904/6904
f 3380/6904/6904 3346/6831/6831 3378/6905/6905
f 3380/6904/6904 3378/6905/6905 3413/6895/6895
f 3413/6895/6895 3378/6905/6905 3411/6894/6894
f 3413/6895/6895 3411/6894/6894 3445/7146/7146
f 3445/7146/7146 3411/6894/6894 3443/7145/7145
f 3445/7146/7146 3443/7145/7145 3477/6966/6966
f 3477/6966/6966 3443/7145/7145 3475/6967/6967
f 3477/6966/6966 3475/6967/6967 3510/6958/6958
f 3510/6958/6958 3475/6967/6967 3508/6957/6957
f 3510/6958/6958 3508/6957/6957 3542/7030/7030
f 3210/6749/6749 3208/6750/6750 3249/6801/6801
f 3249/6801/6801 3208/6750/6750 3247/6800/6800
f 3249/6801/6801 3247/6800/6800 3281/7093/7093
f 3281/7093/7093 3247/6800/6800 3279/7094/7094
f 3281/7093/7093 3279/7094/7094 3313/6841/6841
f 3313/6841/6841 3279/7094/7094 3311/6842/6842
f 3313/6841/6841 3311/6842/6842 3346/6831/6831
f 3346/6831/6831 3311/6842/6842 3344/6830/6830
f 3346/6831/6831 3344/6830/6830 3378/6905/6905
f 3378/6905/6905 3344/6830/6830 3376/6906/6906
f 3378/6905/6905 3376/6906/6906 3411/6894/6894
f 3411/6894/6894 3376/6906/6906 3409/6893/6893
f 3411/6894/6894 3409/6893/6893 3443/7145/7145
f 3443/7145/7145 3409/6893/6893 3441/7144/7144
f 3443/7145/7145 3441/7144/7144 3475/6967/6967
f 3475/6967/6967 3441/7144/7144 3473/6968/6968
f 3475/6967/6967 3473/6968/6968 3508/6957/6957
f 3247/6800/6800 3208/6750/6750 3245/6799/6799
f 3245/6799/6799 3208/6750/6750 3206/6751/6751
f 3245/6799/6799 3206/6751/6751 3243/6798/6798
f 3243/6798/6798 3206/6751/6751 3207/6752/6752
f 3243/6798/6798 3207/6752/6752 3241/6797/6797
f 3241/6797/6797 3207/6752/6752 3239/6796/6796
f 3241/6797/6797 3239/6796/6796 3273/7097/7097
f 3273/7097/7097 3239/6796/6796 3271/7098/7098
f 3273/7097/7097 3271/7098/7098 3305/6845/6845
f 3305/6845/6845 3271/7098/7098 3303/6846/6846
f 3305/6845/6845 3303/6846/6846 3338/6827/6827
f 3338/6827/6827 3303/6846/6846 3336/6826/6826
f 3338/6827/6827 3336/6826/6826 3370/6909/6909
f 3207/6752/6752 3209/6753/6753 3239/6796/6796
f 3239/6796/6796 3209/6753/6753 3237/6795/6795
f 3239/6796/6796 3237/6795/6795 3271/7098/7098
f 3271/7098/7098 3237/6795/6795 3269/7099/7099
f 3271/7098/7098 3269/7099/7099 3303/6846/6846
f 3303/6846/6846 3269/7099/7099 3301/6847/6847
f 3303/6846/6846 3301/6847/6847 3336/6826/6826
f 3237/6795/6795 3209/6753/6753 3234/6794/6794
f 3234/6794/6794 3209/6753/6753 3211/6754/6754
f 3234/6794/6794 3211/6754/6754 3232/6793/6793
f 3232/6793/6793 3211/6754/6754 3213/6755/6755
f 3233/6788/6788 3221/6758/6758 3235/6787/6787
f 3235/6787/6787 3221/6758/6758 3223/6759/6759
f 3235/6787/6787 3223/6759/6759 3236/6786/6786
f 3236/6786/6786 3223/6759/6759 3238/6785/6785
f 3236/6786/6786 3238/6785/6785 3268/7108/7108
f 3268/7108/7108 3238/6785/6785 3270/7109/7109
f 3268/7108/7108 3270/7109/7109 3300/6856/6856
f 3300/6856/6856 3270/7109/7109 3302/6857/6857
f 3300/6856/6856 3302/6857/6857 3333/6816/6816
f 3333/6816/6816 3302/6857/6857 3335/6815/6815
f 3333/6816/6816 3335/6815/6815 3365/6920/6920
f 3365/6920/6920 3335/6815/6815 3367/6921/6921
f 3365/6920/6920 3367/6921/6921 3397/6879/6879
f 3397/6879/6879 3367/6921/6921 3400/6878/6878
f 3397/6879/6879 3400/6878/6878 3430/7130/7130
f 3430/7130/7130 3400/6878/6878 3432/7129/7129
f 3430/7130/7130 3432/7129/7129 3462/6982/6982
f 3462/6982/6982 3432/7129/7129 3464/6983/6983
f 3462/6982/6982 3464/6983/6983 3495/6942/6942
f 3495/6942/6942 3464/6983/6983 3497/6941/6941
f 3495/6942/6942 3497/6941/6941 3527/7046/7046
f 3527/7046/7046 3497/6941/6941 3529/7047/7047
f 3527/7046/7046 3529/7047/7047 3560/7005/7005
f 3560/7005/7005 3529/7047/7047 3562/7004/7004
f 3560/7005/7005 3562/7004/7004 3592/7077/7077
f 3223/6759/6759 3225/6760/6760 3238/6785/6785
f 3238/6785/6785 3225/6760/6760 3240/6784/6784
f 3238/6785/6785 3240/6784/6784 3270/7109/7109
f 3270/7109/7109 3240/6784/6784 3272/7110/7110
f 3270/7109/7109 3272/7110/7110 3302/6857/6857
f 3302/6857/6857 3272/7110/7110 3304/6858/6858
f 3302/6857/6857 3304/6858/6858 3335/6815/6815
f 3335/6815/6815 3304/6858/6858 3337/6814/6814
f 3335/6815/6815 3337/6814/6814 3367/6921/6921
f 3367/6921/6921 3337/6814/6814 3369/6922/6922
f 3367/6921/6921 3369/6922/6922 3400/6878/6878
f 3400/6878/6878 3369/6922/6922 3402/6877/6877
f 3400/6878/6878 3402/6877/6877 3432/7129/7129
f 3432/7129/7129 3402/6877/6877 3434/7128/7128
f 3432/7129/7129 3434/7128/7128 3464/6983/6983
f 3464/6983/6983 3434/7128/7128 3466/6984/6984
f 3464/6983/6983 3466/6984/6984 3497/6941/6941
f 3497/6941/6941 3466/6984/6984 3499/6940/6940
f 3497/6941/6941 3499/6940/6940 3529/7047/7047
f 3529/7047/7047 3499/6940/6940 3531/7048/7048
f 3529/7047/7047 3531/7048/7048 3562/7004/7004
f 3240/6784/6784 3225/6760/6760 3242/6783/6783
f 3242/6783/6783 3225/6760/6760 3227/6761/6761
f 3242/6783/6783 3227/6761/6761 3244/6782/6782
f 3244/6782/6782 3227/6761/6761 3226/6762/6762
f 3244/6782/6782 3226/6762/6762 3246/6781/6781
f 3246/6781/6781 3226/6762/6762 3248/6780/6780
f 3246/6781/6781 3248/6780/6780 3278/7113/7113
f 3278/7113/7113 3248/6780/6780 3280/7114/7114
f 3278/7113/7113 3280/7114/7114 3310/6861/6861
f 3310/6861/6861 3280/7114/7114 3312/6862/6862
f 3310/6861/6861 3312/6862/6862 3343/6811/6811
f 3343/6811/6811 3312/6862/6862 3345/6810/6810
f 3343/6811/6811 3345/6810/6810 3375/6925/6925
f 3375/6925/6925 3345/6810/6810 3377/6926/6926
f 3375/6925/6925 3377/6926/6926 3408/6874/6874
f 3408/6874/6874 3377/6926/6926 3410/6873/6873
f 3408/6874/6874 3410/6873/6873 3440/7125/7125
f 3226/6762/6762 3224/6763/6763 3248/6780/6780
f 3248/6780/6780 3224/6763/6763 3250/6779/6779
f 3248/6780/6780 3250/6779/6779 3280/7114/7114
f 3280/7114/7114 3250/6779/6779 3282/7115/7115
f 3280/7114/7114 3282/7115/7115 3312/6862/6862
f 3312/6862/6862 3282/7115/7115 3314/6863/6863
f 3312/6862/6862 3314/6863/6863 3345/6810/6810
f 3345/6810/6810 3314/6863/6863 3347/6809/6809
f 3345/6810/6810 3347/6809/6809 3377/6926/6926
f 3377/6926/6926 3347/6809/6809 3379/6927/6927
f 3377/6926/6926 3379/6927/6927 3410/6873/6873
f 3250/6779/6779 3224/6763/6763 3253/6778/6778
f 3253/6778/6778 3224/6763/6763 3222/6764/6764
f 3253/6778/6778 3222/6764/6764 3255/6777/6777
f 3255/6777/6777 3222/6764/6764 3220/6765/6765
f 3255/6777/6777 3220/6765/6765 3257/6776/6776
f 3257/6776/6776 3220/6765/6765 3259/6767/6767
f 3257/6776/6776 3259/6767/6767 3289/7118/7118
f 3323/6745/6745 3322/6836/6836 3355/6768/6768
f 3399/6723/6723 3388/6931/6931 3356/6769/6769
f 3356/6769/6769 3388/6931/6931 3386/6930/6930
f 3356/6769/6769 3386/6930/6930 3354/6806/6806
f 3354/6806/6806 3386/6930/6930 3384/6929/6929
f 3354/6806/6806 3384/6929/6929 3352/6807/6807
f 3352/6807/6807 3384/6929/6929 3382/6928/6928
f 3559/6725/6725 3550/7057/7057 3518/6773/6773
f 3518/6773/6773 3550/7057/7057 3548/7056/7056
f 3518/6773/6773 3548/7056/7056 3516/6932/6932
f 3516/6932/6932 3548/7056/7056 3546/7055/7055
f 3516/6932/6932 3546/7055/7055 3514/6933/6933
f 3514/6933/6933 3546/7055/7055 3544/7054/7054
f 3514/6933/6933 3544/7054/7054 3512/6934/6934
f 3512/6934/6934 3544/7054/7054 3541/7053/7053
f 3512/6934/6934 3541/7053/7053 3509/6935/6935
f 3509/6935/6935 3541/7053/7053 3539/7052/7052
f 3509/6935/6935 3539/7052/7052 3507/6936/6936
f 3507/6936/6936 3539/7052/7052 3537/7051/7051
f 3507/6936/6936 3537/7051/7051 3505/6937/6937
f 3505/6937/6937 3537/7051/7051 3535/7050/7050
f 3505/6937/6937 3535/7050/7050 3503/6938/6938
f 3503/6938/6938 3535/7050/7050 3533/7049/7049
f 3255/6777/6777 3257/6776/6776 3287/7117/7117
f 3287/7117/7117 3257/6776/6776 3289/7118/7118
f 3287/7117/7117 3289/7118/7118 3319/6865/6865
f 3282/7115/7115 3250/6779/6779 3253/6778/6778
f 3253/6778/6778 3255/6777/6777 3285/7116/7116
f 3285/7116/7116 3255/6777/6777 3287/7117/7117
f 3285/7116/7116 3287/7117/7117 3317/6864/6864
f 3317/6864/6864 3287/7117/7117 3319/6865/6865
f 3317/6864/6864 3319/6865/6865 3350/6808/6808
f 3244/6782/6782 3246/6781/6781 3276/7112/7112
f 3276/7112/7112 3246/6781/6781 3278/7113/7113
f 3276/7112/7112 3278/7113/7113 3308/6860/6860
f 3308/6860/6860 3278/7113/7113 3310/6861/6861
f 3308/6860/6860 3310/6861/6861 3341/6812/6812
f 3341/6812/6812 3310/6861/6861 3343/6811/6811
f 3341/6812/6812 3343/6811/6811 3373/6924/6924
f 3373/6924/6924 3343/6811/6811 3375/6925/6925
f 3373/6924/6924 3375/6925/6925 3406/6875/6875
f 3406/6875/6875 3375/6925/6925 3408/6874/6874
f 3406/6875/6875 3408/6874/6874 3438/7126/7126
f 3438/7126/7126 3408/6874/6874 3440/7125/7125
f 3438/7126/7126 3440/7125/7125 3470/6986/6986
f 3272/7110/7110 3240/6784/6784 3242/6783/6783
f 3242/6783/6783 3244/6782/6782 3274/7111/7111
f 3274/7111/7111 3244/6782/6782 3276/7112/7112
f 3274/7111/7111 3276/7112/7112 3306/6859/6859
f 3306/6859/6859 3276/7112/7112 3308/6860/6860
f 3306/6859/6859 3308/6860/6860 3339/6813/6813
f 3339/6813/6813 3308/6860/6860 3341/6812/6812
f 3339/6813/6813 3341/6812/6812 3371/6923/6923
f 3371/6923/6923 3341/6812/6812 3373/6924/6924
f 3371/6923/6923 3373/6924/6924 3404/6876/6876
f 3404/6876/6876 3373/6924/6924 3406/6875/6875
f 3404/6876/6876 3406/6875/6875 3436/7127/7127
f 3436/7127/7127 3406/6875/6875 3438/7126/7126
f 3436/7127/7127 3438/7126/7126 3468/6985/6985
f 3468/6985/6985 3438/7126/7126 3470/6986/6986
f 3468/6985/6985 3470/6986/6986 3501/6939/6939
f 3265/7106/7106 3233/6788/6788 3235/6787/6787
f 3235/6787/6787 3236/6786/6786 3267/7107/7107
f 3267/7107/7107 3236/6786/6786 3268/7108/7108
f 3267/7107/7107 3268/7108/7108 3299/6855/6855
f 3299/6855/6855 3268/7108/7108 3300/6856/6856
f 3299/6855/6855 3300/6856/6856 3332/6817/6817
f 3332/6817/6817 3300/6856/6856 3333/6816/6816
f 3332/6817/6817 3333/6816/6816 3364/6919/6919
f 3364/6919/6919 3333/6816/6816 3365/6920/6920
f 3364/6919/6919 3365/6920/6920 3396/6880/6880
f 3396/6880/6880 3365/6920/6920 3397/6879/6879
f 3396/6880/6880 3397/6879/6879 3429/7131/7131
f 3429/7131/7131 3397/6879/6879 3430/7130/7130
f 3429/7131/7131 3430/7130/7130 3461/6981/6981
f 3461/6981/6981 3430/7130/7130 3462/6982/6982
f 3461/6981/6981 3462/6982/6982 3494/6943/6943
f 3494/6943/6943 3462/6982/6982 3495/6942/6942
f 3494/6943/6943 3495/6942/6942 3526/7045/7045
f 3526/7045/7045 3495/6942/6942 3527/7046/7046
f 3526/7045/7045 3527/7046/7046 3558/7006/7006
f 3558/7006/7006 3527/7046/7046 3560/7005/7005
f 3558/7006/7006 3560/7005/7005 3591/7076/7076
f 3591/7076/7076 3560/7005/7005 3592/7077/7077
f 3228/6791/6791 3229/6790/6790 3260/7103/7103
f 3260/7103/7103 3229/6790/6790 3261/7104/7104
f 3260/7103/7103 3261/7104/7104 3292/6851/6851
f 3292/6851/6851 3261/7104/7104 3293/6852/6852
f 3292/6851/6851 3293/6852/6852 3325/6821/6821
f 3325/6821/6821 3293/6852/6852 3326/6820/6820
f 3325/6821/6821 3326/6820/6820 3357/6915/6915
f 3357/6915/6915 3326/6820/6820 3358/6916/6916
f 3357/6915/6915 3358/6916/6916 3389/6884/6884
f 3389/6884/6884 3358/6916/6916 3390/6883/6883
f 3389/6884/6884 3390/6883/6883 3422/7135/7135
f 3422/7135/7135 3390/6883/6883 3423/7134/7134
f 3422/7135/7135 3423/7134/7134 3454/6977/6977
f 3454/6977/6977 3423/7134/7134 3455/6978/6978
f 3454/6977/6977 3455/6978/6978 3487/6947/6947
f 3487/6947/6947 3455/6978/6978 3488/6946/6946
f 3487/6947/6947 3488/6946/6946 3519/7041/7041
f 3519/7041/7041 3488/6946/6946 3520/7042/7042
f 3519/7041/7041 3520/7042/7042 3551/7010/7010
f 3551/7010/7010 3520/7042/7042 3552/7009/7009
f 3551/7010/7010 3552/7009/7009 3584/7072/7072
f 3584/7072/7072 3552/7009/7009 3585/7073/7073
f 3230/6792/6792 3228/6791/6791 3262/7102/7102
f 3262/7102/7102 3228/6791/6791 3260/7103/7103
f 3262/7102/7102 3260/7103/7103 3294/6850/6850
f 3294/6850/6850 3260/7103/7103 3292/6851/6851
f 3294/6850/6850 3292/6851/6851 3327/6822/6822
f 3327/6822/6822 3292/6851/6851 3325/6821/6821
f 3327/6822/6822 3325/6821/6821 3359/6914/6914
f 3359/6914/6914 3325/6821/6821 3357/6915/6915
f 3359/6914/6914 3357/6915/6915 3391/6885/6885
f 3391/6885/6885 3357/6915/6915 3389/6884/6884
f 3391/6885/6885 3389/6884/6884 3424/7136/7136
f 3424/7136/7136 3389/6884/6884 3422/7135/7135
f 3424/7136/7136 3422/7135/7135 3456/6976/6976
f 3456/6976/6976 3422/7135/7135 3454/6977/6977
f 3456/6976/6976 3454/6977/6977 3489/6948/6948
f 3489/6948/6948 3454/6977/6977 3487/6947/6947
f 3489/6948/6948 3487/6947/6947 3521/7040/7040
f 3521/7040/7040 3487/6947/6947 3519/7041/7041
f 3521/7040/7040 3519/7041/7041 3553/7011/7011
f 3553/7011/7011 3519/7041/7041 3551/7010/7010
f 3553/7011/7011 3551/7010/7010 3586/7071/7071
f 3586/7071/7071 3551/7010/7010 3584/7072/7072
f 3269/7099/7099 3237/6795/6795 3234/6794/6794
f 3269/7099/7099 3234/6794/6794 3266/7100/7100
f 3266/7100/7100 3234/6794/6794 3232/6793/6793
f 3243/6798/6798 3241/6797/6797 3275/7096/7096
f 3275/7096/7096 3241/6797/6797 3273/7097/7097
f 3275/7096/7096 3273/7097/7097 3307/6844/6844
f 3307/6844/6844 3273/7097/7097 3305/6845/6845
f 3307/6844/6844 3305/6845/6845 3340/6828/6828
f 3340/6828/6828 3305/6845/6845 3338/6827/6827
f 3340/6828/6828 3338/6827/6827 3372/6908/6908
f 3372/6908/6908 3338/6827/6827 3370/6909/6909
f 3372/6908/6908 3370/6909/6909 3405/6891/6891
f 3279/7094/7094 3247/6800/6800 3245/6799/6799
f 3245/6799/6799 3243/6798/6798 3277/7095/7095
f 3277/7095/7095 3243/6798/6798 3275/7096/7096
f 3277/7095/7095 3275/7096/7096 3309/6843/6843
f 3309/6843/6843 3275/7096/7096 3307/6844/6844
f 3309/6843/6843 3307/6844/6844 3342/6829/6829
f 3342/6829/6829 3307/6844/6844 3340/6828/6828
f 3342/6829/6829 3340/6828/6828 3374/6907/6907
f 3374/6907/6907 3340/6828/6828 3372/6908/6908
f 3374/6907/6907 3372/6908/6908 3407/6892/6892
f 3407/6892/6892 3372/6908/6908 3405/6891/6891
f 3407/6892/6892 3405/6891/6891 3439/7143/7143
f 3286/7090/7090 3254/6804/6804 3252/6803/6803
f 3252/6803/6803 3251/6802/6802 3284/7091/7091
f 3284/7091/7091 3251/6802/6802 3283/7092/7092
f 3284/7091/7091 3283/7092/7092 3316/6839/6839
f 3316/6839/6839 3283/7092/7092 3315/6840/6840
f 3316/6839/6839 3315/6840/6840 3349/6833/6833
f 3349/6833/6833 3315/6840/6840 3348/6832/6832
f 3349/6833/6833 3348/6832/6832 3381/6903/6903
f 3381/6903/6903 3348/6832/6832 3380/6904/6904
f 3381/6903/6903 3380/6904/6904 3414/6896/6896
f 3414/6896/6896 3380/6904/6904 3413/6895/6895
f 3414/6896/6896 3413/6895/6895 3446/7147/7147
f 3446/7147/7147 3413/6895/6895 3445/7146/7146
f 3446/7147/7147 3445/7146/7146 3478/6965/6965
f 3478/6965/6965 3445/7146/7146 3477/6966/6966
f 3478/6965/6965 3477/6966/6966 3511/6959/6959
f 3511/6959/6959 3477/6966/6966 3510/6958/6958
f 3511/6959/6959 3510/6958/6958 3543/7029/7029
f 3543/7029/7029 3510/6958/6958 3542/7030/7030
f 3543/7029/7029 3542/7030/7030 3576/7022/7022
f 3321/6866/6866 3324/6867/6867 3354/6806/6806
f 3354/6806/6806 3324/6867/6867 3356/6769/6769
f 3354/6806/6806 3352/6807/6807 3321/6866/6866
f 3350/6808/6808 3347/6809/6809 3317/6864/6864
f 3317/6864/6864 3347/6809/6809 3314/6863/6863
f 3317/6864/6864 3314/6863/6863 3285/7116/7116
f 3285/7116/7116 3314/6863/6863 3282/7115/7115
f 3285/7116/7116 3282/7115/7115 3253/6778/6778
f 3347/6809/6809 3350/6808/6808 3379/6927/6927
f 3339/6813/6813 3337/6814/6814 3306/6859/6859
f 3306/6859/6859 3337/6814/6814 3304/6858/6858
f 3306/6859/6859 3304/6858/6858 3274/7111/7111
f 3274/7111/7111 3304/6858/6858 3272/7110/7110
f 3274/7111/7111 3272/7110/7110 3242/6783/6783
f 3337/6814/6814 3339/6813/6813 3369/6922/6922
f 3369/6922/6922 3339/6813/6813 3371/6923/6923
f 3369/6922/6922 3371/6923/6923 3402/6877/6877
f 3402/6877/6877 3371/6923/6923 3404/6876/6876
f 3402/6877/6877 3404/6876/6876 3434/7128/7128
f 3434/7128/7128 3404/6876/6876 3436/7127/7127
f 3434/7128/7128 3436/7127/7127 3466/6984/6984
f 3466/6984/6984 3436/7127/7127 3468/6985/6985
f 3466/6984/6984 3468/6985/6985 3499/6940/6940
f 3499/6940/6940 3468/6985/6985 3501/6939/6939
f 3499/6940/6940 3501/6939/6939 3531/7048/7048
f 3332/6817/6817 3330/6818/6818 3299/6855/6855
f 3299/6855/6855 3330/6818/6818 3297/6854/6854
f 3299/6855/6855 3297/6854/6854 3267/7107/7107
f 3267/7107/7107 3297/6854/6854 3265/7106/7106
f 3267/7107/7107 3265/7106/7106 3235/6787/6787
f 3330/6818/6818 3332/6817/6817 3362/6918/6918
f 3362/6918/6918 3332/6817/6817 3364/6919/6919
f 3362/6918/6918 3364/6919/6919 3394/6881/6881
f 3394/6881/6881 3364/6919/6919 3396/6880/6880
f 3394/6881/6881 3396/6880/6880 3427/7132/7132
f 3427/7132/7132 3396/6880/6880 3429/7131/7131
f 3427/7132/7132 3429/7131/7131 3459/6980/6980
f 3459/6980/6980 3429/7131/7131 3461/6981/6981
f 3459/6980/6980 3461/6981/6981 3492/6944/6944
f 3492/6944/6944 3461/6981/6981 3494/6943/6943
f 3492/6944/6944 3494/6943/6943 3524/7044/7044
f 3524/7044/7044 3494/6943/6943 3526/7045/7045
f 3524/7044/7044 3526/7045/7045 3556/7007/7007
f 3556/7007/7007 3526/7045/7045 3558/7006/7006
f 3556/7007/7007 3558/7006/7006 3589/7075/7075
f 3589/7075/7075 3558/7006/7006 3591/7076/7076
f 3327/6822/6822 3329/6823/6823 3294/6850/6850
f 3294/6850/6850 3329/6823/6823 3296/6849/6849
f 3294/6850/6850 3296/6849/6849 3262/7102/7102
f 3262/7102/7102 3296/6849/6849 3264/7101/7101
f 3262/7102/7102 3264/7101/7101 3230/6792/6792
f 3329/6823/6823 3327/6822/6822 3361/6913/6913
f 3361/6913/6913 3327/6822/6822 3359/6914/6914
f 3361/6913/6913 3359/6914/6914 3393/6886/6886
f 3393/6886/6886 3359/6914/6914 3391/6885/6885
f 3393/6886/6886 3391/6885/6885 3426/7137/7137
f 3426/7137/7137 3391/6885/6885 3424/7136/7136
f 3426/7137/7137 3424/7136/7136 3458/6975/6975
f 3458/6975/6975 3424/7136/7136 3456/6976/6976
f 3458/6975/6975 3456/6976/6976 3491/6949/6949
f 3491/6949/6949 3456/6976/6976 3489/6948/6948
f 3491/6949/6949 3489/6948/6948 3523/7039/7039
f 3523/7039/7039 3489/6948/6948 3521/7040/7040
f 3523/7039/7039 3521/7040/7040 3555/7012/7012
f 3555/7012/7012 3521/7040/7040 3553/7011/7011
f 3555/7012/7012 3553/7011/7011 3588/7070/7070
f 3588/7070/7070 3553/7011/7011 3586/7071/7071
f 3342/6829/6829 3344/6830/6830 3309/6843/6843
f 3309/6843/6843 3344/6830/6830 3311/6842/6842
f 3309/6843/6843 3311/6842/6842 3277/7095/7095
f 3277/7095/7095 3311/6842/6842 3279/7094/7094
f 3277/7095/7095 3279/7094/7094 3245/6799/6799
f 3344/6830/6830 3342/6829/6829 3376/6906/6906
f 3376/6906/6906 3342/6829/6829 3374/6907/6907
f 3376/6906/6906 3374/6907/6907 3409/6893/6893
f 3409/6893/6893 3374/6907/6907 3407/6892/6892
f 3409/6893/6893 3407/6892/6892 3441/7144/7144
f 3441/7144/7144 3407/6892/6892 3439/7143/7143
f 3441/7144/7144 3439/7143/7143 3473/6968/6968
f 3349/6833/6833 3351/6834/6834 3316/6839/6839
f 3316/6839/6839 3351/6834/6834 3318/6838/6838
f 3316/6839/6839 3318/6838/6838 3284/7091/7091
f 3284/7091/7091 3318/6838/6838 3286/7090/7090
f 3284/7091/7091 3286/7090/7090 3252/6803/6803
f 3351/6834/6834 3349/6833/6833 3383/6902/6902
f 3383/6902/6902 3349/6833/6833 3381/6903/6903
f 3383/6902/6902 3381/6903/6903 3416/6897/6897
f 3416/6897/6897 3381/6903/6903 3414/6896/6896
f 3416/6897/6897 3414/6896/6896 3448/7148/7148
f 3448/7148/7148 3414/6896/6896 3446/7147/7147
f 3448/7148/7148 3446/7147/7147 3480/6964/6964
f 3480/6964/6964 3446/7147/7147 3478/6965/6965
f 3480/6964/6964 3478/6965/6965 3513/6960/6960
f 3513/6960/6960 3478/6965/6965 3511/6959/6959
f 3513/6960/6960 3511/6959/6959 3545/7028/7028
f 3545/7028/7028 3511/6959/6959 3543/7029/7029
f 3545/7028/7028 3543/7029/7029 3578/7023/7023
f 3578/7023/7023 3543/7029/7029 3576/7022/7022
f 3578/7023/7023 3576/7022/7022 3610/7059/7059
f 3266/7100/7100 3301/6847/6847 3269/7099/7099
f 3453/6771/6771 3451/7120/7120 3421/6868/6868
f 3421/6868/6868 3451/7120/7120 3419/6869/6869
f 3451/7120/7120 3449/7121/7121 3419/6869/6869
f 3419/6869/6869 3449/7121/7121 3417/6870/6870
f 3449/7121/7121 3447/7122/7122 3417/6870/6870
f 3417/6870/6870 3447/7122/7122 3415/6871/6871
f 3447/7122/7122 3444/7123/7123 3415/6871/6871
f 3415/6871/6871 3444/7123/7123 3412/6872/6872
f 3444/7123/7123 3442/7124/7124 3412/6872/6872
f 3368/6910/6910 3401/6889/6889 3403/6890/6890
f 3403/6890/6890 3401/6889/6889 3435/7141/7141
f 3403/6890/6890 3435/7141/7141 3437/7142/7142
f 3437/7142/7142 3435/7141/7141 3469/6970/6970
f 3435/7141/7141 3401/6889/6889 3433/7140/7140
f 3483/6992/6992 3485/6993/6993 3516/6932/6932
f 3516/6932/6932 3485/6993/6993 3518/6773/6773
f 3481/6991/6991 3483/6992/6992 3514/6933/6933
f 3514/6933/6933 3483/6992/6992 3516/6932/6932
f 3479/6990/6990 3481/6991/6991 3512/6934/6934
f 3512/6934/6934 3481/6991/6991 3514/6933/6933
f 3476/6989/6989 3479/6990/6990 3509/6935/6935
f 3509/6935/6935 3479/6990/6990 3512/6934/6934
f 3474/6988/6988 3476/6989/6989 3507/6936/6936
f 3507/6936/6936 3476/6989/6989 3509/6935/6935
f 3472/6987/6987 3474/6988/6988 3505/6937/6937
f 3505/6937/6937 3474/6988/6988 3507/6936/6936
f 3505/6937/6937 3503/6938/6938 3472/6987/6987
f 3498/6952/6952 3500/6953/6953 3465/6972/6972
f 3465/6972/6972 3500/6953/6953 3467/6971/6971
f 3465/6972/6972 3467/6971/6971 3433/7140/7140
f 3433/7140/7140 3467/6971/6971 3435/7141/7141
f 3500/6953/6953 3502/6954/6954 3467/6971/6971
f 3467/6971/6971 3502/6954/6954 3469/6970/6970
f 3467/6971/6971 3469/6970/6970 3435/7141/7141
f 3500/6953/6953 3498/6952/6952 3532/7035/7035
f 3532/7035/7035 3498/6952/6952 3530/7036/7036
f 3532/7035/7035 3530/7036/7036 3565/7016/7016
f 3565/7016/7016 3530/7036/7036 3563/7015/7015
f 3565/7016/7016 3563/7015/7015 3597/7066/7066
f 3597/7066/7066 3563/7015/7015 3595/7067/7067
f 3502/6954/6954 3500/6953/6953 3534/7034/7034
f 3534/7034/7034 3500/6953/6953 3532/7035/7035
f 3534/7034/7034 3532/7035/7035 3567/7017/7017
f 3567/7017/7017 3532/7035/7035 3565/7016/7016
f 3567/7017/7017 3565/7016/7016 3599/7065/7065
f 3599/7065/7065 3565/7016/7016 3597/7066/7066
f 3471/6969/6969 3504/6955/6955 3506/6956/6956
f 3506/6956/6956 3504/6955/6955 3538/7032/7032
f 3506/6956/6956 3538/7032/7032 3540/7031/7031
f 3540/7031/7031 3538/7032/7032 3573/7020/7020
f 3538/7032/7032 3504/6955/6955 3536/7033/7033
f 3611/7086/7086 3579/6996/6996 3581/6995/6995
f 3615/6775/6775 3613/7087/7087 3583/6994/6994
f 3583/6994/6994 3613/7087/7087 3581/6995/6995
f 3613/7087/7087 3611/7086/7086 3581/6995/6995
f 3574/6998/6998 3604/7083/7083 3572/6999/6999
f 3572/6999/6999 3604/7083/7083 3602/7082/7082
f 3572/6999/6999 3602/7082/7082 3570/7000/7000
f 3570/7000/7000 3602/7082/7082 3600/7081/7081
f 3568/7001/7001 3598/7080/7080 3566/7002/7002
f 3566/7002/7002 3598/7080/7080 3596/7079/7079
f 3566/7002/7002 3596/7079/7079 3564/7003/7003
f 3564/7003/7003 3596/7079/7079 3594/7078/7078
f 3538/7032/7032 3536/7033/7033 3571/7019/7019
f 3571/7019/7019 3536/7033/7033 3569/7018/7018
f 3571/7019/7019 3569/7018/7018 3603/7063/7063
f 3603/7063/7063 3569/7018/7018 3601/7064/7064
f 3605/7062/7062 3573/7020/7020 3571/7019/7019
f 3571/7019/7019 3573/7020/7020 3538/7032/7032
f 3605/7062/7062 3571/7019/7019 3603/7063/7063
f 3608/7060/7060 3575/7021/7021 3607/7061/7061
f 3596/7079/7079 3629/6730/6730 3594/7078/7078
f 3602/7082/7082 3630/6729/6729 3600/7081/7081
f 3188/7151/7151 3207/7190/7190 3186/7150/7150
f 3186/7150/7150 3207/7190/7190 3206/7191/7191
f 3186/7150/7150 3206/7191/7191 3106/7201/7201
f 3106/7201/7201 3206/7191/7191 3108/7200/7200
f 3108/7200/7200 3206/7191/7191 3208/7192/7192
f 3108/7200/7200 3208/7192/7192 3110/7199/7199
f 3110/7199/7199 3208/7192/7192 3210/7193/7193
f 3110/7199/7199 3210/7193/7193 3112/7198/7198
f 3112/7198/7198 3210/7193/7193 3212/7194/7194
f 3112/7198/7198 3212/7194/7194 3114/7197/7197
f 3114/7197/7197 3212/7194/7194 3214/7195/7195
f 3114/7197/7197 3214/7195/7195 3116/7196/7196
f 3116/7196/7196 3214/7195/7195 3216/7174/7174
f 3116/7196/7196 3216/7174/7174 3217/7175/7175
f 3207/7190/7190 3188/7151/7151 3209/7189/7189
f 3209/7189/7189 3188/7151/7151 3190/7152/7152
f 3209/7189/7189 3190/7152/7152 3211/7188/7188
f 3211/7188/7188 3190/7152/7152 3192/7153/7153
f 3211/7188/7188 3192/7153/7153 3213/7187/7187
f 3213/7187/7187 3192/7153/7153 3193/7154/7154
f 3213/7187/7187 3193/7154/7154 3215/7186/7186
f 3215/7186/7186 3193/7154/7154 3194/7216/7216
f 3215/7186/7186 3194/7217/7217 3219/7185/7185
f 3219/7218/7218 3194/7155/7155 3195/7156/7156
f 3219/7219/7219 3195/7156/7156 3196/7157/7157
f 3219/7220/7220 3196/7157/7157 3221/7184/7184
f 3221/7184/7184 3196/7157/7157 3198/7158/7158
f 3221/7184/7184 3198/7158/7158 3223/7183/7183
f 3223/7183/7183 3198/7158/7158 3200/7159/7159
f 3223/7183/7183 3200/7159/7159 3225/7182/7182
f 3225/7182/7182 3200/7159/7159 3202/7160/7160
f 3225/7182/7182 3202/7160/7160 3227/7181/7181
f 3227/7181/7181 3202/7160/7160 3180/7161/7161
f 3227/7181/7181 3180/7161/7161 3170/7162/7162
f 3167/7163/7163 3123/7210/7210 3170/7162/7162
f 3170/7162/7162 3123/7210/7210 3125/7211/7211
f 3170/7162/7162 3125/7211/7211 3227/7181/7181
f 3227/7181/7181 3125/7211/7211 3226/7180/7180
f 3226/7180/7180 3125/7211/7211 3124/7212/7212
f 3226/7180/7180 3124/7212/7212 3224/7179/7179
f 3224/7179/7179 3124/7212/7212 3122/7213/7213
f 3224/7179/7179 3122/7213/7213 3222/7178/7178
f 3222/7178/7178 3122/7213/7213 3120/7214/7214
f 3222/7178/7178 3120/7214/7214 3220/7177/7177
f 3220/7177/7177 3120/7214/7214 3118/7215/7215
f 3220/7177/7177 3118/7215/7215 3218/7176/7176
f 3218/7176/7176 3118/7215/7215 3116/7196/7196
f 3218/7176/7176 3116/7196/7196 3217/7175/7175
f 3123/7210/7210 3167/7163/7163 3121/7209/7209
f 3121/7209/7209 3167/7163/7163 3165/7164/7164
f 3121/7209/7209 3165/7164/7164 3119/7208/7208
f 3119/7208/7208 3165/7164/7164 3163/7165/7165
f 3119/7208/7208 3163/7165/7165 3117/7207/7207
f 3117/7207/7207 3163/7165/7165 3162/7166/7166
f 3117/7207/7207 3162/7166/7166 3115/7206/7206
f 3115/7206/7206 3162/7166/7166 3161/7221/7221
f 3115/7222/7222 3161/7167/7167 3160/7168/7168
f 3115/7223/7223 3160/7168/7168 3113/7205/7205
f 3113/7205/7205 3160/7168/7168 3159/7169/7169
f 3113/7205/7205 3159/7169/7169 3111/7204/7204
f 3111/7204/7204 3159/7169/7169 3157/7170/7170
f 3111/7204/7204 3157/7170/7170 3109/7203/7203
f 3109/7203/7203 3157/7170/7170 3155/7171/7171
f 3109/7203/7203 3155/7171/7171 3107/7202/7202
f 3107/7202/7202 3155/7171/7171 3153/7172/7172
f 3107/7202/7202 3153/7172/7172 3106/7201/7201
f 3106/7201/7201 3153/7172/7172 3178/7173/7173
f 3106/7201/7201 3178/7173/7173 3186/7150/7150
# 3642 vertices
# 7223 texture params
# 7223 normals
# 7244 facets

# 30 groups
